pair_id,origin,colony_own,colony_label,amost,side,hamuli,nerv01,nerv02,nerv03,nerv04,nerv05
01,Chile,1,CH01,206,left,21,1.903955941,1.93485981,0.882791588,0.73246608,0.727842713
01,Chile,1,CH01,207,left,21,1.899937052,1.987858594,0.959665941,0.766095298,0.749388897
01,Chile,1,CH01,208,left,23,1.966761807,2.013888889,0.981405046,0.790721902,0.79178849
01,Chile,1,CH01,209,left,23,1.841967254,1.884825081,0.919319604,0.756275188,0.771333671
01,Chile,1,CH01,210,left,22,1.923059488,1.983559939,0.98508358,0.721854875,0.736929576
01,Chile,1,CH01,211,left,20,1.983170901,1.974971187,0.900772345,0.756211419,0.74386638
01,Chile,1,CH01,212,left,22,1.884518023,1.916389875,0.930089021,0.761359449,0.745517728
01,Chile,1,CH01,213,left,21,1.985601139,2.001855813,0.855323291,0.723856324,0.730719247
01,Chile,1,CH01,214,left,22,1.889731226,1.9573111,0.949333749,0.783338258,0.742795905
01,Chile,1,CH01,215,left,22,1.777302996,1.880662745,0.92736289,0.742276331,0.755413845
01,Chile,1,CH01,216,left,22,1.896392876,1.96428371,0.970236066,0.776847162,0.787207226
01,Chile,1,CH01,217,left,22,1.783221916,1.885784315,0.978772576,0.791331557,0.780408497
01,Chile,1,CH01,218,left,23,1.846138467,1.911539539,0.872709745,0.741626351,0.740064072
01,Chile,1,CH01,219,left,22,1.883071618,1.99741828,0.977564686,0.781149685,0.787207226
01,Chile,1,CH01,220,left,22,1.78196393,1.831662222,0.842598952,0.727809584,0.716389374
01,Chile,1,CH01,221,left,20,1.836513446,1.948915989,0.913082217,0.736635034,0.746971767
01,Chile,1,CH01,222,left,22,1.82057058,1.914917177,0.891083445,0.768075648,0.757231087
01,Chile,1,CH01,223,left,20,1.87672246,1.943563789,0.873041238,0.783338258,0.751188616
01,Chile,1,CH01,224,left,21,1.806677002,1.857492855,0.910384619,0.760281888,0.710135235
01,Chile,1,CH01,225,left,21,1.985795429,2.050034816,1.003514272,0.801624749,0.790721902
01,Chile,1,CH01,226,left,22,1.842477721,1.871241088,0.893704404,0.812025027,0.782999584
01,Chile,1,CH01,227,left,21,1.903993934,1.967350203,0.956948476,0.815136984,0.812529677
01,Chile,1,CH01,228,left,21,1.820729508,1.833359638,0.941426961,0.743444862,0.732893913
01,Chile,1,CH01,229,left,21,1.886449098,1.936404509,1.00624976,0.727014018,0.7464551
01,Chile,1,CH01,230,left,21,1.996005366,2.057244051,0.956948476,0.746390491,0.736929576
01,Chile,1,CH01,231,left,22,1.893300608,1.953562451,0.947833991,0.793157709,0.767196124
01,Chile,1,CH01,232,left,23,1.92531513,1.918477406,0.98508358,0.751317002,0.771614969
01,Chile,1,CH01,233,left,20,1.932503015,1.966639203,0.933763129,0.810955322,0.783830614
01,Chile,1,CH01,234,left,21,1.895731581,1.999445332,0.992108134,0.741496287,0.755413845
01,Chile,1,CH01,235,left,23,1.891771697,1.940298159,0.920891987,0.720216231,0.722522641
01,Chile,1,CH01,236,left,23,1.911678291,1.914274876,0.979388273,0.770050904,0.760789165
01,Chile,1,CH01,237,left,23,1.897409804,1.909772727,0.925671261,0.751317002,0.757071855
01,Chile,1,CH01,238,left,20,1.860502077,1.9429806,0.942015873,0.761517785,0.754615428
01,Chile,1,CH01,239,left,22,1.741560891,1.820769238,0.863460058,0.767604599,0.735619595
01,Chile,1,CH01,240,left,20,1.864644759,1.916981154,0.901842464,0.772832742,0.77975938
01,Chile,1,CH01,241,left,22,1.967644335,2.075192427,0.893704404,0.740747975,0.744449627
01,Chile,1,CH01,242,left,21,1.831491078,1.931154983,0.877201815,0.7464551,0.772832742
01,Chile,1,CH01,243,left,20,1.842687102,1.891261786,0.910993598,0.737616385,0.72734561
01,Chile,1,CH01,244,left,20,1.905019462,1.990961443,0.926504449,0.756466465,0.764393773
01,Chile,1,CH01,245,left,21,1.932627785,1.952809388,1.02262692,0.777405665,0.769204987
01,Chile,1,CH01,246,left,20,1.90608239,1.97164751,0.986037752,0.766913205,0.744482016
01,Chile,1,CH01,247,left,21,1.928155983,1.983195218,1.017615867,0.741496287,0.737583695
01,Chile,1,CH01,248,left,22,1.9917364,1.996971569,0.947732227,0.731675578,0.736405863
01,Chile,1,CH01,249,left,21,1.832833476,1.890726231,0.962501002,0.774453461,0.776598809
01,Chile,1,CH01,250,left,20,1.765501232,1.826758518,0.918033493,0.770050904,0.731675578
01,Chile,1,CH01,251,left,21,1.849270481,1.974104149,0.892462435,0.772302154,0.761517785
01,Chile,1,CH01,252,left,20,1.871034902,1.969383716,0.915613874,0.76303614,0.747842834
01,Chile,1,CH01,253,left,21,1.899594356,1.92950611,0.929855665,0.793066501,0.757231087
01,Chile,1,CH01,254,left,22,1.874768504,1.884825081,0.891516299,0.716994972,0.724921505
01,Chile,1,CH01,255,left,19,1.842477721,1.93485981,0.917350334,0.741496287,0.792153846
01,Chile,1,CH01,256,left,20,1.849074885,1.923899397,0.936470628,0.772832742,0.759234558
01,Chile,1,CH01,257,left,22,1.842687102,1.916981154,0.925488901,0.712169622,0.743347554
01,Chile,1,CH01,258,left,21,1.928918671,1.95416716,1.009813919,0.81608303,0.788431499
01,Chile,1,CH01,259,left,22,1.869191105,1.910681577,0.920970536,0.782013516,0.761517785
01,Chile,1,CH01,260,left,20,1.936404509,1.935059195,0.953616613,0.741496287,0.756976299
01,Chile,1,CH01,261,left,23,1.935619856,1.974971187,0.919608075,0.771333671,0.784722222
01,Chile,1,CH01,262,left,19,1.859166687,1.857921188,0.907493028,0.776412492,0.787788993
01,Chile,1,CH01,263,left,21,1.937338205,1.966062859,0.92556706,0.776847162,0.744222863
01,Chile,1,CH01,264,left,22,1.962343215,1.924225233,0.981429615,0.741886411,0.745129504
01,Chile,1,CH01,265,left,19,1.852345131,1.956337636,0.964077991,0.783338258,0.760345316
01,Chile,1,CH01,266,left,22,1.91940726,2.029513146,0.989357918,0.796464506,0.778800171
01,Chile,1,CH01,267,left,19,1.889973647,1.946873483,0.916692971,0.751445367,0.734734037
01,Chile,1,CH01,268,left,24,1.943762281,2.013290141,1.045940307,0.798460131,0.765055927
01,Chile,1,CH01,269,left,22,1.885055342,1.929668561,0.931099551,0.76240386,0.74851963
01,Chile,1,CH01,270,left,24,1.844374371,1.772793033,0.860354731,0.736635034,0.719278188
01,Chile,1,CH01,271,left,20,1.894828285,1.896647159,0.944138022,0.751445367,0.750514227
01,Chile,1,CH01,272,left,22,1.856090346,1.884108534,0.944852853,0.729992918,0.697493307
01,Chile,1,CH01,273,left,23,1.891771697,1.925728378,0.888237609,0.757231087,0.729695575
01,Chile,1,CH01,274,left,20,1.817336035,1.883225271,0.872709745,0.76240386,0.723856324
01,Chile,1,CH01,275,left,20,1.856298192,1.909772727,0.915850858,0.727809584,0.729199735
01,Chile,1,CH01,276,left,18,1.886896416,1.948024977,0.982215506,0.741886411,0.738759648
01,Chile,1,CH01,277,left,23,1.876555425,1.94761646,0.897581198,0.726814991,0.756976299
01,Chile,1,CH01,278,left,23,1.859101838,1.847235276,0.895079355,0.708809753,0.729464225
01,Chile,1,CH01,279,left,21,1.872503482,1.90041926,0.892705565,0.72318979,0.714974315
01,Chile,1,CH01,280,left,22,1.838652322,1.931154983,1.026580571,0.798460131,0.755924389
01,Chile,1,CH01,281,left,20,1.802882637,1.926066423,0.910384619,0.76303614,0.747713851
01,Chile,1,CH01,282,left,20,1.901573524,1.94475444,0.932212455,0.752599661,0.758090366
01,Chile,1,CH01,283,left,19,1.809570856,1.863299398,0.900772345,0.761264431,0.764677623
01,Chile,1,CH01,284,left,21,1.954956703,2.01443958,1.030448856,0.772208483,0.757231087
01,Chile,1,CH01,285,left,21,1.891147037,1.930817828,0.913821342,0.708809753,0.711254868
01,Chile,1,CH01,286,left,21,1.807957804,1.926066423,0.891597436,0.774328911,0.7464551
01,Chile,1,CH01,287,left,20,1.890624203,1.982283121,1.01612197,0.741496287,0.755413845
01,Chile,1,CH01,288,left,21,1.822833993,1.957101662,0.933763129,0.761264431,0.760345316
01,Chile,1,CH01,289,left,20,1.905184002,1.842490808,0.919608075,0.751445367,0.747713851
01,Chile,1,CH01,290,left,19,1.865834078,1.914766067,0.950653609,0.712169622,0.757071855
01,Chile,1,CH01,291,left,22,1.770288587,1.861745849,0.863460058,0.731675578,0.722522641
01,Chile,1,CH01,292,left,20,1.850886612,1.986220374,0.957150034,0.768295371,0.758503746
01,Chile,1,CH01,293,left,21,1.87672246,1.930667962,0.893272611,0.725586449,0.751156516
01,Chile,1,CH01,294,left,20,1.876414076,1.887062536,0.935130751,0.737158584,0.720952409
01,Chile,1,CH01,295,left,23,1.887062536,1.971757574,0.976602237,0.770958448,0.756275188
01,Chile,1,CH01,296,left,22,1.959379646,1.935059195,0.932212455,0.772832742,0.754615428
01,Chile,1,CH01,297,left,22,1.916830206,1.961888518,0.885654924,0.75170203,0.744643941
01,Chile,1,CH01,298,left,21,1.870583791,1.933750354,0.882791588,0.702213487,0.75012859
01,Chile,1,CH01,299,left,25,1.891567749,1.896863273,0.888997389,0.716994972,0.736242127
01,Chile,1,CH01,300,left,21,1.940285731,1.986548126,0.900638491,0.731807388,0.734734037
01,Chile,1,CH01,301,left,23,1.881342155,1.952624164,0.897554333,0.766032346,0.766441442
01,Chile,1,CH01,302,left,21,1.825953159,1.861745849,0.910040233,0.742795905,0.722822934
01,Chile,1,CH01,303,left,22,1.871666275,1.947232624,0.92556706,0.741496287,0.736635034
01,Chile,1,CH01,304,left,20,1.840172953,1.909734848,0.953844155,0.742795905,0.764393773
01,Chile,1,CH01,305,left,23,1.843890584,1.891758951,0.938528243,0.732070936,0.736569564
01,Chile,1,CH01,206,right,21,1.85293082,1.910984431,0.847478331,0.727842713,0.739379536
01,Chile,1,CH01,207,right,24,1.8812268,1.938346092,0.922775311,0.733945977,0.77395514
01,Chile,1,CH01,208,right,22,1.898896081,2.013900862,0.956545232,0.79096582,0.777808779
01,Chile,1,CH01,209,right,21,1.837287928,1.895884208,0.895079355,0.75932983,0.772364595
01,Chile,1,CH01,210,right,23,1.926504543,1.951005795,0.959866929,0.699219693,0.722822934
01,Chile,1,CH01,211,right,21,1.930830316,1.941528071,0.843685697,0.715311488,0.734734037
01,Chile,1,CH01,212,right,22,1.887586356,1.880662745,0.878328106,0.740747975,0.759520337
01,Chile,1,CH01,213,right,23,1.959724191,1.940323013,0.878410461,0.693471541,0.724921505
01,Chile,1,CH01,214,right,20,1.911350316,1.964836032,0.912976579,0.716490342,0.741626351
01,Chile,1,CH01,215,right,21,1.79248743,1.857921188,0.911311165,0.738890194,0.772957534
01,Chile,1,CH01,216,right,20,1.886027244,1.933363765,0.893758364,0.782629954,0.792153846
01,Chile,1,CH01,217,right,22,1.836710379,1.892689192,0.955334479,0.758980442,0.782999584
01,Chile,1,CH01,218,right,22,1.817535046,1.862276791,0.867027169,0.6986332,0.722822934
01,Chile,1,CH01,219,right,20,1.950437194,1.984033976,1.006369568,0.747326769,0.783830614
01,Chile,1,CH01,220,right,24,1.77310584,1.79604869,0.810866116,0.691835377,0.723056409
01,Chile,1,CH01,221,right,20,1.87147302,1.910340809,0.918794878,0.722355757,0.7740486
01,Chile,1,CH01,222,right,23,1.882187869,1.889208,0.884892274,0.746971767,0.772832742
01,Chile,1,CH01,223,right,21,1.865006806,1.944556048,0.869415601,0.741886411,0.750803325
01,Chile,1,CH01,224,right,22,1.80749095,1.848057455,0.85987815,0.705091985,0.723856324
01,Chile,1,CH01,225,right,23,1.971060397,1.99741828,0.957678923,0.784230426,0.771114813
01,Chile,1,CH01,226,right,21,1.801196662,1.85099083,0.924628721,0.749292362,0.776940273
01,Chile,1,CH01,227,right,22,1.919130864,1.9429806,0.967249186,0.793643973,0.816289832
01,Chile,1,CH01,228,right,22,1.8374979,1.824737847,0.880740648,0.723623107,0.730356173
01,Chile,1,CH01,229,right,21,1.907233226,1.880136996,0.966875177,0.703174295,0.736143867
01,Chile,1,CH01,230,right,21,1.99073132,2.034058481,0.907174124,0.727842713,0.723856324
01,Chile,1,CH01,231,right,21,1.886858079,1.923661251,0.922801441,0.786655681,0.777808779
01,Chile,1,CH01,232,right,22,1.895464453,1.899505499,1.008762726,0.750514227,0.740064072
01,Chile,1,CH01,233,right,19,1.935308398,1.958345646,0.932858882,0.794979666,0.770864614
01,Chile,1,CH01,234,right,21,1.868558895,1.930568046,0.930270479,0.734438614,0.74386638
01,Chile,1,CH01,235,right,21,1.869694139,1.931005143,0.879562619,0.751445367,0.736405863
01,Chile,1,CH01,236,right,23,1.96134766,1.921202865,0.938014262,0.787880811,0.774609121
01,Chile,1,CH01,237,right,22,1.92441319,1.937811106,0.920027509,0.766032346,0.743185347
01,Chile,1,CH01,238,right,21,1.87120243,1.926817424,0.868721966,0.746164317,0.753880138
01,Chile,1,CH01,239,right,20,1.686370793,1.764995825,0.870828903,0.708197155,0.708469486
01,Chile,1,CH01,240,right,21,1.871305517,1.917119512,0.901173789,0.771083543,0.771614969
01,Chile,1,CH01,241,right,22,1.905323216,1.986305352,0.902777778,0.752599661,0.757453957
01,Chile,1,CH01,242,right,20,1.889756745,1.855219738,0.863571753,0.727809584,0.736635034
01,Chile,1,CH01,243,right,21,1.819020307,1.869345899,0.931694991,0.732070936,0.752054798
01,Chile,1,CH01,244,right,18,1.865006806,1.916716988,0.935543225,0.75208686,0.752599661
01,Chile,1,CH01,245,right,23,1.903195919,1.939005289,0.938553934,0.740324681,0.757453957
01,Chile,1,CH01,246,right,20,1.913506352,1.97917885,0.948368075,0.776101865,0.763888889
01,Chile,1,CH01,247,right,20,1.953759928,1.988489252,0.991403054,0.756785151,0.743574585
01,Chile,1,CH01,248,right,23,1.94108092,1.972271126,0.928921658,0.737616385,0.77975938
01,Chile,1,CH01,249,right,23,1.832399278,1.848801017,0.884892274,0.752823902,0.750514227
01,Chile,1,CH01,250,right,24,1.74465951,1.812712844,0.884892274,0.732103873,0.743088006
01,Chile,1,CH01,251,right,21,1.820729508,1.910984431,0.876871895,0.766095298,0.763888889
01,Chile,1,CH01,252,right,21,1.896494594,1.932066255,0.891326952,0.785674201,0.763162533
01,Chile,1,CH01,253,right,22,1.945436255,1.917685418,0.902777778,0.775915429,0.772832742
01,Chile,1,CH01,254,right,24,1.815251743,1.834924078,0.891759687,0.720918963,0.765055927
01,Chile,1,CH01,255,right,20,1.83081951,1.931167469,0.910596484,0.757231087,0.770050904
01,Chile,1,CH01,256,right,21,1.877056485,1.923611111,0.938322684,0.78573558,0.771333671
01,Chile,1,CH01,257,right,22,1.841063773,1.916981154,0.895806416,0.721219924,0.755413845
01,Chile,1,CH01,258,right,21,1.947232624,1.987579585,1.031244154,0.790721902,0.8125
01,Chile,1,CH01,259,right,22,1.814042553,1.882572159,0.934847069,0.771333671,0.778273651
01,Chile,1,CH01,260,right,20,1.89211581,1.902891825,0.923402232,0.729992918,0.765055927
01,Chile,1,CH01,261,right,22,1.951104665,1.960745166,0.892165186,0.743088006,0.776101865
01,Chile,1,CH01,262,right,20,1.881483133,1.868687935,0.896801802,0.73820457,0.757453957
01,Chile,1,CH01,263,right,20,1.892689192,1.918904692,0.897742367,0.725586449,0.74851963
01,Chile,1,CH01,264,right,22,1.906879197,1.903233927,0.951059351,0.720216231,0.729695575
01,Chile,1,CH01,265,right,20,1.888595259,1.954956703,0.956343546,0.748616265,0.771927402
01,Chile,1,CH01,266,right,24,1.921805209,1.97994624,0.963577639,0.753240172,0.788431499
01,Chile,1,CH01,267,right,20,1.883890957,1.930867781,0.922801441,0.738890194,0.74386638
01,Chile,1,CH01,268,right,22,1.968305971,1.989616662,1.043285779,0.776567759,0.816289832
01,Chile,1,CH01,269,right,25,1.911274622,1.91185487,0.918269852,0.746164317,0.745679428
01,Chile,1,CH01,270,right,24,1.824737847,1.781246616,0.851310718,0.726649093,0.729199735
01,Chile,1,CH01,271,right,21,1.865924538,1.903398621,0.966101767,0.727809584,0.75012859
01,Chile,1,CH01,272,right,21,1.832622968,1.849426942,0.905444779,0.731807388,0.715581112
01,Chile,1,CH01,273,right,26,1.83450352,1.896291154,0.890839873,0.756211419,0.729992918
01,Chile,1,CH01,274,right,23,1.816260998,1.883225271,0.860466829,0.747423558,0.745129504
01,Chile,1,CH01,275,right,19,1.897155624,1.931167469,0.907625871,0.701698227,0.740813075
01,Chile,1,CH01,276,right,20,1.901332582,1.938296332,0.954425406,0.739770777,0.750514227
01,Chile,1,CH01,277,right,20,1.886295708,1.944890822,0.886280896,0.728405688,0.752599661
01,Chile,1,CH01,278,right,23,1.856298192,1.868068463,0.876871895,0.71810391,0.730356173
01,Chile,1,CH01,279,right,21,1.847274435,1.869100802,0.862286384,0.72734561,
01,Chile,1,CH01,280,right,24,1.800540578,1.903233927,0.972247023,0.751605791,0.78521371
01,Chile,1,CH01,281,right,22,1.832399278,1.90404459,0.946815855,0.73820457,0.760123294
01,Chile,1,CH01,282,right,20,1.86662223,1.889922613,0.91719261,0.751605791,0.762308972
01,Chile,1,CH01,283,right,19,1.746082476,1.826864112,0.902777778,0.720216231,0.781520015
01,Chile,1,CH01,284,right,23,1.968305971,1.98816182,1.026744977,0.737583695,0.76703896
01,Chile,1,CH01,285,right,23,1.890624203,1.923611111,0.889783621,0.732070936,0.744643941
01,Chile,1,CH01,286,right,20,1.827866956,1.872233041,0.901735509,0.76303614,0.77395514
01,Chile,1,CH01,287,right,21,1.89211581,1.937512445,0.997150647,0.75170203,0.756976299
01,Chile,1,CH01,288,right,20,1.860955632,1.890726231,0.932652074,0.777808779,0.7927624
01,Chile,1,CH01,289,right,21,1.845459163,1.868068463,0.882928148,0.741886411,0.743185347
01,Chile,1,CH01,290,right,20,1.832399278,1.889922613,0.944469975,0.735357318,0.757199244
01,Chile,1,CH01,291,right,22,1.769634671,1.855466669,0.8253378,0.707140881,0.722756213
01,Chile,1,CH01,292,right,22,1.869036298,1.968036442,0.967249186,0.75003215,0.757231087
01,Chile,1,CH01,293,right,23,1.870222824,1.882981981,0.89000039,0.730983187,0.745129504
01,Chile,1,CH01,294,right,21,1.843785964,1.896647159,0.880412055,0.730983187,0.729464225
01,Chile,1,CH01,295,right,23,1.90771359,1.926429444,0.899593744,0.752823902,0.743088006
01,Chile,1,CH01,296,right,22,1.938594872,1.917924306,0.92538468,0.761137723,0.758980442
01,Chile,1,CH01,297,right,21,1.880085695,1.923811662,0.86136309,0.756466465,0.757453957
01,Chile,1,CH01,298,right,21,1.882764274,1.891758951,0.863487983,0.704168036,0.744449627
01,Chile,1,CH01,299,right,23,1.876285568,1.883225271,0.867416431,0.726814991,0.709999402
01,Chile,1,CH01,300,right,21,1.957113982,1.986414604,0.9078915,0.733354377,0.772832742
01,Chile,1,CH01,301,right,24,1.863105275,1.93754978,0.86136309,0.748004031,0.784752949
01,Chile,1,CH01,302,right,22,1.822278327,1.881995694,0.932212455,0.736569564,0.719345231
01,Chile,1,CH01,303,right,18,1.826072005,1.903765964,0.900129663,0.722522641,0.736569564
01,Chile,1,CH01,304,right,20,1.835817446,1.862678134,0.932652074,0.745129504,0.767196124
01,Chile,1,CH01,305,right,24,1.826930106,1.875475763,0.903445266,0.709727658,0.733157071
01,Ribeirao_Preto,1,RP01,81,left,22,1.76402,1.91023,0.88086,0.80161,0.7446
01,Ribeirao_Preto,1,RP01,82,left,20,1.93218,1.97639,0.85209,0.784,0.72912
01,Ribeirao_Preto,1,RP01,83,left,20,1.85404,1.92849,0.92649,0.72034,0.71836
01,Ribeirao_Preto,1,RP01,84,left,22,1.72535,1.83447,0.93789,0.7153,0.71752
01,Ribeirao_Preto,1,RP01,85,left,22,1.77473,1.91074,0.8852,0.72034,
01,Ribeirao_Preto,1,RP01,86,left,21,1.83552,1.92437,0.95117,0.72809,0.7193
01,Ribeirao_Preto,1,RP01,87,left,21,1.81193,1.94193,0.92464,0.74031,0.7261
01,Ribeirao_Preto,1,RP01,88,left,21,1.80452,1.87641,0.92336,0.75747,0.73153
01,Ribeirao_Preto,1,RP01,89,left,22,1.92553,2.04819,0.9806,0.78985,0.75053
01,Ribeirao_Preto,1,RP01,90,left,25,1.78883,1.90319,0.86244,0.784,0.76482
01,Ribeirao_Preto,1,RP01,91,left,24,1.87288,1.90416,0.89665,0.75896,0.74317
01,Ribeirao_Preto,1,RP01,92,left,23,1.83966,1.93934,0.95867,0.75156,0.75466
01,Ribeirao_Preto,1,RP01,93,left,19,1.8106,1.91023,0.9215,0.78646,0.73393
01,Ribeirao_Preto,1,RP01,94,left,21,1.89768,1.94531,0.96346,0.78483,0.76001
01,Ribeirao_Preto,1,RP01,95,left,20,1.71165,1.83788,0.78421,0.69349,0.69755
01,Ribeirao_Preto,1,RP01,96,left,24,1.79225,1.87174,0.90811,0.77658,0.75543
01,Ribeirao_Preto,1,RP01,97,left,21,1.81411,1.86493,0.83033,0.80745,0.76859
01,Ribeirao_Preto,1,RP01,98,left,21,1.94541,1.95027,0.88332,0.74592,0.72467
01,Ribeirao_Preto,1,RP01,99,left,23,1.8615,1.89712,0.93673,0.77041,0.74615
01,Ribeirao_Preto,1,RP01,100,left,20,1.84413,1.93093,0.87161,0.74876,0.71611
01,Ribeirao_Preto,1,RP01,101,left,22,1.85211,1.92916,0.95593,0.81441,0.78102
01,Ribeirao_Preto,1,RP01,102,left,20,1.79559,1.90761,0.86275,0.77147,0.74302
01,Ribeirao_Preto,1,RP01,103,left,21,1.92238,2.00541,1.00787,0.84248,0.79307
01,Ribeirao_Preto,1,RP01,104,left,18,1.87529,2.00342,0.891,0.76403,0.74784
01,Ribeirao_Preto,1,RP01,105,left,21,1.93581,2.0108,1.00026,0.85159,0.80164
01,Ribeirao_Preto,1,RP01,106,left,21,1.81827,1.96327,0.89003,0.79689,0.76599
01,Ribeirao_Preto,1,RP01,107,left,21,1.90632,1.97431,0.92822,0.7546,0.73875
01,Ribeirao_Preto,1,RP01,108,left,22,1.86621,1.9915,0.91911,0.77285,0.73599
01,Ribeirao_Preto,1,RP01,109,left,21,1.9351,1.93802,0.98764,0.78425,0.72394
01,Ribeirao_Preto,1,RP01,110,left,23,1.84073,1.93661,0.91452,0.7546,0.72581
01,Ribeirao_Preto,1,RP01,111,left,23,1.8457,1.90492,0.90927,0.74264,0.72581
01,Ribeirao_Preto,1,RP01,112,left,20,1.9944,2.01083,0.96508,0.75544,0.73958
01,Ribeirao_Preto,1,RP01,113,left,23,1.88719,1.93783,0.94207,0.81065,0.78972
01,Ribeirao_Preto,1,RP01,114,left,23,1.89949,1.92822,0.96434,0.77631,0.75436
01,Ribeirao_Preto,1,RP01,115,left,19,1.82186,1.92694,0.91438,0.77654,0.73775
01,Ribeirao_Preto,1,RP01,116,left,24,1.92483,1.99542,0.98764,0.79413,0.75416
01,Ribeirao_Preto,1,RP01,117,left,21,1.92128,2.02259,0.94859,0.77841,0.78843
01,Ribeirao_Preto,1,RP01,118,left,21,1.8901,1.91561,0.96909,0.77051,0.76719
01,Ribeirao_Preto,1,RP01,119,left,22,1.90978,1.99266,0.95542,0.82199,0.77906
01,Ribeirao_Preto,1,RP01,120,left,21,1.80018,1.90057,0.93946,0.7371,0.746
01,Ribeirao_Preto,1,RP01,121,left,21,1.87472,1.9439,0.99579,0.84011,0.78817
01,Ribeirao_Preto,1,RP01,122,left,22,1.90701,1.96946,0.98197,0.80949,0.77778
01,Ribeirao_Preto,1,RP01,123,left,22,1.87547,1.96904,0.92503,0.76786,0.76802
01,Ribeirao_Preto,1,RP01,124,left,25,1.91132,2.02531,1.00138,0.84679,0.80468
01,Ribeirao_Preto,1,RP01,125,left,21,1.84687,1.94098,0.96201,0.79829,0.75311
01,Ribeirao_Preto,1,RP01,126,left,22,1.83016,1.90442,0.95103,0.77542,0.75887
01,Ribeirao_Preto,1,RP01,127,left,23,1.86028,1.97333,0.93873,0.79717,0.7474
01,Ribeirao_Preto,1,RP01,128,left,22,1.81473,1.92694,0.88368,0.75544,0.76052
01,Ribeirao_Preto,1,RP01,129,left,22,1.87856,1.91848,0.96021,0.77654,0.72482
01,Ribeirao_Preto,1,RP01,130,left,20,1.78235,1.87657,0.88174,0.7546,0.73958
01,Ribeirao_Preto,1,RP01,131,left,20,1.82263,1.89988,0.9242,0.81109,0.75921
01,Ribeirao_Preto,1,RP01,132,left,24,1.98636,2.01774,0.98865,0.78298,0.73512
01,Ribeirao_Preto,1,RP01,133,left,23,1.92548,1.96042,0.89878,0.77512,0.74065
01,Ribeirao_Preto,1,RP01,134,left,22,1.81705,1.93466,0.90747,0.76639,0.75158
01,Ribeirao_Preto,1,RP01,135,left,20,1.80527,1.88062,0.94177,0.76048,0.74754
01,Ribeirao_Preto,1,RP01,136,left,22,1.95172,1.99445,0.95352,0.80974,0.78558
01,Ribeirao_Preto,1,RP01,137,left,23,1.97596,1.96905,0.93274,0.76279,0.74123
01,Ribeirao_Preto,1,RP01,138,left,21,1.96902,1.99129,0.90345,0.75121,0.75756
01,Ribeirao_Preto,1,RP01,139,left,19,1.7574,1.79382,0.80914,0.68262,
01,Ribeirao_Preto,1,RP01,140,left,20,1.84144,1.93102,0.93764,0.79848,0.77067
01,Ribeirao_Preto,1,RP01,141,left,20,1.79786,1.89635,0.91622,0.78739,0.73875
01,Ribeirao_Preto,1,RP01,142,left,22,1.82969,1.8946,0.91263,0.82115,0.74511
01,Ribeirao_Preto,1,RP01,143,left,22,1.8864,1.99132,0.9393,0.77883,0.76543
01,Ribeirao_Preto,1,RP01,144,left,22,1.84073,1.91703,0.98764,0.79848,0.73862
01,Ribeirao_Preto,1,RP01,145,left,22,1.90454,1.98728,0.98197,0.79717,0.75648
01,Ribeirao_Preto,1,RP01,146,left,21,1.86691,1.88079,0.90994,0.75699,0.73658
01,Ribeirao_Preto,1,RP01,147,left,22,1.84702,1.99573,0.94803,0.74713,0.73332
01,Ribeirao_Preto,1,RP01,148,left,20,1.78756,1.88534,0.91897,0.73126,0.7271
01,Ribeirao_Preto,1,RP01,149,left,20,1.84884,1.93826,0.98692,0.78623,0.77067
01,Ribeirao_Preto,1,RP01,150,left,19,1.94549,1.95102,1.00959,0.77117,0.75355
01,Ribeirao_Preto,1,RP01,151,left,22,1.94134,1.95443,1.00483,0.75121,0.73658
01,Ribeirao_Preto,1,RP01,152,left,23,1.83239,1.89933,0.93252,0.78639,0.73862
01,Ribeirao_Preto,1,RP01,153,left,20,1.9165,1.98184,0.95336,0.78037,0.73512
01,Ribeirao_Preto,1,RP01,154,left,23,1.92408,2.00674,0.97392,0.82542,0.78856
01,Ribeirao_Preto,1,RP01,155,left,24,1.86172,1.97419,0.90429,0.78024,0.7474
01,Ribeirao_Preto,1,RP01,156,left,23,1.85099,1.91017,0.93968,0.73401,0.73252
01,Ribeirao_Preto,1,RP01,157,left,24,1.82353,1.95933,0.93495,0.77857,0.75338
01,Ribeirao_Preto,1,RP01,158,left,24,1.88072,1.97028,0.96648,0.74971,0.75914
01,Ribeirao_Preto,1,RP01,159,left,16,1.72245,1.79252,0.8583,0.75971,0.7226
01,Ribeirao_Preto,1,RP01,160,left,24,1.91304,1.92563,0.98031,0.77526,0.78865
01,Ribeirao_Preto,1,RP01,81,right,22,1.82838,1.86433,0.85572,0.72784,0.72185
01,Ribeirao_Preto,1,RP01,82,right,23,1.9377,1.95455,0.8205,0.74344,0.73036
01,Ribeirao_Preto,1,RP01,83,right,21,1.90274,1.91672,0.89927,0.68999,0.70153
01,Ribeirao_Preto,1,RP01,84,right,22,1.73052,1.81634,0.88022,0.68652,0.71173
01,Ribeirao_Preto,1,RP01,85,right,21,1.83599,1.84466,0.80833,0.65222,
01,Ribeirao_Preto,1,RP01,86,right,22,1.85671,1.82601,0.84551,0.69894,
01,Ribeirao_Preto,1,RP01,87,right,20,1.87629,1.88148,0.85442,0.71153,0.73273
01,Ribeirao_Preto,1,RP01,88,right,23,1.83629,1.82601,0.83023,0.71122,0.74237
01,Ribeirao_Preto,1,RP01,89,right,22,1.96011,1.97051,0.87676,0.71699,0.74665
01,Ribeirao_Preto,1,RP01,90,right,25,1.84363,1.87011,0.83162,0.7384,0.7535
01,Ribeirao_Preto,1,RP01,91,right,23,1.86268,1.82924,0.8353,0.71109,0.74101
01,Ribeirao_Preto,1,RP01,92,right,20,1.8971,1.89196,0.92298,0.71339,0.76228
01,Ribeirao_Preto,1,RP01,93,right,19,1.81335,1.84973,0.82077,0.72065,0.72999
01,Ribeirao_Preto,1,RP01,94,right,20,1.88276,1.90005,0.89715,0.72062,0.76202
01,Ribeirao_Preto,1,RP01,95,right,19,1.78478,1.80188,0.72185,0.68133,
01,Ribeirao_Preto,1,RP01,96,right,25,1.8266,1.85099,0.84551,0.70983,0.749
01,Ribeirao_Preto,1,RP01,97,right,22,1.88194,1.86733,0.81024,0.72532,0.7412
01,Ribeirao_Preto,1,RP01,98,right,21,1.91668,1.91633,0.82519,0.68641,0.73454
01,Ribeirao_Preto,1,RP01,99,right,23,1.90323,1.8591,0.91004,0.72532,0.74797
01,Ribeirao_Preto,1,RP01,100,right,22,1.86485,1.89359,0.81096,0.67576,0.74794
01,Ribeirao_Preto,1,RP01,101,right,20,1.85813,1.86737,0.88598,0.76304,0.76704
01,Ribeirao_Preto,1,RP01,102,right,20,1.78148,1.83671,0.80833,0.67221,0.73273
01,Ribeirao_Preto,1,RP01,103,right,21,1.91341,1.95557,0.90013,0.76534,0.80499
01,Ribeirao_Preto,1,RP01,104,right,21,1.88411,1.92941,0.87605,0.69946,0.73289
01,Ribeirao_Preto,1,RP01,105,right,20,1.88603,1.9195,0.93265,0.76136,0.78843
01,Ribeirao_Preto,1,RP01,106,right,22,1.84112,1.90005,0.84005,0.69894,0.77311
01,Ribeirao_Preto,1,RP01,107,right,21,1.88123,1.91133,0.85168,0.66337,
01,Ribeirao_Preto,1,RP01,108,right,21,1.9034,1.90688,0.83162,0.67729,0.72042
01,Ribeirao_Preto,1,RP01,109,right,20,1.89349,1.87094,0.88197,0.71285,0.68342
01,Ribeirao_Preto,1,RP01,110,right,22,1.84755,1.85359,0.80042,0.70833,0.74665
01,Ribeirao_Preto,1,RP01,111,right,20,1.77248,1.79383,0.85935,0.65866,0.7007
01,Ribeirao_Preto,1,RP01,112,right,20,1.92862,1.94258,0.86672,0.71339,0.74797
01,Ribeirao_Preto,1,RP01,113,right,21,1.87512,1.8783,0.8617,0.70833,0.7535
01,Ribeirao_Preto,1,RP01,114,right,22,1.86888,1.85532,0.86338,0.70153,0.71699
01,Ribeirao_Preto,1,RP01,115,right,22,1.80556,1.83193,0.85532,0.6679,0.76786
01,Ribeirao_Preto,1,RP01,116,right,23,1.86817,1.90718,0.85968,0.72442,0.7624
01,Ribeirao_Preto,1,RP01,117,right,23,1.90992,1.89451,0.82519,0.72386,0.76502
01,Ribeirao_Preto,1,RP01,118,right,23,1.81404,1.83166,0.88416,0.72781,0.73316
01,Ribeirao_Preto,1,RP01,119,right,20,1.85547,1.87706,0.82124,0.73732,0.78509
01,Ribeirao_Preto,1,RP01,120,right,20,1.80664,1.81638,0.84825,0.66696,0.74413
01,Ribeirao_Preto,1,RP01,121,right,21,1.85056,1.87232,0.90021,0.76468,0.7654
01,Ribeirao_Preto,1,RP01,122,right,22,1.90404,1.87973,0.86917,0.71743,0.76342
01,Ribeirao_Preto,1,RP01,123,right,19,1.90298,1.9176,0.85465,0.67451,0.75055
01,Ribeirao_Preto,1,RP01,124,right,23,1.91125,1.94073,0.87494,0.75631,0.7661
01,Ribeirao_Preto,1,RP01,125,right,21,1.82105,1.86314,0.84952,0.71747,0.74697
01,Ribeirao_Preto,1,RP01,126,right,24,1.83417,1.8193,0.90353,0.72386,0.73657
01,Ribeirao_Preto,1,RP01,127,right,22,1.84049,1.85146,0.81537,0.69573,0.72705
01,Ribeirao_Preto,1,RP01,128,right,23,1.80451,1.84342,0.83752,0.70687,0.72612
01,Ribeirao_Preto,1,RP01,129,right,20,1.79947,1.8429,0.88585,0.68243,0.72092
01,Ribeirao_Preto,1,RP01,130,right,20,1.76696,1.80729,0.76946,0.72292,0.745
01,Ribeirao_Preto,1,RP01,131,right,21,1.78636,1.79383,0.82077,0.7081,0.73454
01,Ribeirao_Preto,1,RP01,132,right,25,1.93023,1.92426,0.90013,0.7181,0.70441
01,Ribeirao_Preto,1,RP01,133,right,23,1.91018,1.8578,0.82006,0.69601,0.74448
01,Ribeirao_Preto,1,RP01,134,right,19,1.78959,1.86598,0.81992,0.70519,0.74124
01,Ribeirao_Preto,1,RP01,135,right,20,1.80054,1.8084,0.8376,0.69684,0.72095
01,Ribeirao_Preto,1,RP01,136,right,23,1.88759,1.87378,0.81891,0.72864,0.76986
01,Ribeirao_Preto,1,RP01,137,right,24,1.84322,1.82576,0.80042,0.68395,0.71379
01,Ribeirao_Preto,1,RP01,138,right,21,1.89832,1.87697,0.80747,0.70745,0.75834
01,Ribeirao_Preto,1,RP01,139,right,21,1.75744,1.7385,0.70221,0.61277,
01,Ribeirao_Preto,1,RP01,140,right,18,1.79276,1.85228,0.84211,0.73191,0.73098
01,Ribeirao_Preto,1,RP01,141,right,23,1.737,1.78829,0.81203,0.69791,0.71258
01,Ribeirao_Preto,1,RP01,142,right,22,1.80569,1.79076,0.85979,0.6959,0.75962
01,Ribeirao_Preto,1,RP01,143,right,20,1.86852,1.89196,0.90088,0.72532,0.78696
01,Ribeirao_Preto,1,RP01,144,right,22,1.8404,1.83592,0.85493,0.69573,0.74539
01,Ribeirao_Preto,1,RP01,145,right,23,1.90735,1.862,0.84964,0.68395,0.73368
01,Ribeirao_Preto,1,RP01,146,right,21,1.87685,1.83693,0.84291,0.70745,0.75647
01,Ribeirao_Preto,1,RP01,147,right,23,1.81251,1.86991,0.88585,0.68669,0.72784
01,Ribeirao_Preto,1,RP01,148,right,22,1.75012,1.80625,0.82077,0.64598,0.70307
01,Ribeirao_Preto,1,RP01,149,right,19,1.84978,1.83123,0.84739,0.70891,0.77657
01,Ribeirao_Preto,1,RP01,150,right,22,1.91848,1.83272,0.8695,0.71784,0.75771
01,Ribeirao_Preto,1,RP01,151,right,24,1.88411,1.84122,0.8446,0.67128,0.70307
01,Ribeirao_Preto,1,RP01,152,right,24,1.79329,1.78784,0.80379,0.70888,0.71406
01,Ribeirao_Preto,1,RP01,153,right,22,1.92031,1.89959,0.84603,0.72092,
01,Ribeirao_Preto,1,RP01,154,right,21,1.89585,1.91246,0.89927,0.73388,0.76003
01,Ribeirao_Preto,1,RP01,155,right,22,1.87487,1.86919,0.76304,0.66988,0.74552
01,Ribeirao_Preto,1,RP01,156,right,22,1.82015,1.79464,0.83686,0.66811,0.73605
01,Ribeirao_Preto,1,RP01,157,right,22,1.84828,1.87584,0.84211,0.70983,0.73834
01,Ribeirao_Preto,1,RP01,158,right,22,1.89139,1.84492,0.87605,0.69197,0.7412
01,Ribeirao_Preto,1,RP01,159,right,17,1.70974,1.74792,0.81803,0.65983,0.67878
01,Ribeirao_Preto,1,RP01,160,right,22,1.9034,1.84943,0.87932,0.73627,0.78971
04,Chile,4,CH04,486,left,21,1.973940877,1.953126748,0.907022319,0.74278043,0.75896463
04,Chile,4,CH04,487,left,20,1.901901596,1.930190576,0.874458036,0.702336194,0.758074573
04,Chile,4,CH04,488,left,22,1.97302454,1.969208005,0.961077039,0.779804978,0.8113843
04,Chile,4,CH04,489,left,22,1.997461167,1.937111145,0.977544321,0.757788261,0.772348505
04,Chile,4,CH04,490,left,24,1.927778141,1.948417567,0.985723723,0.795539176,0.796023965
04,Chile,4,CH04,491,left,22,1.868055556,1.974287358,0.935130751,0.775853274,0.760123294
04,Chile,4,CH04,492,left,24,1.866286337,1.968036442,0.98466737,0.791331557,0.777808779
04,Chile,4,CH04,493,left,21,1.868055556,1.98064029,0.941017065,0.731807388,0.756976299
04,Chile,4,CH04,494,left,20,1.954956703,1.932727595,1.003273962,0.751445367,0.774609121
04,Chile,4,CH04,495,left,24,1.950437194,1.960745166,1.006465403,0.756466465,0.784722222
04,Chile,4,CH04,496,left,22,1.882059755,1.948458159,0.969141946,0.849212144,0.778800171
04,Chile,4,CH04,497,left,21,1.868881478,1.912687092,0.986648914,0.746648892,0.765024409
04,Chile,4,CH04,498,left,23,1.91335513,1.925127261,0.960369214,0.727014018,0.74386638
04,Chile,4,CH04,499,left,23,1.873777894,1.984532201,0.981699836,0.775853274,0.786226434
04,Chile,4,CH04,500,left,20,1.95090692,1.985601139,0.96670059,0.7464551,0.771333671
04,Chile,4,CH04,501,left,22,1.958838095,1.966271343,0.882272467,0.671352169,0.715311488
04,Chile,4,CH04,502,left,21,1.93525856,2.057537052,1.071899239,0.790721902,0.778800171
04,Chile,4,CH04,503,left,23,1.816592867,1.889935372,0.963252271,0.746390491,0.766441442
04,Chile,4,CH04,504,left,24,1.877891289,1.953463705,0.893704404,0.781149685,0.749388897
04,Chile,4,CH04,505,left,23,1.810889557,1.989798442,0.963302335,0.756785151,0.763162533
04,Chile,4,CH04,506,left,25,1.924563543,1.944444444,0.985450679,0.772832742,0.81439712
04,Chile,4,CH04,507,left,20,1.935619856,1.975349633,0.93752572,0.746390491,0.777808779
04,Chile,4,CH04,508,left,24,1.961237012,2.058942873,0.991403054,0.796040549,0.79178849
04,Chile,4,CH04,509,left,25,1.948718022,1.994518917,0.969141946,0.780779179,0.805555556
04,Chile,4,CH04,510,left,20,1.925002004,1.91528231,0.942860191,0.702213487,0.729199735
04,Chile,4,CH04,511,left,19,1.774736983,1.846608607,0.857519391,0.726814991,0.757453957
04,Chile,4,CH04,512,left,22,1.948829381,1.987094259,1.015932112,0.806273626,0.840277778
04,Chile,4,CH04,513,left,22,1.842687102,1.937736445,0.972470206,0.791818942,0.784998722
04,Chile,4,CH04,514,left,21,1.86713887,1.899403943,1.008667109,0.80474696,0.791605748
04,Chile,4,CH04,515,left,23,1.91335513,1.987324804,0.94722324,0.733650237,0.772364595
04,Chile,4,CH04,516,left,21,1.956867556,2.006187381,1.060023439,0.82334875,0.806303532
04,Chile,4,CH04,517,left,21,1.889093126,1.985054595,0.956948476,0.751317002,0.746971767
04,Chile,4,CH04,518,left,24,1.952179555,1.95416716,0.95989205,0.766032346,0.771333671
04,Chile,4,CH04,519,left,21,1.920198537,2.008673803,0.854194896,0.712440435,0.729992918
04,Chile,4,CH04,520,left,23,1.848644503,1.961101767,1.007614719,0.815373598,0.81947387
04,Chile,4,CH04,521,left,22,1.951673071,2.046868374,0.923715533,0.718607407,0.765024409
04,Chile,4,CH04,522,left,23,1.926817424,1.98816182,0.944367848,0.747423558,0.785490037
04,Chile,4,CH04,523,left,19,1.852501333,1.89451012,0.95404637,0.782013516,0.787207226
04,Chile,4,CH04,524,left,21,1.936914985,1.988028406,0.942834617,0.793157709,0.779295394
04,Chile,4,CH04,525,left,22,1.864437843,1.963227729,1.01495853,0.780779179,0.812974695
04,Chile,4,CH04,526,left,22,1.921554255,1.95632531,0.938836496,0.756466465,0.760789165
04,Chile,4,CH04,527,left,22,1.950091008,1.986305352,1.017615867,0.808245031,0.797614112
04,Chile,4,CH04,528,left,25,1.797256568,1.865304149,0.96287671,0.775915429,0.765906427
04,Chile,4,CH04,529,left,20,1.895731581,1.935545111,0.986648914,0.763794186,0.745129504
04,Chile,4,CH04,530,left,21,1.78000078,1.921202865,0.875798798,0.756785151,0.730785241
04,Chile,4,CH04,531,left,21,1.807717722,1.92723035,0.935130751,0.772208483,0.74851963
04,Chile,4,CH04,532,left,22,1.83093804,1.959822621,1.02827034,0.772208483,0.791940742
04,Chile,4,CH04,533,left,24,1.827853764,1.922745995,0.950653609,0.79096582,0.778273651
04,Chile,4,CH04,534,left,24,1.862483946,1.957101662,0.958358494,0.75208686,0.754615428
04,Chile,4,CH04,535,left,24,1.84479268,1.932727595,0.967473522,0.777405665,0.765906427
04,Chile,4,CH04,536,left,22,1.792043457,1.927955884,0.973733944,0.766598729,0.771614969
04,Chile,4,CH04,537,left,21,1.966210026,1.937736445,0.954728526,0.776412492,0.752599661
04,Chile,4,CH04,538,left,24,1.932627785,1.95157423,0.919608075,0.771333671,0.764677623
04,Chile,4,CH04,539,left,23,1.944258424,1.986171813,0.988553314,0.788676125,0.783245907
04,Chile,4,CH04,540,left,19,1.921805209,1.937736445,0.932212455,0.726814991,0.764172927
04,Chile,4,CH04,541,left,24,1.945461044,1.959822621,0.993929297,0.75208686,0.764172927
04,Chile,4,CH04,542,left,25,1.879726553,1.98064029,0.953515466,0.741886411,0.722522641
04,Chile,4,CH04,543,left,25,1.871885273,2.003565495,1.030612644,0.79178849,0.759234558
04,Chile,4,CH04,544,left,22,1.939191814,1.988889374,0.977293322,0.716994972,0.755413845
04,Chile,4,CH04,545,left,24,1.855739553,1.967239892,0.961899564,0.757804048,0.778552442
04,Chile,4,CH04,546,left,19,1.846242953,1.834174891,0.882026462,0.708197155,0.75003215
04,Chile,4,CH04,547,left,22,1.904411809,1.972931211,0.994293129,0.800541146,0.795343557
04,Chile,4,CH04,548,left,22,1.909722222,1.90091403,0.993929297,0.805375938,0.806303532
04,Chile,4,CH04,549,left,23,1.969334741,2.048622881,1.028199988,0.792427753,0.799094057
04,Chile,4,CH04,550,left,24,1.848644503,1.907839982,0.926504449,0.737158584,0.736929576
04,Chile,4,CH04,551,left,22,1.890841005,1.932066255,0.918269852,0.712440435,0.745129504
04,Chile,4,CH04,552,left,22,1.951673071,1.989616662,0.930089021,0.726814991,0.751573709
04,Chile,4,CH04,553,left,24,1.838075202,1.911993599,0.914586233,0.732992608,0.738759648
04,Chile,4,CH04,554,left,19,1.921554255,1.983195218,0.903978902,0.712034177,0.744643941
04,Chile,4,CH04,555,left,23,1.996536836,1.995775825,0.955839146,0.75208686,0.770958448
04,Chile,4,CH04,556,left,22,1.868829868,2.005405985,0.942015873,0.77889305,0.761517785
04,Chile,4,CH04,557,left,23,1.946080661,1.986305352,0.905444779,0.741886411,0.793157709
04,Chile,4,CH04,558,left,24,1.87726201,1.967043769,0.944444444,0.79096582,0.791697124
04,Chile,4,CH04,559,left,25,1.963645278,1.986171813,1.008547574,0.736831409,0.77975938
04,Chile,4,CH04,560,left,21,1.95084512,1.961101767,0.886335308,0.668977477,0.743088006
04,Chile,4,CH04,561,left,19,1.780989395,1.907245869,0.907493028,0.80681176,0.77975938
04,Chile,4,CH04,562,left,21,1.990816105,2.009297928,0.97541638,0.780902701,0.787207226
04,Chile,4,CH04,563,left,22,1.931866561,1.953167438,0.904085591,0.775853274,0.770833333
04,Chile,4,CH04,564,left,23,1.968918399,1.994518917,0.96275149,0.781149685,0.791940742
04,Chile,4,CH04,565,left,24,1.838547405,1.886091167,0.897796084,0.741496287,0.750289296
04,Chile,4,CH04,486,right,21,1.958505706,1.895846052,0.948368075,0.767604599,0.759520337
04,Chile,4,CH04,487,right,20,1.900355819,1.923899397,0.870828903,0.717532853,0.75003215
04,Chile,4,CH04,488,right,23,1.965621289,1.98816182,0.96287671,0.776412492,0.833449066
04,Chile,4,CH04,489,right,21,1.957200224,1.910744676,0.969141946,0.761137723,0.763888889
04,Chile,4,CH04,490,right,22,1.95765601,1.937699114,1.000096446,0.792427753,0.841310201
04,Chile,4,CH04,491,right,24,1.871292631,1.910176714,0.884892274,0.771114813,0.790721902
04,Chile,4,CH04,492,right,22,1.83081951,1.918188305,0.953515466,0.76303614,0.779295394
04,Chile,4,CH04,493,right,23,1.863144101,1.982283121,0.941017065,0.766095298,0.770958448
04,Chile,4,CH04,494,right,22,1.956140419,1.951586585,1.00933624,0.767604599,0.772364595
04,Chile,4,CH04,495,right,24,1.936715791,1.9375,0.969365844,0.752599661,0.750514227
04,Chile,4,CH04,496,right,22,1.876452627,1.95893657,0.99380799,0.855830584,0.798882804
04,Chile,4,CH04,497,right,20,1.801022622,1.884108534,0.950374561,0.726814991,0.758090366
04,Chile,4,CH04,498,right,20,1.878096723,1.88893995,0.885654924,0.73246608,0.746293568
04,Chile,4,CH04,499,right,25,1.885132089,1.97300454,0.930477816,0.7895928,0.770864614
04,Chile,4,CH04,500,right,20,1.931866561,1.993829699,0.925671261,0.718607407,0.776940273
04,Chile,4,CH04,501,right,21,1.953759928,1.959564231,0.84199778,0.69839156,0.722255608
04,Chile,4,CH04,502,right,20,1.935308398,2.007136669,1.059682175,0.77889305,0.770864614
04,Chile,4,CH04,503,right,25,1.756738569,1.869616758,0.904512223,0.76303614,0.758980442
04,Chile,4,CH04,504,right,24,1.837287928,1.909734848,0.936290372,0.744222863,0.750289296
04,Chile,4,CH04,505,right,22,1.898324574,1.951833678,0.948368075,0.722355757,0.759520337
04,Chile,4,CH04,506,right,22,1.893096824,1.895884208,0.957829981,0.796040549,0.791666667
04,Chile,4,CH04,507,right,20,1.935320857,1.966062859,0.92556706,0.751445367,0.787788993
04,Chile,4,CH04,508,right,25,1.952093092,2.028966547,0.972147815,0.83104431,0.821824463
04,Chile,4,CH04,509,right,20,1.988416494,1.95864113,0.946815855,0.774453461,0.811401204
04,Chile,4,CH04,510,right,20,1.859776159,1.855739553,0.873041238,0.702865607,0.736569564
04,Chile,4,CH04,511,right,21,1.763683824,1.847692087,0.874283216,0.687640277,0.751317002
04,Chile,4,CH04,512,right,23,1.928506106,1.979215399,1.020738847,0.798460131,0.806632422
04,Chile,4,CH04,513,right,24,1.812712844,1.917471651,0.957678923,0.752599661,
04,Chile,4,CH04,514,right,23,1.888327122,1.911249389,0.97541638,0.774453461,0.814160222
04,Chile,4,CH04,515,right,21,1.95933042,1.948458159,0.92538468,0.744449627,0.794008476
04,Chile,4,CH04,516,right,22,1.994216658,1.965584487,0.99693299,0.834836607,0.805585488
04,Chile,4,CH04,517,right,24,1.86879116,1.972234448,0.946815855,0.76303614,
04,Chile,4,CH04,518,right,23,1.953476049,1.923811662,0.944980444,0.769110939,0.772364595
04,Chile,4,CH04,519,right,20,1.939788573,1.94622934,0.873041238,0.697251272,0.7740486
04,Chile,4,CH04,520,right,22,1.831925491,1.937947977,0.963877882,0.78521371,0.785827638
04,Chile,4,CH04,521,right,19,1.937338205,1.986548126,0.919293375,0.726649093,0.757740407
04,Chile,4,CH04,522,right,21,1.909204475,1.947232624,0.897554333,0.747552591,0.795434504
04,Chile,4,CH04,523,right,21,1.836933544,1.904310514,0.942220625,0.747326769,0.799425913
04,Chile,4,CH04,524,right,20,1.908206469,1.984033976,0.911020067,0.763888889,0.808453838
04,Chile,4,CH04,525,right,21,1.870106784,1.960105581,0.951794318,0.751573709,0.791331557
04,Chile,4,CH04,526,right,21,1.913506352,1.930605515,0.877778877,0.733354377,0.779821224
04,Chile,4,CH04,527,right,23,1.933550834,1.953809294,1.003201857,0.8102414,0.791940742
04,Chile,4,CH04,528,right,22,1.774696222,1.82703569,0.89806462,0.765686017,0.760123294
04,Chile,4,CH04,529,right,22,1.88491463,1.871782218,0.920891987,0.733354377,0.753880138
04,Chile,4,CH04,530,right,22,1.781490264,1.902891825,0.903978902,0.737616385,0.730356173
04,Chile,4,CH04,531,right,20,1.772085614,1.882149435,0.940863309,0.764677623,0.751573709
04,Chile,4,CH04,532,right,24,1.836066986,1.945051988,0.980249598,0.782044349,0.786686333
04,Chile,4,CH04,533,right,23,1.838717892,1.90279045,0.92538468,0.812737382,0.802947166
04,Chile,4,CH04,534,right,21,1.844086729,1.916867944,0.943269285,0.740747975,0.764393773
04,Chile,4,CH04,535,right,24,1.805675744,1.889705706,0.949257548,0.771083543,0.750514227
04,Chile,4,CH04,536,right,19,1.766961999,1.857090392,0.916692971,0.780779179,0.7927624
04,Chile,4,CH04,537,right,19,1.956337636,1.884825081,0.965102902,0.771114813,0.752599661
04,Chile,4,CH04,538,right,23,1.889003775,1.92441319,0.901735509,0.746164317,0.779821224
04,Chile,4,CH04,539,right,24,1.897549589,1.94653905,0.965877112,0.751605791,0.781520015
04,Chile,4,CH04,540,right,21,1.92312218,1.902828466,0.936290372,0.712609641,0.776412492
04,Chile,4,CH04,541,right,24,1.909532819,1.951438315,0.969937792,0.765686017,0.794706639
04,Chile,4,CH04,542,right,24,1.850886612,1.965388199,0.912289634,0.729992918,0.746971767
04,Chile,4,CH04,543,right,20,1.866544722,1.979276313,0.984887739,0.746648892,0.771614969
04,Chile,4,CH04,544,right,22,1.926955076,1.952883473,0.934847069,0.715816949,0.751573709
04,Chile,4,CH04,545,right,22,1.890624203,1.906436567,0.937911432,0.771333671,0.784998722
04,Chile,4,CH04,546,right,19,1.790926311,1.819921481,0.892381377,0.691939928,0.753208159
04,Chile,4,CH04,547,right,22,1.898515096,1.916716988,0.993274063,0.769110939,0.7927624
04,Chile,4,CH04,548,right,22,1.931354751,1.895846052,0.961272666,0.765686017,0.798731875
04,Chile,4,CH04,549,right,21,1.912132318,2.000192892,1.007782219,0.787880811,0.770864614
04,Chile,4,CH04,550,right,23,1.844374371,1.864851651,0.888074714,0.761359449,0.722522641
04,Chile,4,CH04,551,right,19,1.863389981,1.910037853,0.923402232,0.705091985,0.759234558
04,Chile,4,CH04,552,right,20,1.976252728,1.961101767,0.921807973,0.722522641,0.768295371
04,Chile,4,CH04,553,right,23,1.833149191,1.895947799,0.933763129,0.739770777,0.770050904
04,Chile,4,CH04,554,right,20,1.890726231,1.952883473,0.85987815,0.695311958,0.766818876
04,Chile,4,CH04,555,right,23,1.95933042,1.954956703,0.947630451,0.757231087,0.794615609
04,Chile,4,CH04,556,right,22,1.856441073,1.932665214,0.941017065,0.771083543,0.787207226
04,Chile,4,CH04,557,right,20,1.92531513,1.973982,0.882026462,0.761517785,0.770833333
04,Chile,4,CH04,558,right,24,1.790670481,1.897663951,0.956721672,0.790599915,0.770833333
04,Chile,4,CH04,559,right,23,1.938047513,1.944456845,0.914770767,0.734438614,0.743055556
04,Chile,4,CH04,560,right,20,1.915181591,1.934124399,0.87179749,0.692532089,0.736242127
04,Chile,4,CH04,561,right,21,1.778062586,1.887062536,0.875798798,0.766032346,0.778056746
04,Chile,4,CH04,562,right,23,1.92312218,1.958345646,0.911311165,0.750514227,0.800089212
04,Chile,4,CH04,563,right,22,1.924062322,1.9341618,0.916298327,0.766032346,0.770833333
04,Chile,4,CH04,564,right,23,1.938893366,1.930755385,0.966101767,0.754008066,0.794706639
04,Chile,4,CH04,565,right,23,1.84165305,1.889003775,0.936290372,0.75170203,0.743574585
04,Ribeirao_Preto,4,RP04,621,left,21,1.827114875,1.894217362,0.869165956,0.697355012,0.743088006
04,Ribeirao_Preto,4,RP04,622,left,23,1.812553213,1.913166087,0.898950219,0.778087736,0.767196124
04,Ribeirao_Preto,4,RP04,623,left,20,1.842804869,1.934012193,0.907174124,0.734438614,0.755413845
04,Ribeirao_Preto,4,RP04,624,left,23,1.844086729,1.962539809,0.955839146,0.779821224,0.780408497
04,Ribeirao_Preto,4,RP04,625,left,18,1.759084117,1.880316537,0.942220625,0.776567759,0.796797457
04,Ribeirao_Preto,4,RP04,626,left,22,1.880419124,1.898172143,0.972321424,0.745129504,0.724954767
04,Ribeirao_Preto,4,RP04,627,left,22,1.862975849,1.930830316,0.924967675,0.771114813,0.780902701
04,Ribeirao_Preto,4,RP04,628,left,22,1.844661968,1.944940413,0.931099551,0.773581188,0.773362966
04,Ribeirao_Preto,4,RP04,629,left,24,1.994228749,1.99403528,1.00624976,0.834778839,0.782044349
04,Ribeirao_Preto,4,RP04,630,left,23,1.904513098,1.954463276,0.945312101,0.805824907,0.795434504
04,Ribeirao_Preto,4,RP04,631,left,23,1.794154711,1.969383716,0.951971638,0.757231087,0.74851963
04,Ribeirao_Preto,4,RP04,632,left,22,1.831675387,1.932016334,0.929855665,0.77889305,0.775200342
04,Ribeirao_Preto,4,RP04,633,left,19,1.827352407,1.927955884,0.916903379,0.732992608,0.745679428
04,Ribeirao_Preto,4,RP04,634,left,22,1.887318076,1.967239892,0.964778048,0.777405665,0.784507099
04,Ribeirao_Preto,4,RP04,635,left,20,1.860826056,1.938594872,0.885001264,0.71338747,0.732959711
04,Ribeirao_Preto,4,RP04,636,left,19,1.818357394,1.876761004,0.858109689,0.721854875,0.764172927
04,Ribeirao_Preto,4,RP04,637,left,22,1.800741445,1.927217838,0.975391659,0.772208483,0.746648892
04,Ribeirao_Preto,4,RP04,638,left,20,1.910075725,1.988889374,0.898306234,0.741626351,0.766441442
04,Ribeirao_Preto,4,RP04,639,left,21,1.926066423,1.99928855,0.978772576,0.817264048,0.798158084
04,Ribeirao_Preto,4,RP04,640,left,21,1.921554255,1.921052249,0.989357918,0.821824463,0.802947166
04,Ribeirao_Preto,4,RP04,641,left,22,1.787651617,1.887586356,0.978772576,0.746390491,0.745517728
04,Ribeirao_Preto,4,RP04,642,left,19,1.923799128,1.977801674,0.931487924,0.727014018,0.751573709
04,Ribeirao_Preto,4,RP04,643,left,24,1.904107909,1.946675308,0.98192087,0.776567759,0.750417836
04,Ribeirao_Preto,4,RP04,644,left,19,1.836290229,1.974788041,0.99111115,0.803307447,0.786962142
04,Ribeirao_Preto,4,RP04,645,left,20,1.926466994,1.967337946,0.957477476,0.712440435,0.753208159
04,Ribeirao_Preto,4,RP04,646,left,21,1.865834078,2.024278754,1.047161434,0.805375938,0.777684766
04,Ribeirao_Preto,4,RP04,647,left,22,1.91104752,1.947579318,0.964178031,0.782013516,0.787758384
04,Ribeirao_Preto,4,RP04,648,left,19,1.851355547,1.875167174,0.956847681,0.772832742,0.780871822
04,Ribeirao_Preto,4,RP04,649,left,20,1.861279532,1.913166087,0.894109021,0.783338258,0.765402541
04,Ribeirao_Preto,4,RP04,650,left,22,1.770438409,1.894459209,0.933892235,0.727809584,0.744449627
04,Ribeirao_Preto,4,RP04,651,left,22,1.826336079,1.908206469,0.920891987,0.769110939,0.739672986
04,Ribeirao_Preto,4,RP04,652,left,22,1.930368196,1.973358925,0.973733944,0.769110939,0.762751679
04,Ribeirao_Preto,4,RP04,653,left,18,1.782166891,1.912346682,0.988211769,0.796070839,0.76306774
04,Ribeirao_Preto,4,RP04,654,left,20,1.802882637,1.954586644,1.023357612,0.793157709,0.77901687
04,Ribeirao_Preto,4,RP04,655,left,23,1.838901477,1.985346104,0.970683306,0.801534504,0.752887958
04,Ribeirao_Preto,4,RP04,656,left,20,1.897447929,1.968661202,0.938836496,0.697562445,0.737714449
04,Ribeirao_Preto,4,RP04,657,left,26,1.941292088,2.02850301,0.978772576,0.782013516,0.789134596
04,Ribeirao_Preto,4,RP04,658,left,21,1.87559147,1.97422629,0.894109021,0.712846461,0.743574585
04,Ribeirao_Preto,4,RP04,659,left,22,1.874292562,1.958308707,0.99322551,0.82967949,0.796918496
04,Ribeirao_Preto,4,RP04,660,left,24,1.928130971,2.03378581,0.986648914,0.850290437,0.809020327
04,Ribeirao_Preto,4,RP04,661,left,20,1.754655677,1.878840588,0.995653737,0.781503734,0.766079338
04,Ribeirao_Preto,4,RP04,662,left,26,1.916526092,2.066463066,1.076254454,0.822247321,0.790125834
04,Ribeirao_Preto,4,RP04,663,left,--,1.891413614,1.953521753,0.916042374,0.772816642,0.770942387
04,Ribeirao_Preto,4,RP04,664,left,19,1.898183409,1.939748161,1.040903977,0.78261365,0.776924087
04,Ribeirao_Preto,4,RP04,665,left,22,1.944217919,1.962228608,0.962330629,0.821014785,0.787190826
04,Ribeirao_Preto,4,RP04,666,left,24,1.893554059,1.969208005,0.960349207,0.775899265,0.779743136
04,Ribeirao_Preto,4,RP04,667,left,20,1.887738634,2.004305852,1.010389651,0.800524468,0.776924087
04,Ribeirao_Preto,4,RP04,668,left,24,1.750803821,1.889768413,0.915594799,0.773565072,0.740992906
04,Ribeirao_Preto,4,RP04,669,left,22,1.862173255,1.918098062,0.955819233,0.796054255,0.788873677
04,Ribeirao_Preto,4,RP04,670,left,20,1.859996698,1.933373373,0.914382613,0.757215312,0.745113981
04,Ribeirao_Preto,4,RP04,671,left,21,1.73070564,1.881187609,0.915594799,0.791315071,0.773939016
04,Ribeirao_Preto,4,RP04,672,left,20,1.864399002,1.907977166,0.971134936,0.777389469,0.772941431
04,Ribeirao_Preto,4,RP04,673,left,24,1.91709215,1.95096515,0.941356122,0.814498575,0.792532948
04,Ribeirao_Preto,4,RP04,674,left,21,1.849323224,1.940990793,0.972821797,0.799348933,0.806256829
04,Ribeirao_Preto,4,RP04,675,left,20,1.826298031,1.887547033,0.953419736,0.795963383,0.766079338
04,Ribeirao_Preto,4,RP04,676,left,25,1.82319281,1.938940024,0.929317528,0.757788261,0.738646335
04,Ribeirao_Preto,4,RP04,677,left,20,1.85246274,1.962277759,0.929317528,0.780886432,0.805808119
04,Ribeirao_Preto,4,RP04,678,left,22,1.842766478,1.968264965,1.051895243,0.837500978,0.782213028
04,Ribeirao_Preto,4,RP04,679,left,24,1.8510174,1.940990793,0.968449766,0.796054255,0.768059646
04,Ribeirao_Preto,4,RP04,680,left,20,1.80665271,1.916840589,0.889439838,0.72464026,0.737568329
04,Ribeirao_Preto,4,RP04,681,left,20,1.906042681,1.981986368,0.926797393,0.749534147,0.757183469
04,Ribeirao_Preto,4,RP04,682,left,22,1.888670816,1.967296961,0.971134936,0.777389469,0.782028057
04,Ribeirao_Preto,4,RP04,683,left,22,1.899554782,1.935579532,0.931080153,0.806256829,0.797597495
04,Ribeirao_Preto,4,RP04,684,left,23,1.917645467,1.994259748,0.994223913,0.796023965,0.782983272
04,Ribeirao_Preto,4,RP04,685,left,19,1.788571778,1.959080383,0.990409073,0.809748233,0.795417932
04,Ribeirao_Preto,4,RP04,686,left,23,1.846713764,1.905979429,0.984475429,0.775899265,0.754599707
04,Ribeirao_Preto,4,RP04,687,left,22,1.921100087,1.963211393,0.935652594,0.805299279,0.800072544
04,Ribeirao_Preto,4,RP04,688,left,21,1.787385061,1.95826791,0.929836294,0.774437327,0.765386595
04,Ribeirao_Preto,4,RP04,689,left,20,1.879841316,1.992348529,0.94689799,0.777389469,0.776085697
04,Ribeirao_Preto,4,RP04,690,left,21,1.939151415,1.95096515,0.906543693,0.721973436,0.750498592
04,Ribeirao_Preto,4,RP04,691,left,23,1.85719452,1.939748161,0.977272962,0.771098749,0.764030784
04,Ribeirao_Preto,4,RP04,692,left,23,1.844623539,1.927177689,0.973020059,0.741870956,0.748504036
04,Ribeirao_Preto,4,RP04,693,left,23,1.831531913,1.914877283,0.891064882,0.787864397,0.760329476
04,Ribeirao_Preto,4,RP04,694,left,20,1.910629152,1.989344938,0.947814245,0.751429712,0.772816642
04,Ribeirao_Preto,4,RP04,695,left,24,1.890954632,1.920007843,0.951774489,0.776830978,0.782983272
04,Ribeirao_Preto,4,RP04,696,left,22,1.849062444,1.961712449,0.92846093,0.766582758,0.778040536
04,Ribeirao_Preto,4,RP04,697,left,21,1.897942047,1.967296961,0.922573159,0.799348933,0.821807342
04,Ribeirao_Preto,4,RP04,698,left,21,1.91724307,2.039130693,1.020079582,0.777389469,0.792532948
04,Ribeirao_Preto,4,RP04,699,left,22,1.865678896,1.946151626,0.920139373,0.861345146,0.816863387
04,Ribeirao_Preto,4,RP04,700,left,21,1.85692186,1.915670399,0.939920658,0.768059646,0.757183469
04,Ribeirao_Preto,4,RP04,621,right,21,1.857921188,1.871885273,0.83625068,0.67450542,0.771333671
04,Ribeirao_Preto,4,RP04,622,right,24,1.859854096,1.911310497,0.894737387,0.737306757,0.771411378
04,Ribeirao_Preto,4,RP04,623,right,20,1.835253754,1.90107737,0.87776059,0.714757045,0.759599747
04,Ribeirao_Preto,4,RP04,624,right,20,1.812249376,1.901939629,0.951774489,0.761248572,0.768404891
04,Ribeirao_Preto,4,RP04,625,right,22,1.79846639,1.853490718,0.91706834,0.728092528,0.808436995
04,Ribeirao_Preto,4,RP04,626,right,22,1.8971161,1.895997323,0.895060708,0.74278043,0.750498592
04,Ribeirao_Preto,4,RP04,627,right,22,1.87913573,1.904878515,0.889981849,0.774437327,0.787190826
04,Ribeirao_Preto,4,RP04,628,right,26,1.844048311,1.910136919,0.910577514,0.757788261,0.779279159
04,Ribeirao_Preto,4,RP04,629,right,21,2.019561886,1.981183289,0.957658972,0.818897552,0.799409258
04,Ribeirao_Preto,4,RP04,630,right,24,1.906460089,1.914109033,0.88195341,0.75896463,0.806256829
04,Ribeirao_Preto,4,RP04,631,right,23,1.792544248,1.924373099,0.915015258,0.740732543,0.753864432
04,Ribeirao_Preto,4,RP04,632,right,24,1.822372678,1.896251648,0.908748591,0.767588608,0.77788557
04,Ribeirao_Preto,4,RP04,633,right,21,1.826562061,1.895844711,0.851292983,0.719330245,0.758074573
04,Ribeirao_Preto,4,RP04,634,right,22,1.942542965,1.945011467,0.96608164,0.776830978,
04,Ribeirao_Preto,4,RP04,635,right,20,1.880674849,1.926026298,0.887920447,0.714588355,0.759218741
04,Ribeirao_Preto,4,RP04,636,right,17,1.844335947,1.880097827,0.857079645,0.689551834,0.755908641
04,Ribeirao_Preto,4,RP04,637,right,22,1.789555617,1.937907604,0.969345649,0.774437327,0.757438177
04,Ribeirao_Preto,4,RP04,638,right,21,1.904359473,1.959781792,0.890821314,0.706853312,0.779000641
04,Ribeirao_Preto,4,RP04,639,right,22,1.91018741,1.98264319,0.972648285,0.791771994,0.809837558
04,Ribeirao_Preto,4,RP04,640,right,20,1.977321531,1.925375207,0.943811838,0.763872975,0.789118156
04,Ribeirao_Preto,4,RP04,641,right,22,1.752056603,1.857389252,0.940459214,0.728853802,0.766079338
04,Ribeirao_Preto,4,RP04,642,right,21,1.937173381,1.959683364,0.905239485,0.709814787,0.77477973
04,Ribeirao_Preto,4,RP04,643,right,20,1.879456484,1.909796068,0.922782217,0.771067479,0.757724621
04,Ribeirao_Preto,4,RP04,644,right,21,1.88635867,1.931526741,0.981335461,0.751590133,0.779804978
04,Ribeirao_Preto,4,RP04,645,right,20,1.898437442,1.922705938,0.926745359,0.708897032,0.764030784
04,Ribeirao_Preto,4,RP04,646,right,20,1.911802428,1.986373221,1.006252759,0.796447914,0.785473673
04,Ribeirao_Preto,4,RP04,647,right,21,1.911613239,1.917645467,0.953419736,0.781133411,0.792745884
04,Ribeirao_Preto,4,RP04,648,right,20,1.808360195,1.849388414,0.961352969,0.758328982,0.789881666
04,Ribeirao_Preto,4,RP04,649,right,23,1.901292971,1.882532939,0.896783119,0.771692635,0.757724621
04,Ribeirao_Preto,4,RP04,650,right,22,1.786966825,1.896111773,0.883755937,0.705590067,0.767180141
04,Ribeirao_Preto,4,RP04,651,right,22,1.821115308,1.91094462,0.909173016,0.761343587,0.765890471
04,Ribeirao_Preto,4,RP04,652,right,23,1.913466488,1.958304848,0.945751424,0.771692635,0.77788557
04,Ribeirao_Preto,4,RP04,653,right,21,1.819896816,1.878250166,0.936322371,0.759726707,0.73769908
04,Ribeirao_Preto,4,RP04,654,right,22,1.876927459,1.954508916,0.968250568,0.787527684,0.776924087
04,Ribeirao_Preto,4,RP04,655,right,23,1.841614683,1.937658746,0.97519828,0.745113981,0.757215312
04,Ribeirao_Preto,4,RP04,656,right,19,1.922567988,1.910641772,0.897535634,0.687801255,0.731792142
04,Ribeirao_Preto,4,RP04,657,right,22,1.943473673,2.020898617,0.932839448,0.753992358,0.80449046
04,Ribeirao_Preto,4,RP04,658,right,22,1.911234804,1.926389311,0.898045911,0.693491863,0.749083647
04,Ribeirao_Preto,4,RP04,659,right,21,1.849688255,1.924373099,0.94590438,0.83160708,0.791924244
04,Ribeirao_Preto,4,RP04,660,right,22,1.980927696,1.996507319,0.937994721,0.800373855,0.785811267
04,Ribeirao_Preto,4,RP04,661,right,21,1.733400662,1.821682783,0.967249186,0.770050904,0.7740486
04,Ribeirao_Preto,4,RP04,662,right,26,1.94103123,2.019209924,0.977786656,0.809765103,0.794706639
04,Ribeirao_Preto,4,RP04,663,right,20,1.913443344,1.94622934,0.909907742,0.72820704,0.761517785
04,Ribeirao_Preto,4,RP04,664,right,19,1.886602476,1.908358099,0.949587711,0.749388897,0.776940273
04,Ribeirao_Preto,4,RP04,665,right,21,1.97050982,1.938507802,0.931332594,0.779821224,0.800541146
04,Ribeirao_Preto,4,RP04,666,right,24,1.925002004,1.94761646,0.89000039,0.765686017,0.795343557
04,Ribeirao_Preto,4,RP04,667,right,22,1.881483133,1.966761807,1.015908377,0.766818876,0.771614969
04,Ribeirao_Preto,4,RP04,668,right,23,1.794692213,1.872233041,0.863041072,0.751573709,0.770958448
04,Ribeirao_Preto,4,RP04,669,right,20,1.865976228,1.878289296,0.918821121,0.759742535,0.782229324
04,Ribeirao_Preto,4,RP04,670,right,21,1.883890957,1.917924306,0.884892274,0.711220966,0.766095298
04,Ribeirao_Preto,4,RP04,671,right,22,1.761549739,1.84289646,0.900129663,0.751156516,0.790142295
04,Ribeirao_Preto,4,RP04,672,right,21,1.856389117,1.869616758,0.932212455,0.720350138,0.790721902
04,Ribeirao_Preto,4,RP04,673,right,25,1.88639797,1.909924232,0.906323166,0.801143328,0.784752949
04,Ribeirao_Preto,4,RP04,674,right,21,1.913166087,1.920298994,0.895860249,0.811282326,0.799697329
04,Ribeirao_Preto,4,RP04,675,right,21,1.80749095,1.861745849,0.927778817,0.771333671,0.766095298
04,Ribeirao_Preto,4,RP04,676,right,21,1.862937019,1.930568046,0.927778817,0.744222863,0.764015141
04,Ribeirao_Preto,4,RP04,677,right,20,1.843158123,1.937512445,0.938322684,0.764677623,0.809169337
04,Ribeirao_Preto,4,RP04,678,right,22,1.858128829,1.917597399,0.991913679,0.78628777,0.772832742
04,Ribeirao_Preto,4,RP04,679,right,22,1.897409804,1.958444146,0.954425406,0.725586449,0.743185347
04,Ribeirao_Preto,4,RP04,680,right,20,1.829660146,1.872233041,0.868749722,0.722522641,0.735619595
04,Ribeirao_Preto,4,RP04,681,right,22,1.889629144,1.9341618,0.891759687,0.708877786,0.762751679
04,Ribeirao_Preto,4,RP04,682,right,22,1.869913368,1.958345646,0.936290372,0.77889305,0.798731875
04,Ribeirao_Preto,4,RP04,683,right,22,1.93485981,1.910681577,0.909828238,0.775044802,0.793552821
04,Ribeirao_Preto,4,RP04,684,right,20,1.871292631,1.937699114,0.969937792,0.775449143,0.785827638
04,Ribeirao_Preto,4,RP04,685,right,20,1.842674016,1.939291287,0.990137515,0.809139537,0.806303532
04,Ribeirao_Preto,4,RP04,686,right,20,1.856557967,1.925415319,0.928480273,0.764677623,0.765434043
04,Ribeirao_Preto,4,RP04,687,right,24,1.955721268,1.951438315,0.955258756,0.787880811,0.813567675
04,Ribeirao_Preto,4,RP04,688,right,22,1.810050495,1.89016501,0.891759687,0.764677623,0.76703896
04,Ribeirao_Preto,4,RP04,689,right,19,1.89451012,1.94475444,0.920787245,0.751605791,0.794706639
04,Ribeirao_Preto,4,RP04,690,right,22,1.936255076,1.967043769,0.855379672,0.700012401,0.744449627
04,Ribeirao_Preto,4,RP04,691,right,21,1.871292631,1.923723924,0.966101767,0.772832742,0.757740407
04,Ribeirao_Preto,4,RP04,692,right,22,1.862250895,1.908901339,0.928480273,0.729992918,0.780902701
04,Ribeirao_Preto,4,RP04,693,right,24,1.849935351,1.87505144,0.922461691,0.775915429,0.743574585
04,Ribeirao_Preto,4,RP04,694,right,22,1.904399147,1.945448649,0.883774348,0.701079415,0.787207226
04,Ribeirao_Preto,4,RP04,695,right,23,1.875167174,1.872709506,0.909165436,0.733913123,0.778800171
04,Ribeirao_Preto,4,RP04,696,right,22,1.826600115,1.909722222,0.932858882,0.745129504,0.757740407
04,Ribeirao_Preto,4,RP04,697,right,21,1.9329272,1.940683367,0.931332594,0.770050904,0.808334527
04,Ribeirao_Preto,4,RP04,698,right,21,1.944258424,1.98064029,0.965877112,0.773612358,0.809169337
04,Ribeirao_Preto,4,RP04,699,right,23,1.791357101,1.924225233,0.878959296,0.790630413,0.784998722
04,Ribeirao_Preto,4,RP04,700,right,20,1.880316537,1.883225271,0.918269852,0.738922827,0.747713851
05,Chile,5,CH05,566,left,20,1.917283013,2.002518187,0.971279305,0.796070839,0.736569564
05,Chile,5,CH05,567,left,20,1.939092337,1.997744195,0.954299077,0.802947166,0.770958448
05,Chile,5,CH05,568,left,20,1.90619624,1.955573311,0.959967407,0.796070839,0.767698832
05,Chile,5,CH05,569,left,24,1.897778306,1.944072385,0.957527842,0.796464506,0.78521371
05,Chile,5,CH05,570,left,20,1.822833993,1.911350316,0.887286968,0.765686017,0.761517785
05,Chile,5,CH05,571,left,21,1.945659343,1.979605215,0.978402972,0.780779179,0.756976299
05,Chile,5,CH05,572,left,22,1.882059755,1.870235717,0.95989205,0.781149685,0.750803325
05,Chile,5,CH05,573,left,21,1.972124411,2.006944444,0.901173789,0.771083543,0.753208159
05,Chile,5,CH05,574,left,24,1.829185649,1.849100966,0.900772345,0.746648892,0.743088006
05,Chile,5,CH05,575,left,21,1.905184002,1.966062859,0.972073401,0.834836607,0.815462311
05,Chile,5,CH05,576,left,20,1.94108092,2.007136669,0.975490538,0.776847162,0.777808779
05,Chile,5,CH05,577,left,23,1.823230793,1.9396394,0.923010456,0.7464551,0.749388897
05,Chile,5,CH05,578,left,20,1.833977686,1.979251947,0.935672086,0.792427753,0.794706639
05,Chile,5,CH05,579,left,22,1.864968018,1.976630929,0.957527842,0.786655681,0.761517785
05,Chile,5,CH05,580,left,23,1.995377084,2.021262841,0.953439598,0.805375938,0.778552442
05,Chile,5,CH05,581,left,19,1.859568702,1.945684129,0.922566243,0.8102414,0.758503746
05,Chile,5,CH05,582,left,21,1.916716988,2.056974454,0.956948476,0.756466465,0.751573709
05,Chile,5,CH05,583,left,21,2.006608007,2.000433981,0.97827974,0.840851503,0.77889305
05,Chile,5,CH05,584,left,19,1.930268264,1.939291287,0.95118611,0.790599915,0.782229324
05,Chile,5,CH05,585,left,21,1.945436255,1.952389522,0.972668548,0.785919686,0.752054798
05,Chile,5,CH05,586,left,18,1.890343598,1.965474077,0.967299043,0.825016367,0.784845123
05,Chile,5,CH05,587,left,19,1.980810721,2.021596839,1.021777719,0.845512848,0.805675278
05,Chile,5,CH05,588,left,22,1.964210055,2.000012056,1.026744977,0.851480646,0.80985443
05,Chile,5,CH05,589,left,21,1.904196551,1.923611111,0.930270479,0.778087736,0.805675278
05,Chile,5,CH05,590,left,20,1.867861927,1.94475444,0.85743503,0.72318979,0.745129504
05,Chile,5,CH05,591,left,20,1.869848891,1.967681098,1.006920498,0.81608303,0.77889305
05,Chile,5,CH05,592,left,19,1.861124067,1.942471718,0.963877882,0.863376277,0.778180699
05,Chile,5,CH05,593,left,22,1.973982,2.008397686,0.965877112,0.796040549,0.777777778
05,Chile,5,CH05,594,left,22,1.802882637,1.906019137,0.891516299,0.707174979,0.716490342
05,Chile,5,CH05,595,left,22,1.890624203,1.967681098,0.907493028,0.825483865,0.801624749
05,Chile,5,CH05,596,left,21,1.962183469,2.042422385,0.993929297,,
05,Chile,5,CH05,597,left,20,1.880085695,1.958776546,0.950349189,0.712034177,0.715311488
05,Chile,5,CH05,598,left,20,1.838717892,1.895833333,0.925671261,0.76703896,0.736242127
05,Chile,5,CH05,599,left,19,1.950115737,2.004648341,0.969763757,0.803787571,0.772208483
05,Chile,5,CH05,600,left,22,1.902169408,1.968232467,0.978772576,0.8253378,0.780871822
05,Chile,5,CH05,601,left,19,1.945461044,1.968416222,0.944852853,0.800541146,0.799365586
05,Chile,5,CH05,602,left,21,1.814534299,1.882059755,0.948368075,0.737616385,0.757453957
05,Chile,5,CH05,603,left,24,1.868107186,1.979471224,0.904005575,0.815196144,0.772832742
05,Chile,5,CH05,604,left,20,1.908825547,1.990489056,0.916692971,0.766284124,0.746293568
05,Chile,5,CH05,605,left,20,1.846138467,1.862678134,0.879096451,0.710440765,0.743347554
05,Chile,5,CH05,606,left,23,1.952685907,2.032065957,0.97304033,0.827059718,0.786686333
05,Chile,5,CH05,607,left,23,1.848122692,1.89645645,0.918794878,0.81558058,0.814900301
05,Chile,5,CH05,608,left,19,1.887777962,1.990489056,0.963877882,0.828690772,0.798490329
05,Chile,5,CH05,609,left,19,1.875578614,1.923623646,0.941631841,0.78573558,0.772364595
05,Chile,5,CH05,610,left,20,1.93525856,1.90404459,0.928843782,0.817264048,0.764078259
05,Chile,5,CH05,611,left,22,1.915080866,1.966761807,0.879096451,0.72734561,0.757231087
05,Chile,5,CH05,612,left,21,1.9049182,1.960105581,0.96617664,0.805375938,0.795343557
05,Chile,5,CH05,613,left,19,1.808611196,1.941987535,0.938091377,0.770958448,0.778552442
05,Chile,5,CH05,614,left,22,1.820729508,1.869100802,0.857181896,0.751317002,0.722255608
05,Chile,5,CH05,615,left,22,1.993636191,2.005826775,1.002143728,0.869803795,0.770050904
05,Chile,5,CH05,616,left,22,1.87836632,1.9049182,0.919319604,0.78336904,0.764677623
05,Chile,5,CH05,617,left,20,1.886602476,1.905082748,0.914586233,0.844485562,0.780408497
05,Chile,5,CH05,618,left,21,1.854634772,1.877518884,0.891516299,0.776101865,0.760789165
05,Chile,5,CH05,619,left,20,2.001398045,2.018206578,1.000602635,0.824285371,0.812974695
05,Chile,5,CH05,620,left,20,1.940521837,2.015612289,1.024982121,0.834836607,0.827438642
05,Chile,5,CH05,621,left,21,1.947542175,1.972527852,0.956721672,0.840048178,0.784752949
05,Chile,5,CH05,622,left,23,1.886896416,1.974971187,0.931694991,0.808245031,0.769204987
05,Chile,5,CH05,623,left,22,1.976911483,2.000012056,0.94395923,0.798460131,0.754615428
05,Chile,5,CH05,624,left,19,1.930755385,2.003084042,0.913319858,0.818030796,0.792549459
05,Chile,5,CH05,625,left,19,1.852501333,1.906019137,0.891516299,0.787207226,0.750321433
05,Chile,5,CH05,626,left,20,1.958530329,1.944456845,0.965877112,0.727809584,0.729199735
05,Chile,5,CH05,627,left,18,1.935806707,1.937699114,0.919293375,0.771083543,0.744222863
05,Chile,5,CH05,628,left,20,1.953994405,2.014080451,0.944163561,0.770958448,0.770958448
05,Chile,5,CH05,629,left,22,1.960277797,1.955844557,1.004066769,0.829999117,0.801624749
05,Chile,5,CH05,630,left,21,1.96979996,1.957360377,0.95404637,0.834056399,0.776101865
05,Chile,5,CH05,631,left,18,1.889973647,1.933363765,0.928843782,0.797674572,0.753880138
05,Chile,5,CH05,632,left,22,1.932128656,1.994265022,0.98508358,0.80681176,0.756275188
05,Chile,5,CH05,633,left,21,2.067649296,2.111293852,0.965877112,0.826418067,0.783830614
05,Chile,5,CH05,634,left,24,1.868055556,1.919495196,0.928843782,0.703585669,0.743088006
05,Chile,5,CH05,635,left,19,2.002722876,2.050599318,1.011245603,0.791331557,0.761517785
05,Chile,5,CH05,636,left,21,1.941292088,1.970130444,0.95828301,0.7895928,0.759234558
05,Chile,5,CH05,637,left,22,1.893631709,2.007244787,0.965877112,0.800420655,0.771114813
05,Chile,5,CH05,638,left,20,1.966075123,2.024278754,0.973857751,0.766284124,0.740813075
05,Chile,5,CH05,639,left,23,1.829449274,1.888135573,0.932858882,0.741886411,0.752599661
05,Chile,5,CH05,640,left,19,1.899898978,1.924225233,0.916166741,0.810955322,0.772832742
05,Chile,5,CH05,641,left,20,2.048975956,2.033015021,0.97304033,0.818030796,0.79412994
05,Chile,5,CH05,642,left,23,1.765200737,1.917685418,0.879096451,0.786655681,0.76703896
05,Chile,5,CH05,643,left,25,1.846138467,1.931804153,0.947350513,0.800420655,0.765024409
05,Chile,5,CH05,644,left,20,1.977350531,2.009645913,1.009813919,0.826418067,0.799094057
05,Chile,5,CH05,645,left,21,2.001458284,2.077306096,0.99040536,0.830783135,0.778800171
05,Chile,5,CH05,646,left,22,1.891707966,2.005309792,0.96670059,0.807468992,0.786686333
05,Chile,5,CH05,647,left,20,1.83596192,1.92031155,0.963302335,0.798460131,0.757199244
05,Chile,5,CH05,648,left,19,1.915080866,2.000590673,0.953616613,0.766284124,0.789898122
05,Chile,5,CH05,649,left,20,1.932627785,1.987142797,0.966501023,0.847677473,0.776412492
05,Chile,5,CH05,650,left,19,1.952278366,1.977801674,0.989187299,0.82334875,0.788645551
05,Chile,5,CH05,651,left,23,1.972772322,1.968416222,0.975885954,0.796464506,0.755413845
05,Chile,5,CH05,652,left,23,1.926016346,2.004648341,0.976231811,0.81558058,0.781520015
05,Chile,5,CH05,653,left,20,1.913657561,2.013290141,0.995747129,0.827059718,0.785674201
05,Chile,5,CH05,654,left,22,1.909015021,1.95632531,0.945592644,0.824285371,0.79361359
05,Chile,5,CH05,655,left,19,1.92031155,1.970681127,0.946586623,0.813567675,0.76703896
05,Chile,5,CH05,656,left,24,1.905171345,1.973065645,0.975045504,0.812529677,0.764046701
05,Chile,5,CH05,657,left,20,1.948718022,2.043661629,0.944138022,0.828690772,0.767698832
05,Chile,5,CH05,658,left,19,1.907005644,1.96428371,0.963252271,0.811430921,0.762308972
05,Chile,5,CH05,659,left,20,1.858466197,1.950437194,0.904645504,0.813567675,0.769581065
05,Chile,5,CH05,660,left,20,1.963117187,1.989216686,0.975885954,0.818030796,0.799697329
05,Chile,5,CH05,661,left,21,1.998178665,1.993648286,0.976775054,0.859457417,0.786226434
05,Chile,5,CH05,662,left,21,1.899848211,1.95157423,0.899084325,0.808245031,0.773362966
05,Chile,5,CH05,663,left,22,1.830556082,1.837130432,0.900772345,0.717196725,0.750514227
05,Chile,5,CH05,664,left,21,1.974617091,2.03738686,0.98508358,0.820062149,0.812529677
05,Chile,5,CH05,665,left,22,1.90619624,1.978593972,0.934924446,0.769110939,0.74851963
05,Chile,5,CH05,566,right,20,1.865924538,1.979763555,0.966101767,0.766284124,0.751156516
05,Chile,5,CH05,567,right,22,1.942111696,1.965388199,0.957150034,0.76240386,0.764677623
05,Chile,5,CH05,568,right,22,1.915080866,1.93235328,0.941093934,0.801143328,0.770958448
05,Chile,5,CH05,569,right,23,1.921805209,1.938296332,0.92863608,0.795737584,0.778273651
05,Chile,5,CH05,570,right,22,1.786666688,1.914766067,0.891326952,0.761517785,0.759520337
05,Chile,5,CH05,571,right,22,1.926817424,1.953167438,0.953616613,0.805854829,0.784722222
05,Chile,5,CH05,572,right,21,1.874446935,1.864851651,0.938091377,0.790721902,0.778273651
05,Chile,5,CH05,573,right,20,1.90273976,2.013936781,0.925671261,0.751445367,0.760789165
05,Chile,5,CH05,574,right,22,1.774696222,1.805555556,0.903978902,0.761264431,0.765434043
05,Chile,5,CH05,575,right,22,1.899937052,1.889093126,0.953844155,0.824957911,0.790721902
05,Chile,5,CH05,576,right,21,1.898629399,1.988840879,0.930477816,0.762561979,0.796918496
05,Chile,5,CH05,577,right,22,1.800473617,1.882059755,0.888509033,0.736405863,0.7684209
05,Chile,5,CH05,578,right,21,1.845968664,1.931005143,0.935053392,0.79555575,0.760123294
05,Chile,5,CH05,579,right,24,1.898896081,1.944556048,0.981405046,0.766284124,0.756976299
05,Chile,5,CH05,580,right,21,1.955721268,2.006956459,0.937988556,0.78573558,0.763888889
05,Chile,5,CH05,581,right,19,1.831227747,1.912195368,0.915034321,0.780871822,0.774609121
05,Chile,5,CH05,582,right,22,1.895820615,2.015085851,0.963877882,0.771083543,0.757740407
05,Chile,5,CH05,583,right,20,2.034852575,2.000301385,0.973337654,0.845113496,0.777808779
05,Chile,5,CH05,584,right,19,1.909532819,1.930568046,0.904005575,0.791818942,0.785490037
05,Chile,5,CH05,585,right,23,1.909974731,1.966271343,0.916298327,0.79096582,0.757453957
05,Chile,5,CH05,586,right,19,1.882674623,1.946873483,0.97541638,0.80474696,0.814160222
05,Chile,5,CH05,587,right,20,1.970717834,1.979276313,1.038072503,0.839818515,0.799365586
05,Chile,5,CH05,588,right,22,1.965179621,2.008973887,1.013627249,0.844656863,
05,Chile,5,CH05,589,right,19,1.863247634,1.913367733,0.874476254,0.757071855,0.772832742
05,Chile,5,CH05,590,right,22,1.834871514,1.916679247,0.895806416,0.760281888,0.777777778
05,Chile,5,CH05,591,right,20,1.796518517,1.923661251,0.962300565,0.820062149,0.763920454
05,Chile,5,CH05,592,right,18,1.862004864,1.951438315,0.969937792,0.840048178,0.798731875
05,Chile,5,CH05,593,right,24,1.936255076,2.016234266,0.92538468,0.792427753,0.790721902
05,Chile,5,CH05,594,right,22,1.798195469,1.910530132,0.840822826,0.697493307,0.744643941
05,Chile,5,CH05,595,right,23,1.872748133,1.966271343,0.911311165,0.807468992,0.828923517
05,Chile,5,CH05,596,right,22,1.992523158,2.034769624,0.976009488,0.839703661,0.793157709
05,Chile,5,CH05,597,right,21,1.857817359,1.986705913,0.921807973,0.715816949,0.730356173
05,Chile,5,CH05,598,right,21,1.816380478,1.855219738,0.906323166,0.756211419,0.736635034
05,Chile,5,CH05,599,right,20,1.997937304,1.9375,0.916692971,0.815196144,0.777901776
05,Chile,5,CH05,600,right,21,1.908320192,1.94622934,0.931824384,0.820767529,0.792427753
05,Chile,5,CH05,601,right,19,1.913443344,1.924626186,0.916298327,0.8102414,0.778273651
05,Chile,5,CH05,602,right,23,1.773269022,1.833333333,0.930270479,0.728405688,0.771333671
05,Chile,5,CH05,603,right,21,1.836382145,1.944890822,0.907280438,0.830231496,0.782999584
05,Chile,5,CH05,604,right,21,1.900406572,1.966504329,0.872709745,0.800420655,0.771614969
05,Chile,5,CH05,605,right,21,1.802187029,1.835554736,0.835789205,0.718003168,0.743574585
05,Chile,5,CH05,606,right,21,1.969604092,2.000301385,1.000964041,0.786226434,0.79412994
05,Chile,5,CH05,607,right,23,1.898515096,1.90309456,0.957678923,0.850205358,0.819915119
05,Chile,5,CH05,608,right,19,1.898896081,1.958444146,0.965877112,0.829882903,0.778273651
05,Chile,5,CH05,609,right,18,1.85063907,1.841338793,0.918269852,0.757071855,0.769204987
05,Chile,5,CH05,610,right,20,1.895171842,1.88893995,0.928921658,0.790599915,0.764172927
05,Chile,5,CH05,611,right,22,1.876452627,1.944642847,0.883774348,0.741886411,0.795343557
05,Chile,5,CH05,612,right,20,1.873314572,1.944642847,0.965902076,0.796040549,0.792427753
05,Chile,5,CH05,613,right,22,1.827457968,1.926817424,0.934821276,0.76240386,0.798731875
05,Chile,5,CH05,614,right,20,1.813032063,1.868055556,0.85987815,0.772208483,0.765906427
05,Chile,5,CH05,615,right,20,2.035587131,2.007713232,0.985450679,0.839703661,0.792153846
05,Chile,5,CH05,616,right,19,1.837917774,1.916867944,0.882928148,0.800541146,0.764677623
05,Chile,5,CH05,617,right,20,1.889514296,1.903398621,0.943269285,0.826418067,0.786686333
05,Chile,5,CH05,618,right,19,1.83049022,1.875,0.913953265,0.742795905,0.75003215
05,Chile,5,CH05,619,right,21,1.938893366,2.021417919,0.966101767,0.82519171,0.798731875
05,Chile,5,CH05,620,right,24,1.885132089,1.938507802,0.983760893,0.83944518,0.819709232
05,Chile,5,CH05,621,right,20,1.930205804,1.979763555,0.925488901,0.820062149,0.806632422
05,Chile,5,CH05,622,right,21,1.880085695,1.951438315,0.886335308,0.800541146,0.791605748
05,Chile,5,CH05,623,right,23,1.994216658,1.98064029,0.885246443,0.766095298,0.795343557
05,Chile,5,CH05,624,right,21,1.908711854,1.993491048,0.92863608,0.82519171,0.798882804
05,Chile,5,CH05,625,right,19,1.86879116,1.930605515,0.916692971,0.786655681,0.743088006
05,Chile,5,CH05,626,right,19,1.906702157,1.930755385,0.920027509,0.776412492,0.757740407
05,Chile,5,CH05,627,right,19,1.874768504,1.932066255,0.931694991,0.776101865,0.730785241
05,Chile,5,CH05,628,right,19,1.958505706,1.979471224,0.936290372,0.732992608,0.74386638
05,Chile,5,CH05,629,right,24,1.966639203,1.930755385,0.961272666,0.83104431,0.793157709
05,Chile,5,CH05,630,right,19,1.905082748,1.903233927,0.932212455,0.840851503,0.771958638
05,Chile,5,CH05,631,right,21,1.914904585,1.909734848,0.913953265,0.761517785,0.722355757
05,Chile,5,CH05,632,right,21,1.949361343,1.958776546,0.969365844,0.807468992,0.764677623
05,Chile,5,CH05,633,right,19,2.074576504,2.041855622,0.951794318,0.825016367,0.79178849
05,Chile,5,CH05,634,right,24,1.852280043,1.896151276,0.882600369,0.697389588,0.745129504
05,Chile,5,CH05,635,right,18,1.954352238,2.007052573,0.966101767,0.790721902,0.792427753
05,Chile,5,CH05,636,right,21,1.937699114,1.928130971,0.920891987,0.78336904,0.757740407
05,Chile,5,CH05,637,right,21,1.872748133,1.951586585,0.946815855,0.748004031,0.75
05,Chile,5,CH05,638,right,20,1.905323216,1.958444146,0.947732227,0.756785151,0.743055556
05,Chile,5,CH05,639,right,24,1.846778351,1.875630038,0.901735509,0.722355757,0.760789165
05,Chile,5,CH05,640,right,21,1.875578614,1.923623646,0.950577513,0.786655681,0.785490037
05,Chile,5,CH05,641,right,21,1.997732125,2.042091792,0.830579942,0.778273651,
05,Chile,5,CH05,642,right,20,1.772357732,1.902828466,0.872958377,0.81059844,0.78521371
05,Chile,5,CH05,643,right,22,1.83450352,1.930555556,0.906323166,0.815136984,0.778273651
05,Chile,5,CH05,644,right,22,1.999047323,1.98688796,0.992278251,0.810955322,0.764172927
05,Chile,5,CH05,645,right,22,2.00935793,2.056505505,0.990721811,0.858025385,0.779821224
05,Chile,5,CH05,646,right,23,1.871305517,1.994518917,0.959691067,0.815196144,0.79178849
05,Chile,5,CH05,647,right,19,1.826336079,1.882149435,0.923402232,0.781149685,0.786226434
05,Chile,5,CH05,648,right,22,1.953759928,2.028360362,0.935053392,0.81059844,0.813182287
05,Chile,5,CH05,649,right,22,1.917773432,1.993164438,0.916298327,0.810955322,0.787207226
05,Chile,5,CH05,650,right,20,2.002048527,2.013936781,0.953844155,0.797674572,0.7927624
05,Chile,5,CH05,651,right,21,1.916326963,1.916716988,0.920027509,0.752599661,0.771614969
05,Chile,5,CH05,652,right,22,1.947542175,1.958444146,0.944980444,0.78573558,0.77889305
05,Chile,5,CH05,653,right,22,1.879572614,1.965474077,0.954425406,0.792427753,0.784722222
05,Chile,5,CH05,654,right,21,1.890343598,1.910340809,0.895860249,0.797009263,0.759520337
05,Chile,5,CH05,655,right,22,1.94108092,1.951401246,0.922461691,0.824957911,0.791697124
05,Chile,5,CH05,656,right,20,1.907182655,1.923924463,0.96287671,0.790721902,0.771114813
05,Chile,5,CH05,657,right,21,1.936255076,2.02853867,0.924263554,0.844828129,0.78521371
05,Chile,5,CH05,658,right,20,1.834871514,1.888901654,0.913953265,0.772208483,0.765024409
05,Chile,5,CH05,659,right,21,1.83093804,1.938296332,0.894432583,0.78573558,0.765434043
05,Chile,5,CH05,660,right,23,1.92991846,2.007376924,0.973337654,0.844599766,0.799094057
05,Chile,5,CH05,661,right,23,1.965584487,1.98064029,0.94722324,0.820767529,0.806303532
05,Chile,5,CH05,662,right,22,1.92312218,1.923611111,0.904512223,0.775915429,0.770864614
05,Chile,5,CH05,663,right,21,1.79583387,1.801624995,0.922592379,0.725021285,0.772957534
05,Chile,5,CH05,664,right,22,1.97164751,2.007713232,0.950399932,0.812025027,0.816289832
05,Chile,5,CH05,665,right,21,1.87269663,1.972234448,0.885110241,0.73820457,0.765024409
05,Ribeirao_Preto,5,RP05,541,left,24,1.944602334,2.04356006,0.924531222,0.828324274,0.788873677
05,Ribeirao_Preto,5,RP05,542,left,21,1.904878515,1.935417583,0.922311769,0.843668121,0.783260374
05,Ribeirao_Preto,5,RP05,543,left,23,1.949914366,1.970468769,0.955314576,0.851661109,0.803740827
05,Ribeirao_Preto,5,RP05,544,left,20,1.841025419,1.914940241,0.913907842,0.810849223,0.773596241
05,Ribeirao_Preto,5,RP05,545,left,21,1.819804071,1.956296879,0.919431584,0.757788261,0.760107459
05,Ribeirao_Preto,5,RP05,546,left,23,1.818982411,1.890125632,0.888463385,0.771692635,0.72782755
05,Ribeirao_Preto,5,RP05,547,left,21,1.87625933,1.899694404,0.915726461,0.786302054,0.757215312
05,Ribeirao_Preto,5,RP05,548,left,20,1.831637228,1.888913363,0.924948406,0.753224479,0.745502196
05,Ribeirao_Preto,5,RP05,549,left,20,1.882712244,1.936214738,0.917961836,0.812957759,0.785657833
05,Ribeirao_Preto,5,RP05,550,left,21,1.882712244,1.959289601,0.902571989,0.809748233,0.763051844
05,Ribeirao_Preto,5,RP05,551,left,20,1.866751403,1.944655247,0.94395923,0.811282326,0.749549762
05,Ribeirao_Preto,5,RP05,552,left,20,1.8493493,1.920949469,0.905425915,0.745113981,0.71320359
05,Ribeirao_Preto,5,RP05,553,left,22,1.76943429,1.928790981,0.931468519,0.807272982,0.743072525
05,Ribeirao_Preto,5,RP05,554,left,20,1.807920139,1.897510058,0.898287519,0.820985417,0.777668565
05,Ribeirao_Preto,5,RP05,555,left,21,1.733420191,1.882725051,0.816272826,0.839772308,0.798443496
05,Ribeirao_Preto,5,RP05,556,left,20,1.822915065,1.975308481,0.891957394,0.796992659,0.776085697
05,Ribeirao_Preto,5,RP05,557,left,20,1.902091752,1.913403482,0.902999318,0.809748233,0.768342131
05,Ribeirao_Preto,5,RP05,558,left,20,1.79035038,1.869061863,0.903746657,0.780886432,0.737568329
05,Ribeirao_Preto,5,RP05,559,left,20,1.860463317,1.930777603,0.933743676,0.828673508,0.779743136
05,Ribeirao_Preto,5,RP05,560,left,20,1.827103204,1.87810895,0.891064882,0.715802036,0.679584092
05,Ribeirao_Preto,5,RP05,561,left,22,1.948788781,2.02869847,1.000003279,0.82640085,0.779743136
05,Ribeirao_Preto,5,RP05,562,left,20,1.863454678,1.889168642,0.870118267,0.738189191,0.736128531
05,Ribeirao_Preto,5,RP05,563,left,19,1.853399655,1.990447588,0.976581891,0.736554219,0.757056083
05,Ribeirao_Preto,5,RP05,564,left,21,1.918349457,1.958735739,0.913089602,0.780886432,0.772348505
05,Ribeirao_Preto,5,RP05,565,left,19,1.836475186,1.901394422,0.882773197,0.721973436,0.729283736
05,Ribeirao_Preto,5,RP05,566,left,19,1.892955488,1.967247936,0.899065594,0.808228193,0.774032474
05,Ribeirao_Preto,5,RP05,567,left,24,1.859127956,1.949864903,0.875973252,0.791315071,0.776085697
05,Ribeirao_Preto,5,RP05,568,left,19,1.890954632,1.973317814,0.91298397,0.807004125,0.772941431
05,Ribeirao_Preto,5,RP05,569,left,22,1.87759535,1.94862793,0.873602847,0.759314011,0.73560427
05,Ribeirao_Preto,5,RP05,570,left,20,1.884401992,1.939748161,0.898931492,0.776551581,0.746633337
05,Ribeirao_Preto,5,RP05,571,left,21,1.846883491,1.93830571,0.911847645,0.813550726,0.773346855
05,Ribeirao_Preto,5,RP05,572,left,22,1.868649005,1.936550939,0.886316843,0.737601019,0.721839836
05,Ribeirao_Preto,5,RP05,573,left,18,1.818319512,1.885745029,0.913802304,0.744207359,0.712425593
05,Ribeirao_Preto,5,RP05,574,left,20,1.893554059,1.932961777,0.907022319,0.775899265,0.74627802
05,Ribeirao_Preto,5,RP05,575,left,22,1.788908771,1.964144584,0.909517716,0.83888176,0.768059646
05,Ribeirao_Preto,5,RP05,576,left,20,1.880174774,1.927828171,0.923356882,0.790613942,0.765386595
05,Ribeirao_Preto,5,RP05,577,left,18,1.85246274,1.941947078,0.879955406,0.843811006,0.781503734
05,Ribeirao_Preto,5,RP05,578,left,20,1.954422559,1.991561735,0.97125907,0.823595124,0.776085697
05,Ribeirao_Preto,5,RP05,579,left,23,1.91521723,1.981962037,0.901422539,0.759314011,0.756259433
05,Ribeirao_Preto,5,RP05,580,left,22,1.8493493,1.98466095,0.914382613,0.815356612,0.736783333
05,Ribeirao_Preto,5,RP05,581,left,19,1.945817084,1.972890109,0.911847645,0.815563589,0.749083647
05,Ribeirao_Preto,5,RP05,582,left,20,1.875333836,1.948417567,0.939202103,0.80912268,0.746633337
05,Ribeirao_Preto,5,RP05,583,left,22,1.847040149,1.949419684,0.936322371,0.803290712,0.736030261
05,Ribeirao_Preto,5,RP05,584,left,22,1.863066461,1.957873863,0.935652594,0.786210055,0.771598894
05,Ribeirao_Preto,5,RP05,585,left,21,1.888543147,1.927177689,0.91456718,0.769094916,0.728622194
05,Ribeirao_Preto,5,RP05,586,left,21,1.864605913,1.942480902,0.868065248,0.787527684,0.763146635
05,Ribeirao_Preto,5,RP05,587,left,21,1.815240492,1.872194037,0.851746039,0.704256085,0.704803665
05,Ribeirao_Preto,5,RP05,588,left,22,1.853412664,1.887278758,0.817925321,0.75130135,0.760107459
05,Ribeirao_Preto,5,RP05,589,left,23,1.948875388,1.971166126,0.982955759,0.810938427,0.788415074
05,Ribeirao_Preto,5,RP05,590,left,19,1.932575046,1.991416447,0.931675581,0.835079117,0.788873677
05,Ribeirao_Preto,5,RP05,591,left,23,1.801239456,1.926889905,0.934904968,0.802780276,0.768342131
05,Ribeirao_Preto,5,RP05,592,left,17,1.938566923,1.946188794,0.922364053,0.808228193,0.724939664
05,Ribeirao_Preto,5,RP05,593,left,23,1.849896811,1.91312623,0.931468519,0.773596241,0.749373285
05,Ribeirao_Preto,5,RP05,594,left,22,1.88635867,1.947897748,0.919431584,0.847233032,0.777823575
05,Ribeirao_Preto,5,RP05,595,left,20,1.794708564,1.886563173,0.898931492,0.773596241,0.75466361
05,Ribeirao_Preto,5,RP05,596,left,19,1.81198326,1.880674849,0.97125907,0.777792575,0.755908641
05,Ribeirao_Preto,5,RP05,597,left,23,1.844048311,1.922517822,0.882882444,0.822628445,0.786547333
05,Ribeirao_Preto,5,RP05,598,left,21,1.84751004,1.91220597,0.931468519,0.816951934,0.753224479
05,Ribeirao_Preto,5,RP05,599,left,22,1.919693865,1.996253688,0.950380132,0.834039023,0.774032474
05,Ribeirao_Preto,5,RP05,600,left,20,1.853412664,1.887278758,0.817925321,0.75130135,0.760107459
05,Ribeirao_Preto,5,RP05,601,left,20,1.925002004,1.928130971,0.901173789,0.76240386,0.747713851
05,Ribeirao_Preto,5,RP05,602,left,21,1.762986427,1.872851135,0.873041238,0.733354377,0.723856324
05,Ribeirao_Preto,5,RP05,603,left,20,1.801946179,1.905361182,0.892462435,0.81947387,0.772208483
05,Ribeirao_Preto,5,RP05,604,left,21,1.853633402,1.952685907,0.922043365,0.807020937,0.754743232
05,Ribeirao_Preto,5,RP05,605,left,21,1.799147282,1.900863291,0.955334479,0.853375876,0.793643973
05,Ribeirao_Preto,5,RP05,606,left,21,1.856960546,1.870106784,0.904858713,0.814752339,0.753624217
05,Ribeirao_Preto,5,RP05,607,left,20,1.877634466,1.921817756,0.923376119,0.757071855,0.714164452
05,Ribeirao_Preto,5,RP05,608,left,20,1.841783975,1.956337636,0.955334479,0.821002521,0.759615572
05,Ribeirao_Preto,5,RP05,609,left,21,1.87672246,1.985795429,0.929129297,0.770958448,0.749388897
05,Ribeirao_Preto,5,RP05,610,left,20,1.90608239,1.946650534,0.91798096,0.847478331,0.784230426
05,Ribeirao_Preto,5,RP05,611,left,20,1.876028524,1.950202288,0.93922167,0.790630413,0.765055927
05,Ribeirao_Preto,5,RP05,612,left,20,1.944258424,1.983851667,0.977293322,0.812974695,0.759615572
05,Ribeirao_Preto,5,RP05,613,left,19,1.890994027,1.925127261,0.903978902,0.758503746,0.733157071
05,Ribeirao_Preto,5,RP05,614,left,22,1.902131378,1.983110106,0.957628565,0.809050131,0.775200342
05,Ribeirao_Preto,5,RP05,615,left,20,1.881483133,1.97164751,0.966501023,0.795979965,0.772957534
05,Ribeirao_Preto,5,RP05,616,left,20,1.877891289,1.930318231,0.905444779,0.816762324,0.774795871
05,Ribeirao_Preto,5,RP05,617,left,20,1.837773453,1.953513079,0.948774795,0.828341531,0.769863003
05,Ribeirao_Preto,5,RP05,618,left,20,1.796612467,1.893096824,0.907280438,0.818296041,0.742373779
05,Ribeirao_Preto,5,RP05,619,left,23,1.881483133,1.956805945,0.937911432,0.816968954,0.773612358
05,Ribeirao_Preto,5,RP05,620,left,20,1.900355819,1.96134766,0.925905671,0.866721197,0.778180699
05,Ribeirao_Preto,5,RP05,541,right,20,1.954586644,2.015612289,0.919450738,0.793157709,0.799094057
05,Ribeirao_Preto,5,RP05,542,right,22,1.920949469,1.954508916,0.90136904,0.811414016,0.776085697
05,Ribeirao_Preto,5,RP05,543,right,22,1.901292971,1.926777283,0.918775737,0.82075043,0.787772581
05,Ribeirao_Preto,5,RP05,544,right,21,1.833623912,1.919455207,0.861233166,0.778876823,0.7753086
05,Ribeirao_Preto,5,RP05,545,right,21,1.859737414,1.912155532,0.864809314,0.736226789,0.780392239
05,Ribeirao_Preto,5,RP05,546,right,21,1.824964094,1.888964422,0.850329436,0.766016388,0.736226789
05,Ribeirao_Preto,5,RP05,547,right,20,1.854076021,1.896823756,0.912270628,0.769094916,0.765418097
05,Ribeirao_Preto,5,RP05,548,right,20,1.840134617,1.861124161,0.904493379,0.717517905,0.722507588
05,Ribeirao_Preto,5,RP05,549,right,22,1.815638935,1.924022238,0.851292983,0.791315071,0.752039131
05,Ribeirao_Preto,5,RP05,550,right,21,1.900252787,1.947192058,0.882254087,0.795478556,0.765418097
05,Ribeirao_Preto,5,RP05,551,right,22,1.869655188,1.868842544,0.910021274,0.800524468,0.763999224
05,Ribeirao_Preto,5,RP05,552,right,21,1.800944937,1.882532939,0.870118267,0.737143227,0.722741156
05,Ribeirao_Preto,5,RP05,553,right,21,1.795715896,1.930565295,0.889765084,0.790705429,0.770848555
05,Ribeirao_Preto,5,RP05,554,right,19,1.82571703,1.854453118,0.860336807,0.80535916,0.784828773
05,Ribeirao_Preto,5,RP05,555,right,21,1.764016173,1.874832336,0.766802901,0.812720451,0.765890471
05,Ribeirao_Preto,5,RP05,556,right,21,1.822743106,1.935018882,0.847460676,0.792411244,0.765418097
05,Ribeirao_Preto,5,RP05,557,right,18,1.888555914,1.899046982,0.905239485,0.765670066,0.745113981
05,Ribeirao_Preto,5,RP05,558,right,18,1.796964203,1.855700893,0.861233166,0.796023965,0.750112962
05,Ribeirao_Preto,5,RP05,559,right,20,1.899694404,1.926777283,0.957658972,0.793991934,0.782213028
05,Ribeirao_Preto,5,RP05,560,right,20,1.848397288,1.90294088,0.86335829,0.716980035,0.687520749
05,Ribeirao_Preto,5,RP05,561,right,22,1.905637834,1.993788161,0.956701741,0.840375046,0.791771994
05,Ribeirao_Preto,5,RP05,562,right,21,1.848449465,1.91094462,0.855361852,0.749534147,0.729680374
05,Ribeirao_Preto,5,RP05,563,right,21,1.872812118,1.947192058,0.876688625,0.71687914,0.757183469
05,Ribeirao_Preto,5,RP05,564,right,22,1.931314515,1.923583572,0.876220947,0.766016388,0.744628428
05,Ribeirao_Preto,5,RP05,565,right,22,1.791158251,1.902750809,0.853923011,0.731792142,0.73182509
05,Ribeirao_Preto,5,RP05,566,right,21,1.879687393,1.955347613,0.885963116,0.790613942,0.788415074
05,Ribeirao_Preto,5,RP05,567,right,24,1.865937354,1.954915975,0.885963116,0.796054255,0.76702298
05,Ribeirao_Preto,5,RP05,568,right,22,1.863351161,1.931314515,0.901716724,0.801608048,0.758074573
05,Ribeirao_Preto,5,RP05,569,right,22,1.867190368,1.909884442,0.842094779,0.76702298,0.746956206
05,Ribeirao_Preto,5,RP05,570,right,20,1.90315627,1.897332152,0.863469994,0.769094916,0.762293091
05,Ribeirao_Preto,5,RP05,571,right,19,1.874086267,1.916677057,0.899253305,0.786639293,0.780268642
05,Ribeirao_Preto,5,RP05,572,right,19,1.879533457,1.944850304,0.87776059,0.717181783,0.715397705
05,Ribeirao_Preto,5,RP05,573,right,20,1.817576778,1.868842544,0.901823676,0.752071192,0.736128531
05,Ribeirao_Preto,5,RP05,574,right,18,1.910073803,1.897942047,0.925547778,0.810938427,0.765008471
05,Ribeirao_Preto,5,RP05,575,right,21,1.831466088,1.940257737,0.897535634,0.82640085,0.7753086
05,Ribeirao_Preto,5,RP05,576,right,20,1.868519968,1.909682437,0.929447246,0.801126638,0.770848555
05,Ribeirao_Preto,5,RP05,577,right,20,1.889117589,1.930565295,0.882336072,0.80040398,0.756928675
05,Ribeirao_Preto,5,RP05,578,right,21,1.953472381,1.967309217,0.983740398,0.78261365,0.772348505
05,Ribeirao_Preto,5,RP05,579,right,22,1.832676888,1.944602334,0.839082934,0.770942387,0.756960529
05,Ribeirao_Preto,5,RP05,580,right,21,1.868068268,1.944713925,0.919510254,0.780762913,0.757438177
05,Ribeirao_Preto,5,RP05,581,right,18,1.954545925,1.960372259,0.8921466,0.781997224,0.757724621
05,Ribeirao_Preto,5,RP05,582,right,21,1.88486257,1.916677057,0.897562498,0.790949342,0.752583982
05,Ribeirao_Preto,5,RP05,583,right,23,1.816860282,1.909695063,0.869397489,0.790949342,0.73471873
05,Ribeirao_Preto,5,RP05,584,right,21,1.869874412,1.889053771,0.903960069,0.781997224,0.756960529
05,Ribeirao_Preto,5,RP05,585,right,21,1.88385171,1.889666338,0.895841586,0.774437327,0.755398108
05,Ribeirao_Preto,5,RP05,586,right,19,1.885297456,1.931127237,0.885636474,0.771317602,0.764377848
05,Ribeirao_Preto,5,RP05,587,right,20,1.81586468,1.872194037,0.795721006,0.657108379,0.716980035
05,Ribeirao_Preto,5,RP05,588,right,22,1.852241455,1.861188937,0.855305472,0.773565072,0.776924087
05,Ribeirao_Preto,5,RP05,589,right,22,1.944899894,1.979125435,0.944143892,0.790583444,0.758074573
05,Ribeirao_Preto,5,RP05,590,right,20,1.944217919,1.973940877,0.922573159,0.8302142,0.791650174
05,Ribeirao_Preto,5,RP05,591,right,21,1.834780723,1.917645467,0.928980174,0.765670066,0.772816642
05,Ribeirao_Preto,5,RP05,592,right,19,1.852241455,1.923884382,0.899253305,0.776830978,0.749984375
05,Ribeirao_Preto,5,RP05,593,right,20,1.861966073,1.88191805,0.907872586,0.756450705,0.743040076
05,Ribeirao_Preto,5,RP05,594,right,21,1.874086267,1.895844711,0.881297032,0.829865614,0.771098749
05,Ribeirao_Preto,5,RP05,595,right,21,1.839924954,1.868029546,0.861345146,0.771692635,0.757056083
05,Ribeirao_Preto,5,RP05,596,right,18,1.822134506,1.874253515,0.876688625,0.779155386,0.765386595
05,Ribeirao_Preto,5,RP05,597,right,22,1.864967952,1.894470652,0.840375046,0.772567004,0.790064799
05,Ribeirao_Preto,5,RP05,598,right,20,1.854219067,1.892114622,0.926745359,0.792411244,0.76150192
05,Ribeirao_Preto,5,RP05,599,right,21,1.872812118,1.982241825,0.924609458,0.800524468,0.772348505
05,Ribeirao_Preto,5,RP05,600,right,21,1.925976222,1.949357839,0.868703868,0.699997817,0.723841244
05,Ribeirao_Preto,5,RP05,601,right,20,1.913959945,1.902980524,0.867416431,0.780902701,0.750289296
05,Ribeirao_Preto,5,RP05,602,right,21,1.788986475,1.861434984,0.845854999,0.731675578,0.73246608
05,Ribeirao_Preto,5,RP05,603,right,22,1.804553675,1.916981154,0.918269852,0.79096582,0.765434043
05,Ribeirao_Preto,5,RP05,604,right,23,1.882187869,1.951438315,0.883774348,0.780902701,0.763920454
05,Ribeirao_Preto,5,RP05,605,right,19,1.836933544,1.904601721,0.915850858,0.78521371,0.773362966
05,Ribeirao_Preto,5,RP05,606,right,22,1.854933778,1.875321474,0.899272039,0.786655681,0.743347554
05,Ribeirao_Preto,5,RP05,607,right,22,1.874048112,1.923623646,0.876871895,0.741626351,0.722355757
05,Ribeirao_Preto,5,RP05,608,right,18,1.854114648,1.90404459,0.914770767,0.7895928,0.757071855
05,Ribeirao_Preto,5,RP05,609,right,22,1.84289646,1.979763555,0.926816701,0.741496287,0.722522641
05,Ribeirao_Preto,5,RP05,610,right,21,1.934199199,1.931354751,0.909907742,0.830231496,0.798882804
05,Ribeirao_Preto,5,RP05,611,right,21,1.873314572,1.951438315,0.895806416,0.757231087,0.757740407
05,Ribeirao_Preto,5,RP05,612,right,24,1.9338127,1.934598086,0.96670059,0.798460131,0.752375354
05,Ribeirao_Preto,5,RP05,613,right,19,1.928631135,1.937947977,0.863487983,0.750514227,0.753880138
05,Ribeirao_Preto,5,RP05,614,right,21,1.927955884,1.96728892,0.926764666,0.780871822,0.771927402
05,Ribeirao_Preto,5,RP05,615,right,21,1.879726553,1.948458159,0.901735509,0.755924389,0.766818876
05,Ribeirao_Preto,5,RP05,616,right,20,1.864489575,1.944456845,0.901842464,0.785919686,0.771958638
05,Ribeirao_Preto,5,RP05,617,right,20,1.836342753,1.919495196,0.903792165,0.821237445,0.767196124
05,Ribeirao_Preto,5,RP05,618,right,20,1.827457968,1.842163604,0.848047185,0.787880811,0.736929576
05,Ribeirao_Preto,5,RP05,619,right,22,1.925002004,1.953809294,0.918269852,0.792427753,0.780284898
05,Ribeirao_Preto,5,RP05,620,right,20,1.899733981,1.905626922,0.905444779,0.835009888,0.782999584
07,Chile,7,CH07,766,left,21,1.852709581,1.896291154,0.854053741,0.727809584,0.778273651
07,Chile,7,CH07,767,left,20,1.928631135,1.945448649,0.923088825,0.791818942,0.790721902
07,Chile,7,CH07,768,left,21,1.798557485,1.895629822,0.953616613,0.76703896,0.746648892
07,Chile,7,CH07,769,left,20,1.993938538,1.993055556,0.879562619,0.792427753,0.80854331
07,Chile,7,CH07,770,left,22,1.968918399,2.007244787,0.900772345,0.790721902,0.780871822
07,Chile,7,CH07,771,left,21,2.008133539,2.007052573,0.966575866,0.81059844,0.8125
07,Chile,7,CH07,772,left,17,1.861124067,1.927668205,0.978402972,0.742276331,0.746293568
07,Chile,7,CH07,773,left,21,1.937612004,2.039456949,0.976602237,0.810360431,0.792427753
07,Chile,7,CH07,774,left,21,1.866195894,1.944456845,0.938322684,0.840048178,0.802256174
07,Chile,7,CH07,775,left,20,1.934498372,2.023885629,1.037956355,0.815373598,0.806303532
07,Chile,7,CH07,776,left,19,1.840068122,1.939937734,0.919319604,0.786226434,0.792427753
07,Chile,7,CH07,777,left,20,1.92710523,2.003084042,0.96617664,0.800541146,0.773362966
07,Chile,7,CH07,778,left,24,1.905184002,1.93235328,0.972073401,0.785919686,0.772832742
07,Chile,7,CH07,779,left,18,1.83596192,1.961753318,0.916903379,0.749549762,0.754743232
07,Chile,7,CH07,780,left,23,1.965621289,1.974617091,0.863571753,0.824957911,0.802947166
07,Chile,7,CH07,781,left,23,1.869036298,1.895846052,0.95943978,0.83200125,0.822059152
07,Chile,7,CH07,782,left,22,1.812553213,1.965412736,0.940171092,0.756211419,0.764172927
07,Chile,7,CH07,783,left,23,1.818649105,1.881790687,0.895483351,0.75170203,0.772832742
07,Chile,7,CH07,784,left,20,1.890789995,1.963227729,0.977786656,0.731675578,0.764677623
07,Chile,7,CH07,785,left,23,1.941180296,2.01734617,1.01676248,0.821237445,0.801624749
07,Chile,7,CH07,786,left,20,1.873507637,1.891045032,0.95989205,0.78573558,0.77889305
07,Chile,7,CH07,787,left,21,1.918339146,1.971207192,1.017639562,0.811430921,0.787207226
07,Chile,7,CH07,788,left,20,1.892523566,1.948458159,0.990940833,0.79096582,0.798882804
07,Chile,7,CH07,789,left,21,1.861344305,1.932665214,0.944138022,0.780902701,0.772364595
07,Chile,7,CH07,790,left,22,1.857817359,1.924225233,0.959691067,0.795495129,0.750417836
07,Chile,7,CH07,791,left,22,1.962232623,1.971207192,1.011245603,0.796040549,0.799697329
07,Chile,7,CH07,792,left,21,1.911892706,1.933750354,0.94722324,0.794979666,0.778056746
07,Chile,7,CH07,793,left,21,2.021417919,2.032528681,0.944367848,0.805555556,0.790081259
07,Chile,7,CH07,794,left,19,1.987822204,2.013996645,1.031080467,0.854477134,0.82519171
07,Chile,7,CH07,795,left,22,1.994700251,2.024278754,0.928843782,0.770958448,0.786226434
07,Chile,7,CH07,796,left,21,1.992523158,1.966271343,0.965877112,0.815373598,0.799094057
07,Chile,7,CH07,797,left,22,1.96792617,1.961101767,0.987772466,0.82519171,0.799365586
07,Chile,7,CH07,798,left,24,1.973615509,2.012751115,0.975885954,0.785674201,0.799697329
07,Chile,7,CH07,799,left,18,1.896392876,1.90091403,0.963877882,0.766095298,0.778273651
07,Chile,7,CH07,800,left,21,1.916716988,1.97994624,0.994293129,0.79096582,0.794706639
07,Chile,7,CH07,801,left,25,2.029513146,2.049634867,0.917350334,0.810360431,0.81059844
07,Chile,7,CH07,802,left,22,1.972772322,2.002710836,0.928843782,0.790721902,0.800541146
07,Chile,7,CH07,803,left,21,1.912561021,1.991457935,0.94395923,0.756466465,0.799697329
07,Chile,7,CH07,804,left,20,1.846138467,1.883494134,0.888264755,0.777405665,0.784998722
07,Chile,7,CH07,805,left,21,1.868829868,1.907245869,0.914586233,0.787880811,0.780284898
07,Chile,7,CH07,806,left,23,1.898184846,1.965719424,0.916298327,0.834836607,0.805585488
07,Chile,7,CH07,807,left,22,1.905019462,1.963755791,0.926504449,0.797009263,0.769204987
07,Chile,7,CH07,808,left,18,1.917597399,1.924062322,0.919450738,0.727842713,0.757740407
07,Chile,7,CH07,809,left,18,1.877891289,1.965412736,0.940171092,0.821824463,0.820885033
07,Chile,7,CH07,810,left,19,1.912561021,2.038144165,1.036863928,0.796464506,0.779821224
07,Chile,7,CH07,811,left,18,1.876414076,2.003481249,1.004066769,0.84739297,0.805375938
07,Chile,7,CH07,812,left,20,1.952920514,1.957360377,0.994899221,0.771333671,0.786686333
07,Chile,7,CH07,813,left,23,1.885055342,1.914274876,0.894863816,0.78573558,0.81439712
07,Chile,7,CH07,814,left,25,1.816260998,1.856363139,0.956545232,0.761517785,0.784845123
07,Chile,7,CH07,815,left,20,1.918389423,1.97994624,0.956545232,0.786226434,0.793157709
07,Chile,7,CH07,816,left,21,1.876555425,1.925415319,0.882053799,0.780779179,0.798641304
07,Chile,7,CH07,817,left,21,1.933625656,1.996548913,1.015718479,0.805555556,0.791605748
07,Chile,7,CH07,818,left,22,1.928956172,1.970681127,0.929336889,0.818914612,0.802586723
07,Chile,7,CH07,819,left,21,1.880213944,1.945795661,0.933892235,0.782629954,0.764046701
07,Chile,7,CH07,820,left,19,1.931666846,1.893491635,0.972470206,0.796464506,0.782229324
07,Chile,7,CH07,821,left,20,2.034615564,2.043980171,1.012484758,0.790599915,0.797614112
07,Chile,7,CH07,822,left,,1.891567749,2.000108504,1.012675263,0.805316056,0.807468992
07,Chile,7,CH07,823,left,20,1.870583791,1.905259938,0.913821342,0.780902701,0.788431499
07,Chile,7,CH07,824,left,23,2.00031344,2.068675286,1.045940307,0.780902701,0.777839779
07,Chile,7,CH07,825,left,22,2.001458284,2.028277146,0.954728526,0.810955322,0.799697329
07,Chile,7,CH07,826,left,20,2.0155764,1.968820423,0.975193871,0.82519171,0.833593709
07,Chile,7,CH07,827,left,24,1.990186185,2.070388021,0.930089021,0.820414915,0.785674201
07,Chile,7,CH07,828,left,21,1.863105275,1.984033976,1.002143728,0.8102414,0.820062149
07,Chile,7,CH07,829,left,22,1.910984431,1.951586585,0.972668548,0.745129504,0.777901776
07,Chile,7,CH07,830,left,22,1.823230793,1.901434035,0.901173789,0.733650237,0.755413845
07,Chile,7,CH07,831,left,22,1.957545153,1.961482889,0.98508358,0.712034177,
07,Chile,7,CH07,832,left,22,1.917371046,1.967350203,0.947350513,0.761517785,0.793157709
07,Chile,7,CH07,833,left,22,1.928956172,1.888135573,0.832406892,0.82519171,0.781520015
07,Chile,7,CH07,834,left,22,2.008901871,1.97984881,0.948368075,0.786655681,0.795343557
07,Chile,7,CH07,835,left,22,1.800875344,1.846752238,0.949333749,0.735357318,0.727842713
07,Chile,7,CH07,836,left,20,1.853529333,1.918238586,0.923010456,0.851225741,0.828254197
07,Chile,7,CH07,837,left,24,1.905184002,1.967681098,0.987992142,0.736831409,0.765906427
07,Chile,7,CH07,838,left,24,1.945349492,2.021131612,0.975490538,0.748712887,0.79361359
07,Chile,7,CH07,839,left,21,1.978971725,2.029513146,0.971155168,0.83944518,0.773612358
07,Chile,7,CH07,840,left,20,1.96065908,2.036427992,0.984569413,0.844599766,0.833449066
07,Chile,7,CH07,841,left,20,1.894917361,1.952179555,0.944138022,0.790599915,0.806632422
07,Chile,7,CH07,842,left,20,1.942074449,1.95893657,0.925488901,0.781149685,0.784752949
07,Chile,7,CH07,843,left,22,1.973615509,2.072425146,1.019580675,0.785674201,0.826855611
07,Chile,7,CH07,844,left,19,1.94371266,1.953476049,1.000602635,0.846652814,0.782044349
07,Chile,7,CH07,845,left,22,2.005983045,2.036723987,0.98508358,0.79555575,0.789898122
07,Chile,7,CH07,766,right,18,1.864968018,1.89016501,0.888264755,0.76303614,0.806303532
07,Chile,7,CH07,767,right,21,1.901573524,1.931167469,0.901842464,0.801624749,0.807468992
07,Chile,7,CH07,768,right,22,1.795592168,1.854634772,0.882928148,0.75208686,
07,Chile,7,CH07,769,right,23,1.92441319,1.958444146,0.856309417,0.778087736,0.815196144
07,Chile,7,CH07,770,right,22,1.977350531,2.007713232,0.903765485,0.811430921,0.826388889
07,Chile,7,CH07,771,right,22,1.97234448,1.98816182,0.987601573,0.795737584,0.80603434
07,Chile,7,CH07,772,right,20,1.86779738,1.898692898,0.938014262,0.719445785,0.76703896
07,Chile,7,CH07,773,right,22,1.893631709,2.000301385,0.925671261,0.777405665,0.771333671
07,Chile,7,CH07,774,right,20,1.855323713,1.882572159,0.965902076,0.830231496,0.784998722
07,Chile,7,CH07,775,right,24,1.91940726,1.973554421,1.079431185,0.785919686,0.806632422
07,Chile,7,CH07,776,right,21,1.83450352,1.958776546,0.993274063,0.76703896,0.779295394
07,Chile,7,CH07,777,right,20,1.888403737,1.965584487,0.913108625,0.800782073,0.798611111
07,Chile,7,CH07,778,right,22,1.882367214,1.909924232,0.963577639,0.795495129,0.798731875
07,Chile,7,CH07,779,right,20,1.819523959,1.889093126,0.901842464,0.714063154,0.729464225
07,Chile,7,CH07,780,right,22,1.932565401,1.951438315,0.919450738,0.801624749,0.784722222
07,Chile,7,CH07,781,right,20,1.842674016,1.919495196,0.945924086,0.788676125,0.823143722
07,Chile,7,CH07,782,right,22,1.821153248,1.924864213,0.902777778,0.748616265,0.767698832
07,Chile,7,CH07,783,right,20,1.857492855,1.877172096,0.867138404,0.747326769,0.780902701
07,Chile,7,CH07,784,right,23,1.885336734,1.937612004,0.922383269,0.715816949,0.77395514
07,Chile,7,CH07,785,right,21,1.982952033,2.006956459,1.028012361,0.806273626,0.81947387
07,Chile,7,CH07,786,right,21,1.830516565,1.883225271,0.919450738,0.770050904,0.785827638
07,Chile,7,CH07,787,right,22,1.894828285,1.973212291,0.959665941,0.834778839,0.799697329
07,Chile,7,CH07,788,right,22,1.870222824,1.924062322,0.934924446,0.772832742,0.79412994
07,Chile,7,CH07,789,right,23,1.793832132,1.903588635,0.915850858,0.776847162,0.772832742
07,Chile,7,CH07,790,right,21,1.849426942,1.923811662,0.922461691,0.775915429,0.764078259
07,Chile,7,CH07,791,right,22,1.897409804,1.972234448,0.969365844,0.772832742,0.799365586
07,Chile,7,CH07,792,right,21,1.890624203,1.9375,0.917350334,0.79096582,0.785827638
07,Chile,7,CH07,793,right,22,2.02168033,2.014080451,0.920787245,0.780871822,0.81276705
07,Chile,7,CH07,794,right,21,1.965326855,2.014080451,0.988845973,0.859457417,0.819444444
07,Chile,7,CH07,795,right,19,1.969604092,1.966504329,0.911311165,0.768075648,0.763920454
07,Chile,7,CH07,796,right,21,1.970864654,1.952389522,0.951794318,0.803787571,0.80985443
07,Chile,7,CH07,797,right,21,1.954352238,1.944890822,0.948113787,0.803787571,0.827904772
07,Chile,7,CH07,798,right,21,1.935457904,2.014655027,0.976775054,0.766818876,0.814426728
07,Chile,7,CH07,799,right,20,1.895171842,1.890726231,0.948113787,0.764677623,0.750803325
07,Chile,7,CH07,800,right,21,1.886295708,1.944642847,0.932212455,0.775449143,0.781520015
07,Chile,7,CH07,801,right,25,1.993055556,2.034828875,0.944163561,0.80039053,0.812529677
07,Chile,7,CH07,802,right,22,1.964431011,2.006956459,0.948368075,0.800420655,0.760123294
07,Chile,7,CH07,803,right,23,1.916880523,1.973444457,0.966575866,0.768295371,0.787788993
07,Chile,7,CH07,804,right,21,1.832491389,1.89645645,0.891516299,0.76303614,0.78521371
07,Chile,7,CH07,805,right,20,1.854387731,1.9049182,0.903765485,0.790599915,0.778552442
07,Chile,7,CH07,806,right,21,1.917031467,1.937512445,0.948368075,0.81566927,0.806303532
07,Chile,7,CH07,807,right,21,1.921817756,1.95864113,0.889783621,0.805555556,0.80603434
07,Chile,7,CH07,808,right,20,1.910037853,1.918791596,0.938014262,0.739770777,0.752054798
07,Chile,7,CH07,809,right,22,1.913443344,1.945237933,0.907041215,0.773581188,0.832928142
07,Chile,7,CH07,810,right,20,1.916276631,2.007533074,0.99101383,0.79096582,0.77975938
07,Chile,7,CH07,811,right,20,1.913506352,1.97917885,0.963877882,0.860466829,0.805585488
07,Chile,7,CH07,812,right,19,1.933550834,1.94622934,0.96287671,0.800782073,0.798641304
07,Chile,7,CH07,813,right,20,1.868107186,1.895947799,0.922801441,0.801143328,0.829999117
07,Chile,7,CH07,814,right,23,1.796196363,1.849100966,0.922801441,0.741886411,0.778273651
07,Chile,7,CH07,815,right,20,1.904462454,1.945262725,0.922775311,0.757231087,0.791331557
07,Chile,7,CH07,816,right,23,1.869552271,1.925127261,0.866498604,0.791331557,0.799094057
07,Chile,7,CH07,817,right,21,1.90273976,1.951401246,0.988187368,0.774453461,0.770864614
07,Chile,7,CH07,818,right,21,1.969334741,1.951438315,0.857969178,0.788676125,0.81395288
07,Chile,7,CH07,819,right,24,1.864541304,1.961101767,0.972470206,0.771708712,0.756976299
07,Chile,7,CH07,820,right,21,1.882367214,1.895884208,0.963877882,0.772208483,0.778056746
07,Chile,7,CH07,821,right,20,2.045925735,2.023170661,0.965877112,0.778087736,0.777808779
07,Chile,7,CH07,822,right,22,1.927518094,1.986111111,0.954425406,0.830231496,0.81947387
07,Chile,7,CH07,823,right,22,1.8934789,1.879636757,0.878328106,0.768075648,0.8072898
07,Chile,7,CH07,824,right,21,1.987676636,2.077329311,1.056377604,0.784230426,0.791940742
07,Chile,7,CH07,825,right,22,1.975654779,2.002361646,1.009455681,0.805555556,0.821325525
07,Chile,7,CH07,826,right,22,1.986281073,1.993164438,0.973337654,0.834836607,0.821824463
07,Chile,7,CH07,827,right,24,2.025350526,1.995099127,0.878959296,0.787942018,0.796040549
07,Chile,7,CH07,828,right,21,1.908863443,1.939291287,0.988845973,0.802797001,0.8125
07,Chile,7,CH07,829,right,22,1.849426942,1.923811662,0.932212455,0.771333671,0.757231087
07,Chile,7,CH07,830,right,20,1.800661101,1.862678134,0.863487983,0.699771237,0.73820457
07,Chile,7,CH07,831,right,21,1.934298929,1.94475444,0.981405046,0.693784409,0.722255608
07,Chile,7,CH07,832,right,23,1.889003775,1.938109721,0.896801802,0.779821224,0.805375938
07,Chile,7,CH07,833,right,23,1.921704832,1.87501286,0.862286384,0.829999117,0.799365586
07,Chile,7,CH07,834,right,21,1.950387742,1.979215399,0.947350513,0.782629954,0.801624749
07,Chile,7,CH07,835,right,19,1.80839787,1.856038381,0.89806462,0.709557765,0.736569564
07,Chile,7,CH07,836,right,21,1.850886612,1.87505144,0.896801802,0.802947166,0.81395288
07,Chile,7,CH07,837,right,23,1.942285508,1.931354751,0.949257548,0.735357318,0.779295394
07,Chile,7,CH07,838,right,24,1.913695362,1.98816182,0.953515466,0.782013516,0.809169337
07,Chile,7,CH07,839,right,22,2.035231734,2.076388889,0.92863608,0.834836607,0.799365586
07,Chile,7,CH07,840,right,21,1.970717834,1.993103948,0.957829981,0.822528331,0.842656184
07,Chile,7,CH07,841,right,21,1.847822584,1.923611111,0.947732227,0.791331557,0.805675278
07,Chile,7,CH07,842,right,22,1.908155923,1.966271343,0.937294216,0.77889305,0.802256174
07,Chile,7,CH07,843,right,21,1.95765601,2.000012056,0.978772576,0.786655681,0.799425913
07,Chile,7,CH07,844,right,21,1.926955076,1.937811106,0.990721811,0.8166147,0.7684209
07,Chile,7,CH07,845,right,23,1.967239892,2.021596839,1.006273723,0.800541146,0.798882804
07,Ribeirao_Preto,7,RP07,701,left,23,1.949023847,1.970052683,0.881050764,0.772192396,0.763146635
07,Ribeirao_Preto,7,RP07,702,left,23,1.841025419,1.958464904,0.940536125,0.776551581,0.771692635
07,Ribeirao_Preto,7,RP07,703,left,21,1.926564534,1.933971902,0.868037471,0.759314011,0.761343587
07,Ribeirao_Preto,7,RP07,704,left,21,1.85719452,1.892484139,0.887567359,0.805808119,0.783814285
07,Ribeirao_Preto,7,RP07,705,left,24,1.851212782,1.949382577,0.891064882,0.776830978,0.75130135
07,Ribeirao_Preto,7,RP07,706,left,22,1.989950865,2.03535519,0.958263046,0.794963105,0.796780858
07,Ribeirao_Preto,7,RP07,707,left,19,1.953916678,1.995710083,0.926797393,0.790613942,0.797597495
07,Ribeirao_Preto,7,RP07,708,left,20,1.747495473,1.8099595,0.804700232,0.757056083,0.747827254
07,Ribeirao_Preto,7,RP07,709,left,23,1.939151415,2.00005478,0.879489466,0.796023965,0.788873677
07,Ribeirao_Preto,7,RP07,710,left,23,1.756921566,1.846713764,0.844639266,0.769094916,0.742260867
07,Ribeirao_Preto,7,RP07,711,left,21,1.951644767,1.958403346,0.896783119,0.789576351,0.799680669
07,Ribeirao_Preto,7,RP07,712,left,22,1.954508916,2.009975957,1.013225453,0.776085697,0.764062341
07,Ribeirao_Preto,7,RP07,713,left,21,1.857804613,1.969342688,0.907899144,0.777389469,0.763051844
07,Ribeirao_Preto,7,RP07,714,left,22,1.834149826,1.91094462,0.804730195,0.785719211,0.793141185
07,Ribeirao_Preto,7,RP07,715,left,23,1.934719803,1.96101173,0.84346804,0.736619687,0.750305802
07,Ribeirao_Preto,7,RP07,716,left,23,1.814283871,1.896607647,0.86226842,0.704153367,0.736619687
07,Ribeirao_Preto,7,RP07,717,left,20,1.817298174,1.813113983,0.841636527,0.746633337,0.770848555
07,Ribeirao_Preto,7,RP07,718,left,20,1.834478445,1.933323487,0.86344207,0.83160708,0.806286734
07,Ribeirao_Preto,7,RP07,719,left,21,1.908318342,1.939598992,0.911847645,0.761248572,0.760329476
07,Ribeirao_Preto,7,RP07,720,left,22,1.776777501,1.882353617,0.879955406,0.793141185,0.760012289
07,Ribeirao_Preto,7,RP07,721,left,23,1.936914985,1.943303237,0.884646997,0.791818942,0.775200342
07,Ribeirao_Preto,7,RP07,722,left,21,1.842804869,1.94086973,0.931125447,0.830783135,0.788890112
07,Ribeirao_Preto,7,RP07,723,left,22,1.903398621,1.980835067,0.964077991,0.786318436,0.774795871
07,Ribeirao_Preto,7,RP07,724,left,22,1.8930204,1.94103123,0.917350334,0.766598729,0.777839779
07,Ribeirao_Preto,7,RP07,725,left,21,1.880213944,1.940695791,0.88758585,0.78336904,0.775200342
07,Ribeirao_Preto,7,RP07,726,left,22,1.952624164,2.008673803,0.945312101,0.786655681,0.778180699
07,Ribeirao_Preto,7,RP07,727,left,22,1.937612004,1.992523158,0.897796084,0.836221846,0.81608303
07,Ribeirao_Preto,7,RP07,728,left,22,1.857921188,1.943303237,0.891083445,0.757231087,0.760345316
07,Ribeirao_Preto,7,RP07,729,left,21,1.912561021,1.938731687,0.942220625,0.760281888,0.766441442
07,Ribeirao_Preto,7,RP07,730,left,21,1.886602476,1.9603762,0.845427288,0.727809584,0.784752949
07,Ribeirao_Preto,7,RP07,731,left,21,1.926016346,2.004648341,0.925905671,0.808245031,0.80985443
07,Ribeirao_Preto,7,RP07,732,left,20,1.959096581,2.001217319,0.953009569,0.766032346,0.799697329
07,Ribeirao_Preto,7,RP07,733,left,21,1.879944612,1.939602105,0.957829981,0.84168271,0.803937551
07,Ribeirao_Preto,7,RP07,734,left,22,1.81392292,1.919595689,0.947833991,0.776847162,0.742276331
07,Ribeirao_Preto,7,RP07,735,left,21,1.843158123,1.955721268,0.924654799,0.8072898,0.770833333
07,Ribeirao_Preto,7,RP07,736,left,22,1.897371679,1.964001352,0.924680876,0.777405665,0.768358138
07,Ribeirao_Preto,7,RP07,737,left,21,1.868881478,1.952179555,0.905471409,0.781520015,0.788431499
07,Ribeirao_Preto,7,RP07,738,left,22,1.86713887,1.905361182,0.866582083,0.738922827,0.760789165
07,Ribeirao_Preto,7,RP07,739,left,20,1.920612886,1.973065645,0.898950219,0.797281502,0.777684766
07,Ribeirao_Preto,7,RP07,740,left,21,1.954956703,2.008673803,0.951794318,0.799365586,0.795343557
07,Ribeirao_Preto,7,RP07,741,left,20,1.89624029,1.927868334,0.898950219,0.786318436,0.761359449
07,Ribeirao_Preto,7,RP07,742,left,19,1.891707966,1.949905526,0.876459321,0.798460131,0.760345316
07,Ribeirao_Preto,7,RP07,743,left,22,1.825596575,1.879726553,0.894971592,0.77889305,0.7740486
07,Ribeirao_Preto,7,RP07,744,left,22,1.976423538,1.978593972,0.901441318,0.784230426,0.763162533
07,Ribeirao_Preto,7,RP07,745,left,25,1.759248599,1.895820615,0.959866929,0.761264431,0.745000052
07,Ribeirao_Preto,7,RP07,746,left,21,1.723705678,1.822423875,0.832319986,0.741626351,0.736569564
07,Ribeirao_Preto,7,RP07,747,left,23,1.923059488,1.976972468,0.968868223,0.794008476,0.80369757
07,Ribeirao_Preto,7,RP07,748,left,20,1.87126686,1.932066255,0.873621047,0.771708712,0.762308972
07,Ribeirao_Preto,7,RP07,749,left,20,1.88245688,1.944072385,0.879343277,0.796040549,0.761517785
07,Ribeirao_Preto,7,RP07,750,left,19,1.754211203,1.836290229,0.801263711,0.72265612,0.764172927
07,Ribeirao_Preto,7,RP07,751,left,19,1.804393323,1.84341975,0.859120683,0.75932983,0.758185781
07,Ribeirao_Preto,7,RP07,752,left,19,1.91940726,1.947232624,0.864464796,0.746648892,0.747713851
07,Ribeirao_Preto,7,RP07,753,left,20,1.755022005,1.834700669,0.820179755,0.758503746,0.757199244
07,Ribeirao_Preto,7,RP07,754,left,22,1.969151071,1.974287358,0.8447425,0.771333671,0.772364595
07,Ribeirao_Preto,7,RP07,755,left,18,1.847809535,1.899949743,0.860943084,0.775915429,0.764677623
07,Ribeirao_Preto,7,RP07,756,left,20,1.866751403,1.934124399,0.918269852,0.805824907,0.763162533
07,Ribeirao_Preto,7,RP07,757,left,22,1.957015415,2.008769835,0.930089021,0.806273626,0.780284898
07,Ribeirao_Preto,7,RP07,758,left,21,1.800379868,1.923962062,0.931125447,0.782044349,0.740064072
07,Ribeirao_Preto,7,RP07,759,left,24,1.837773453,1.88470994,0.882053799,0.794979666,0.761517785
07,Ribeirao_Preto,7,RP07,760,left,21,1.845184758,1.96134766,0.894971592,0.808245031,0.811995332
07,Ribeirao_Preto,7,RP07,761,left,23,1.916716988,1.924864213,0.860270647,0.751317002,0.75012859
07,Ribeirao_Preto,7,RP07,762,left,22,1.81202101,1.898870685,0.884646997,0.752599661,0.734438614
07,Ribeirao_Preto,7,RP07,763,left,21,1.952475972,1.999445332,0.901842464,0.781520015,0.758185781
07,Ribeirao_Preto,7,RP07,764,left,23,1.899848211,1.923310245,0.851763784,0.757231087,0.753496223
07,Ribeirao_Preto,7,RP07,765,left,20,1.751212102,1.866970978,0.838985462,0.788890112,0.787758384
07,Ribeirao_Preto,7,RP07,766,left,24,1.827114875,1.878148077,0.93752572,0.741886411,0.747713851
07,Ribeirao_Preto,7,RP07,767,left,20,1.827431578,1.894217362,0.848587243,0.794008476,0.778800171
07,Ribeirao_Preto,7,RP07,768,left,23,1.87998309,1.930230788,0.949257548,0.796464506,0.775324753
07,Ribeirao_Preto,7,RP07,769,left,24,2.022884602,2.028883355,0.911866641,0.79096582,0.7740486
07,Ribeirao_Preto,7,RP07,770,left,23,1.846752238,1.925002004,0.841310201,0.722255608,0.751317002
07,Ribeirao_Preto,7,RP07,771,left,24,1.992958767,1.979934062,0.852612633,0.78754409,0.756307071
07,Ribeirao_Preto,7,RP07,772,left,24,1.80749095,1.876105641,0.972321424,0.767604599,0.770958448
07,Ribeirao_Preto,7,RP07,773,left,22,1.887062536,1.985601139,0.907493028,0.775915429,0.800541146
07,Ribeirao_Preto,7,RP07,774,left,21,1.960117883,2.024278754,0.970683306,0.802947166,0.786962142
07,Ribeirao_Preto,7,RP07,775,left,21,1.730741697,1.861383168,0.835644942,0.777808779,0.750417836
07,Ribeirao_Preto,7,RP07,776,left,23,1.952685907,2.01776447,0.885246443,0.795737584,0.798641304
07,Ribeirao_Preto,7,RP07,777,left,23,1.921805209,1.953809294,0.897581198,0.771083543,0.766441442
07,Ribeirao_Preto,7,RP07,778,left,18,1.790670481,1.842844123,0.804387323,0.731675578,0.731840336
07,Ribeirao_Preto,7,RP07,779,left,22,1.989604542,2.011552764,0.893704404,0.812025027,0.784722222
07,Ribeirao_Preto,7,RP07,780,left,20,1.854075632,1.926016346,0.934924446,0.833333333,0.781520015
07,Ribeirao_Preto,7,RP07,701,right,21,1.961433716,1.930605515,0.870828903,0.75932983,0.771333671
07,Ribeirao_Preto,7,RP07,702,right,21,1.894013677,1.91185487,0.842112322,0.748616265,0.773362966
07,Ribeirao_Preto,7,RP07,703,right,21,1.92991846,1.910176714,0.845797983,0.76303614,0.771958638
07,Ribeirao_Preto,7,RP07,704,right,22,1.839032598,1.895629822,0.834056399,0.780655638,0.792640726
07,Ribeirao_Preto,7,RP07,705,right,23,1.831820188,1.924062322,0.878959296,0.786318436,0.786226434
07,Ribeirao_Preto,7,RP07,706,right,21,1.994518917,1.995099127,0.886280896,0.775449143,0.786226434
07,Ribeirao_Preto,7,RP07,707,right,21,1.959576536,1.963755791,0.897554333,0.755254229,0.791605748
07,Ribeirao_Preto,7,RP07,708,right,21,1.739288759,1.791787787,0.784845123,0.748004031,0.765024409
07,Ribeirao_Preto,7,RP07,709,right,22,1.94108092,1.923623646,0.879562619,0.774453461,0.777808779
07,Ribeirao_Preto,7,RP07,710,right,24,1.731117819,1.812832558,0.877778877,0.751605791,0.757453957
07,Ribeirao_Preto,7,RP07,711,right,24,1.910037853,1.931354751,0.926764666,0.78336904,0.787207226
07,Ribeirao_Preto,7,RP07,712,right,24,1.957951598,1.968036442,0.930477816,0.780871822,0.784845123
07,Ribeirao_Preto,7,RP07,713,right,21,1.898629399,1.932665214,0.873041238,0.775449143,0.778552442
07,Ribeirao_Preto,7,RP07,714,right,23,1.880316537,1.919130864,0.82244038,0.779821224,0.784998722
07,Ribeirao_Preto,7,RP07,715,right,23,1.927868334,1.907839982,0.839789803,0.744449627,0.763162533
07,Ribeirao_Preto,7,RP07,716,right,23,1.794315978,1.845001798,0.878410461,0.733913123,0.733913123
07,Ribeirao_Preto,7,RP07,717,right,22,1.7895929,1.840919699,0.828923517,0.75932983,0.793157709
07,Ribeirao_Preto,7,RP07,718,right,22,1.832715068,1.917119512,0.882354454,0.815373598,0.805555556
07,Ribeirao_Preto,7,RP07,719,right,24,1.89451012,1.937512445,0.821795122,0.741886411,0.771114813
07,Ribeirao_Preto,7,RP07,720,right,21,1.764011916,1.848527108,0.873041238,0.765686017,0.771333671
07,Ribeirao_Preto,7,RP07,721,right,25,1.926028866,1.916679247,0.867416431,0.764677623,0.765434043
07,Ribeirao_Preto,7,RP07,722,right,23,1.847391909,1.940683367,0.855379672,0.765339532,0.788890112
07,Ribeirao_Preto,7,RP07,723,right,22,1.938047513,1.923310245,0.907413313,0.749292362,0.744643941
07,Ribeirao_Preto,7,RP07,724,right,23,1.867229268,1.931804153,0.857575627,0.763794186,0.778552442
07,Ribeirao_Preto,7,RP07,725,right,21,1.838232616,1.875475763,0.871050389,0.749388897,0.771927402
07,Ribeirao_Preto,7,RP07,726,right,23,1.961446009,1.981553142,0.91719261,0.762561979,0.756944444
07,Ribeirao_Preto,7,RP07,727,right,24,1.953476049,1.99542542,0.912976579,0.807020937,0.833825086
07,Ribeirao_Preto,7,RP07,728,right,21,1.889156946,1.930568046,0.891759687,0.722355757,0.771958638
07,Ribeirao_Preto,7,RP07,729,right,21,1.927155279,1.953809294,0.938553934,0.687640277,0.773612358
07,Ribeirao_Preto,7,RP07,730,right,23,1.86779738,1.966062859,0.822997242,0.753240172,0.787758384
07,Ribeirao_Preto,7,RP07,731,right,22,1.920989489,1.947232624,0.915034321,0.763888889,0.787788993
07,Ribeirao_Preto,7,RP07,732,right,21,1.923962062,2.010017831,0.855379672,0.740324681,0.794008476
07,Ribeirao_Preto,7,RP07,733,right,20,1.938047513,1.903233927,0.932652074,0.797674572,0.79178849
07,Ribeirao_Preto,7,RP07,734,right,22,1.871292631,1.895884208,0.951059351,0.755924389,0.765024409
07,Ribeirao_Preto,7,RP07,735,right,20,1.867991015,1.941987535,0.882135806,0.758948672,0.770958448
07,Ribeirao_Preto,7,RP07,736,right,22,1.877056485,1.916679247,0.895806416,0.771708712,0.764172927
07,Ribeirao_Preto,7,RP07,737,right,20,1.916880523,1.932665214,0.878328106,0.768075648,0.795343557
07,Ribeirao_Preto,7,RP07,738,right,22,1.873469025,1.876555425,0.845797983,0.741853909,0.777839779
07,Ribeirao_Preto,7,RP07,739,right,23,1.906284785,1.941093342,0.847478331,0.763794186,0.743055556
07,Ribeirao_Preto,7,RP07,740,right,21,1.941975119,1.988489252,0.853291105,0.751573709,0.809169337
07,Ribeirao_Preto,7,RP07,741,right,23,1.884901838,1.895884208,0.803907558,0.796464506,0.757740407
07,Ribeirao_Preto,7,RP07,742,right,18,1.910265074,1.944556048,0.901173789,0.781520015,0.765024409
07,Ribeirao_Preto,7,RP07,743,right,22,1.846360492,1.870957577,0.855182323,0.770050904,0.772364595
07,Ribeirao_Preto,7,RP07,744,right,21,1.948915989,1.951586585,0.889783621,0.76240386,0.757453957
07,Ribeirao_Preto,7,RP07,745,right,24,1.833596362,1.889705706,0.908767523,0.743088006,0.752599661
07,Ribeirao_Preto,7,RP07,746,right,18,1.726920116,1.771173715,0.780284898,0.724655357,0.758090366
07,Ribeirao_Preto,7,RP07,747,right,22,1.954697669,1.938507802,0.946815855,0.780871822,0.819915119
07,Ribeirao_Preto,7,RP07,748,right,20,1.878096723,1.944444444,0.9078915,0.739770777,0.786686333
07,Ribeirao_Preto,7,RP07,749,right,23,1.889514296,1.904310514,0.888509033,0.777808779,0.77975938
07,Ribeirao_Preto,7,RP07,750,right,21,1.761891914,1.808971128,0.807020937,0.734734037,0.759520337
07,Ribeirao_Preto,7,RP07,751,right,19,1.794208468,1.868107186,0.823143722,0.73820457,0.757231087
07,Ribeirao_Preto,7,RP07,752,right,22,1.94108092,1.923611111,0.821795122,0.725586449,0.757740407
07,Ribeirao_Preto,7,RP07,753,right,19,1.774139071,1.800875344,0.780284898,0.740747975,0.779821224
07,Ribeirao_Preto,7,RP07,754,right,20,1.957200224,1.917119512,0.857181896,0.781149685,0.778552442
07,Ribeirao_Preto,7,RP07,755,right,20,1.780664432,1.847274435,0.854618218,0.748712887,0.764172927
07,Ribeirao_Preto,7,RP07,756,right,21,1.900863291,1.945448649,0.881315392,0.760281888,0.743055556
07,Ribeirao_Preto,7,RP07,757,right,21,1.944258424,1.966761807,0.887938946,0.78754409,0.785490037
07,Ribeirao_Preto,7,RP07,758,right,22,1.826600115,1.923623646,0.897876653,0.781520015,0.771614969
07,Ribeirao_Preto,7,RP07,759,right,22,1.87147302,1.868687935,0.838467978,0.796464506,0.778273651
07,Ribeirao_Preto,7,RP07,760,right,22,1.916716988,1.95933042,0.872958377,0.791818942,0.81947387
07,Ribeirao_Preto,7,RP07,761,right,23,1.953945044,1.919495196,0.851225741,0.770958448,0.764015141
07,Ribeirao_Preto,7,RP07,762,right,22,1.826760059,1.89171954,0.864948707,0.7473112,0.750498592
07,Ribeirao_Preto,7,RP07,763,right,23,1.984174931,1.967309217,0.870810761,0.743559094,0.774592984
07,Ribeirao_Preto,7,RP07,764,right,23,1.87801908,1.870196754,0.783998835,0.759314011,0.750016524
07,Ribeirao_Preto,7,RP07,765,right,21,1.756839221,1.805638126,0.800313602,0.768279366,0.771942556
07,Ribeirao_Preto,7,RP07,766,right,23,1.789690348,1.847183739,0.888978869,0.721204899,0.736095776
07,Ribeirao_Preto,7,RP07,767,right,21,1.789555617,1.862121462,0.844382307,0.761343587,0.801036342
07,Ribeirao_Preto,7,RP07,768,right,24,1.932886932,1.919090883,0.86670314,0.779155386,0.771317602
07,Ribeirao_Preto,7,RP07,769,right,22,2.00287378,1.972376739,0.891741109,0.792411244,0.780855554
07,Ribeirao_Preto,7,RP07,770,right,21,1.889589778,1.918751622,0.783998835,0.71808895,0.733141797
07,Ribeirao_Preto,7,RP07,771,right,22,1.960757463,1.937699114,0.864046297,0.785674201,0.770864614
07,Ribeirao_Preto,7,RP07,772,right,25,1.821312125,1.889208,0.900772345,0.748712887,0.756944444
07,Ribeirao_Preto,7,RP07,773,right,21,1.864968018,1.975752416,0.903792165,0.800420655,0.79412994
07,Ribeirao_Preto,7,RP07,774,right,21,1.972148864,2.041772956,0.920787245,0.78754409,0.81395288
07,Ribeirao_Preto,7,RP07,775,right,24,1.727171428,1.833543759,0.848530411,0.756275188,0.729695575
07,Ribeirao_Preto,7,RP07,776,right,22,1.925127261,1.952179555,0.885654924,0.795737584,0.813567675
07,Ribeirao_Preto,7,RP07,777,right,24,1.893631709,1.889003775,0.895806416,0.790721902,0.757740407
07,Ribeirao_Preto,7,RP07,778,right,19,1.742280704,1.785384119,0.792062523,0.732103873,0.758980442
07,Ribeirao_Preto,7,RP07,779,right,22,2.008433704,1.974617091,0.874558972,0.763888889,0.787207226
07,Ribeirao_Preto,7,RP07,780,right,23,1.865924538,1.909835855,0.924263554,0.820414915,0.771333671
09,Chile,9,CH09,936,left,22,1.878058206,1.896863273,0.891516299,0.746971767,0.764172927
09,Chile,9,CH09,937,left,22,1.865110235,1.936055814,0.958358494,0.761897657,0.778800171
09,Chile,9,CH09,938,left,24,1.868687935,1.94653905,0.997730836,0.82519171,0.788890112
09,Chile,9,CH09,939,left,20,1.806677002,1.915823587,0.958358494,0.746390491,0.747842834
09,Chile,9,CH09,940,left,22,1.81056996,1.859361221,0.942015873,0.707720323,0.763888889
09,Chile,9,CH09,941,left,21,1.813351226,1.9429806,0.933763129,0.776412492,0.744449627
09,Chile,9,CH09,942,left,21,1.858271569,1.8930204,0.944852853,0.7464551,0.753880138
09,Chile,9,CH09,943,left,20,1.75353754,1.862678134,0.878904428,0.702625423,0.711729332
09,Chile,9,CH09,944,left,23,1.982623686,1.95933042,0.941426961,0.718003168,0.736242127
09,Chile,9,CH09,945,left,19,2.011025263,2.063668767,0.990940833,0.81608303,0.779821224
09,Chile,9,CH09,946,left,22,1.931354751,1.97917885,1.015932112,0.76240386,0.765434043
09,Chile,9,CH09,947,left,17,1.884518023,1.937151502,0.96670059,0.731675578,0.75
09,Chile,9,CH09,948,left,21,1.883020398,1.931167469,0.975218597,0.790721902,0.791697124
09,Chile,9,CH09,949,left,21,1.959195043,1.951438315,0.917350334,0.757804048,0.792153846
09,Chile,9,CH09,950,left,17,1.695610937,1.796021839,0.875991502,0.677715161,0.743347554
09,Chile,9,CH09,951,left,20,1.806677002,1.941093342,0.950374561,0.741886411,0.764393773
09,Chile,9,CH09,952,left,20,1.862561624,1.923899397,0.920158543,0.811430921,0.776412492
09,Chile,9,CH09,953,left,19,1.838193264,1.940683367,0.941017065,0.717196725,0.736143867
09,Chile,9,CH09,954,left,23,1.819205879,1.887586356,0.942015873,0.741496287,0.750514227
09,Chile,9,CH09,955,left,21,1.915521498,1.989216686,0.838525492,0.712169622,0.729695575
09,Chile,9,CH09,956,left,19,1.832517706,1.95632531,0.935130751,0.716994972,0.726250784
09,Chile,9,CH09,957,left,19,1.664118422,1.744728613,0.854053741,0.707174979,0.715412609
09,Chile,9,CH09,958,left,20,1.874601295,1.938507802,0.910040233,0.766095298,0.785490037
09,Chile,9,CH09,959,left,20,1.976142914,1.986548126,0.92538468,0.771333671,0.750803325
09,Chile,9,CH09,960,left,23,1.898896081,1.958333333,0.951794318,0.771333671,0.784752949
09,Chile,9,CH09,961,left,24,1.893185982,2.021131612,0.984887739,0.776101865,0.784752949
09,Chile,9,CH09,962,left,21,1.92575342,1.986305352,0.946815855,0.736831409,0.729695575
09,Chile,9,CH09,963,left,20,1.92531513,1.988840879,0.950653609,0.766095298,0.758503746
09,Chile,9,CH09,964,left,23,1.822833993,1.901434035,0.955662542,0.739770777,0.713691607
09,Chile,9,CH09,965,left,18,1.897371679,1.967962928,1.013627249,0.712846461,0.733157071
09,Chile,9,CH09,966,left,21,1.844309002,1.881957257,0.926113986,0.766095298,0.761517785
09,Chile,9,CH09,967,left,18,1.86012619,1.938744125,0.894513455,0.716994972,0.722355757
09,Chile,9,CH09,968,left,20,1.93525856,1.918188305,0.875798798,0.726814991,0.75012859
09,Chile,9,CH09,969,left,22,1.890624203,1.975349633,0.897796084,0.801143328,0.764046701
09,Chile,9,CH09,970,left,23,1.83157007,1.929131169,0.948368075,0.805555556,0.779821224
09,Chile,9,CH09,971,left,21,1.69029832,1.76656621,0.813893629,0.682713416,0.708469486
09,Chile,9,CH09,972,left,22,1.874768504,1.904310514,1.000192883,0.75208686,0.747713851
09,Chile,9,CH09,973,left,22,1.881636916,1.923623646,1.006537274,0.781149685,0.760789165
09,Chile,9,CH09,974,left,20,1.992619968,2.007136669,0.960494745,0.757804048,0.758090366
09,Chile,9,CH09,975,left,21,1.900355819,1.992523158,0.976602237,0.761137723,0.739803371
09,Chile,9,CH09,976,left,22,1.82960743,1.909722222,0.919293375,0.732070936,0.729695575
09,Chile,9,CH09,977,left,23,1.783803265,1.889003775,0.900772345,0.73820457,0.724355823
09,Chile,9,CH09,978,left,20,1.906702157,2.034911823,0.941631841,0.768295371,0.764172927
09,Chile,9,CH09,979,left,20,1.91335513,1.93235328,0.944367848,0.76240386,0.745129504
09,Chile,9,CH09,980,left,19,1.882059755,1.906436567,0.964753055,0.766284124,0.758980442
09,Chile,9,CH09,981,left,23,1.817336035,1.917283013,0.894513455,0.741886411,0.719278188
09,Chile,9,CH09,982,left,21,1.911892706,1.967350203,1.000024112,0.829999117,0.838209116
09,Chile,9,CH09,983,left,21,1.839229261,1.917685418,0.9078915,0.718607407,0.750289296
09,Chile,9,CH09,984,left,20,1.848644503,1.837589756,0.860943084,0.746164317,0.71105143
09,Chile,9,CH09,985,left,20,1.905879973,1.962773237,0.964753055,0.761897657,0.744449627
09,Chile,9,CH09,986,left,20,1.915521498,1.996150327,1.009813919,0.782013516,0.753880138
09,Chile,9,CH09,987,left,20,1.92031155,1.941987535,0.929336889,0.776101865,0.777839779
09,Chile,9,CH09,988,left,19,1.932028814,1.931804153,0.92556706,0.736831409,0.750514227
09,Chile,9,CH09,989,left,20,1.927518094,1.972271126,0.922801441,0.742276331,0.756976299
09,Chile,9,CH09,990,left,22,1.866544722,1.972332254,0.941196417,0.743444862,0.764393773
09,Chile,9,CH09,991,left,23,1.983170901,1.99741828,0.897796084,0.737158584,0.716927709
09,Chile,9,CH09,992,left,21,1.925002004,1.95683059,0.989357918,0.778087736,0.757231087
09,Chile,9,CH09,993,left,20,1.881995694,1.954142482,0.991694872,0.776412492,0.772957534
09,Chile,9,CH09,994,left,24,1.86012619,1.884454046,0.903765485,0.780779179,0.760789165
09,Chile,9,CH09,995,left,25,1.935619856,2.037043613,0.919293375,0.702350826,0.729992918
09,Chile,9,CH09,996,left,21,1.883071618,1.936591284,0.913319858,0.767604599,0.758090366
09,Chile,9,CH09,997,left,19,1.94371266,1.967043769,1.006920498,0.731675578,0.751156516
09,Chile,9,CH09,998,left,20,1.812433481,1.882059755,0.910040233,0.707720323,0.743185347
09,Chile,9,CH09,999,left,19,1.891453019,1.967350203,0.919319604,0.742276331,0.743185347
09,Chile,9,CH09,1000,left,24,1.908358099,1.931566981,0.97541638,0.780902701,0.771927402
09,Chile,9,CH09,1001,left,21,1.874871395,1.958776546,0.928921658,0.736569564,0.738759648
09,Chile,9,CH09,1002,left,21,1.938333652,1.949398451,0.936470628,0.7464551,0.771333671
09,Chile,9,CH09,1003,left,18,1.862276791,1.905082748,1.011126374,0.757804048,0.760345316
09,Chile,9,CH09,1004,left,17,1.886602476,2.000602726,0.961097062,0.753240172,0.744449627
09,Chile,9,CH09,1005,left,24,1.93476011,2.008769835,1.060023439,0.781149685,0.798641304
09,Chile,9,CH09,1006,left,21,1.822833993,1.923310245,1.001253073,0.746648892,0.749388897
09,Chile,9,CH09,1007,left,22,1.95090692,2.021358275,0.901173789,0.721854875,0.75003215
09,Chile,9,CH09,1008,left,21,1.851095042,1.869616758,0.947732227,0.761137723,0.746971767
09,Chile,9,CH09,1009,left,20,1.827114875,1.848448841,0.861698948,0.737616385,0.741626351
09,Chile,9,CH09,1010,left,22,1.897447929,1.910063101,1.005890253,0.756275188,0.770050904
09,Chile,9,CH09,1011,left,18,1.773676911,1.869616758,0.981699836,0.727014018,0.73820457
09,Chile,9,CH09,1012,left,23,1.93930372,1.941528071,0.938528243,0.790599915,0.77975938
09,Chile,9,CH09,1013,left,22,1.840526713,1.92950611,0.911945967,0.739770777,0.746293568
09,Chile,9,CH09,1014,left,23,1.869758621,1.922206667,1.005890253,0.802947166,0.776412492
09,Chile,9,CH09,1015,left,21,1.855674585,1.913405539,0.947833991,0.768075648,0.749099253
09,Chile,9,CH09,1016,left,21,1.822953042,1.851928529,0.863823015,0.697355012,0.715412609
09,Chile,9,CH09,1017,left,24,1.873507637,1.891758951,0.913821342,0.746648892,0.730785241
09,Chile,9,CH09,1018,left,21,1.845838036,1.92723035,0.932212455,0.775915429,0.787207226
09,Chile,9,CH09,1019,left,20,1.896736151,1.979763555,1.006920498,0.761264431,0.758503746
09,Chile,9,CH09,1020,left,21,1.868055556,1.94622934,1.031244154,0.75170203,0.78521371
09,Chile,9,CH09,1021,left,22,1.866286337,1.938507802,0.956545232,0.761264431,0.777901776
09,Chile,9,CH09,1022,left,19,1.888748463,1.940683367,1.011245603,0.757231087,0.737714449
09,Chile,9,CH09,1023,left,22,1.931666846,1.921692284,0.925905671,0.741886411,0.764078259
09,Chile,9,CH09,1024,left,21,1.952426573,1.97917885,1.003297995,0.781520015,0.771114813
09,Chile,9,CH09,1025,left,22,1.838180146,1.925816025,0.953009569,0.80039053,0.7740486
09,Chile,9,CH09,1026,left,19,1.825755065,1.896863273,0.931824384,0.790599915,0.76703896
09,Chile,9,CH09,1027,left,26,1.84479268,1.883020398,0.93922167,0.743444862,0.753880138
09,Chile,9,CH09,1028,left,21,1.832715068,1.897663951,0.903792165,0.7464551,0.733913123
09,Chile,9,CH09,1029,left,19,1.822701707,1.945894796,0.933763129,0.76303614,0.739379536
09,Chile,9,CH09,1030,left,18,1.849074885,1.898172143,0.935672086,0.729133597,0.726250784
09,Chile,9,CH09,1031,left,18,1.827695456,1.909835855,1.034186103,0.766032346,0.727014018
09,Chile,9,CH09,1032,left,23,1.926028866,1.972222222,1.009455681,0.742276331,0.763920454
09,Chile,9,CH09,1033,left,22,1.904196551,1.923661251,0.960494745,0.766598729,0.745679428
09,Chile,9,CH09,1034,left,20,1.955943183,1.938744125,0.930270479,0.733354377,0.743185347
09,Chile,9,CH09,1035,left,21,1.861344305,1.895947799,0.950349189,0.785919686,0.784845123
09,Chile,9,CH09,936,right,19,1.85099083,1.875462906,0.877778877,0.724655357,0.745679428
09,Chile,9,CH09,937,right,21,1.883890957,1.925415319,0.907625871,0.80039053,0.777901776
09,Chile,9,CH09,938,right,25,1.900355819,1.963252293,0.959942289,0.779171618,0.770833333
09,Chile,9,CH09,939,right,23,1.802146889,1.908358099,0.907174124,0.75563725,0.75012859
09,Chile,9,CH09,940,right,24,1.814148888,1.870235717,0.913531043,0.740324681,0.770958448
09,Chile,9,CH09,941,right,21,1.780989395,1.883494134,0.857575627,0.754902955,0.736635034
09,Chile,9,CH09,942,right,22,1.842634759,1.883788559,0.882026462,0.753240172,0.757740407
09,Chile,9,CH09,943,right,20,1.784114142,1.840919699,0.890839873,0.714873133,0.730356173
09,Chile,9,CH09,944,right,23,1.92575342,1.9375,0.913108625,0.721854875,0.722756213
09,Chile,9,CH09,945,right,21,2.026457428,2.083749958,0.991524655,0.792427753,0.777901776
09,Chile,9,CH09,946,right,25,1.933924917,1.972271126,1.004354908,0.752599661,0.777901776
09,Chile,9,CH09,947,right,22,1.880867876,1.917924306,0.901735509,0.69590125,0.765402541
09,Chile,9,CH09,948,right,21,1.860411353,1.917924306,0.949257548,0.760281888,0.814160222
09,Chile,9,CH09,949,right,22,1.871292631,1.909924232,0.906323166,0.760281888,0.764015141
09,Chile,9,CH09,950,right,17,1.712928553,1.785586691,0.842455855,0.712846461,0.74851963
09,Chile,9,CH09,951,right,18,1.817614644,1.895884208,0.914770767,0.746390491,0.743185347
09,Chile,9,CH09,952,right,23,1.826798116,1.857090392,0.916798181,0.78521371,0.777808779
09,Chile,9,CH09,953,right,20,1.834871514,1.902980524,0.921807973,0.688586403,0.729464225
09,Chile,9,CH09,954,right,23,1.829080189,1.847274435,0.930270479,0.737583695,0.780871822
09,Chile,9,CH09,955,right,19,1.888403737,1.945448649,0.851310718,0.708809753,0.715277778
09,Chile,9,CH09,956,right,21,1.832491389,1.945051988,0.869720625,0.716994972,0.736929576
09,Chile,9,CH09,957,right,20,1.705338386,1.75,0.864046297,0.676753837,0.729695575
09,Chile,9,CH09,958,right,20,1.825755065,1.917471651,0.860354731,0.761264431,0.778273651
09,Chile,9,CH09,959,right,20,1.881111439,1.94761646,0.906934873,0.790721902,0.758090366
09,Chile,9,CH09,960,right,23,1.85780438,1.875321474,0.981405046,0.770958448,0.784845123
09,Chile,9,CH09,961,right,22,1.901941219,1.986123252,0.972668548,0.753240172,0.784722222
09,Chile,9,CH09,962,right,21,1.92710523,1.974617091,0.969042419,0.736635034,0.769204987
09,Chile,9,CH09,963,right,21,1.920738429,1.965388199,0.913399058,0.807468992,0.798641304
09,Chile,9,CH09,964,right,23,1.819298658,1.876285568,0.909960741,0.736569564,0.764015141
09,Chile,9,CH09,965,right,19,1.910113596,1.924626186,0.984495939,0.731675578,0.743574585
09,Chile,9,CH09,966,right,21,1.891567749,1.875462906,0.879096451,0.785919686,0.758980442
09,Chile,9,CH09,967,right,20,1.864968018,1.918188305,0.885246443,0.741496287,0.736143867
09,Chile,9,CH09,968,right,22,1.92031155,1.924626186,0.845797983,0.714873133,0.737289413
09,Chile,9,CH09,969,right,23,1.881636916,1.986220374,0.907280438,0.791331557,0.76703896
09,Chile,9,CH09,970,right,22,1.7971224,1.896291154,0.937988556,0.781149685,0.770050904
09,Chile,9,CH09,971,right,19,1.731117819,1.779133598,0.805316056,0.679172347,0.711729332
09,Chile,9,CH09,972,right,21,1.893224192,1.924864213,0.957829981,0.757231087,0.772832742
09,Chile,9,CH09,973,right,23,1.819921481,1.90404459,1.015908377,0.81566927,0.767698832
09,Chile,9,CH09,974,right,21,1.935457904,1.993648286,0.914770767,0.767604599,0.743574585
09,Chile,9,CH09,975,right,22,1.898515096,1.951401246,0.984887739,0.777405665,0.771333671
09,Chile,9,CH09,976,right,22,1.817866682,1.8930204,0.884156238,0.723856324,0.720952409
09,Chile,9,CH09,977,right,22,1.775959356,1.848057455,0.913953265,0.768295371,0.75012859
09,Chile,9,CH09,978,right,19,1.884901838,1.986705913,0.938913543,0.778087736,0.764172927
09,Chile,9,CH09,979,right,22,1.885132089,1.924062322,0.9078915,0.732070936,0.74386638
09,Chile,9,CH09,980,right,21,1.820888422,1.881944444,0.913108625,0.73246608,0.743088006
09,Chile,9,CH09,981,right,22,1.821153248,1.896647159,0.901842464,0.732070936,0.731840336
09,Chile,9,CH09,982,right,21,1.905677535,1.93754978,0.994293129,0.830579942,0.826505594
09,Chile,9,CH09,983,right,21,1.80323034,1.903233927,0.901735509,0.723856324,0.777684766
09,Chile,9,CH09,984,right,22,1.854114648,1.813151756,0.875358172,0.691939928,0.729166667
09,Chile,9,CH09,985,right,18,1.870274395,1.916779888,0.941631841,0.761264431,0.758090366
09,Chile,9,CH09,986,right,20,1.933924917,1.965878883,1.025922688,0.766095298,0.77395514
09,Chile,9,CH09,987,right,21,1.874639883,1.917924306,0.888509033,0.754902955,0.764015141
09,Chile,9,CH09,988,right,23,1.909457052,1.903233927,0.912289634,0.742795905,0.758980442
09,Chile,9,CH09,989,right,20,1.926066423,1.982684495,0.899593744,0.736405863,0.779821224
09,Chile,9,CH09,990,right,24,1.877827087,1.937736445,0.917087446,0.741528805,0.767698832
09,Chile,9,CH09,991,right,22,1.978922987,1.947232624,0.880412055,0.716894075,0.734734037
09,Chile,9,CH09,992,right,21,1.905323216,1.930568046,0.938913543,0.771708712,0.764015141
09,Chile,9,CH09,993,right,20,1.887688548,1.930867781,0.970757826,0.757071855,0.7927624
09,Chile,9,CH09,994,right,22,1.855323713,1.834398365,0.905444779,0.755924389,0.757740407
09,Chile,9,CH09,995,right,23,1.930830316,2.016951694,0.932212455,0.705604766,
09,Chile,9,CH09,996,right,20,1.865924538,1.876041377,0.914770767,0.757804048,0.731280006
09,Chile,9,CH09,997,right,19,1.889003775,1.965474077,0.982092752,0.75208686,0.778273651
09,Chile,9,CH09,998,right,22,1.794208468,1.861318396,0.873483032,0.72265612,0.751573709
09,Chile,9,CH09,999,right,18,1.865472191,1.889922613,0.886280896,0.748712887,0.753208159
09,Chile,9,CH09,1000,right,22,1.859101838,1.868520182,0.981355906,0.786655681,0.770958448
09,Chile,9,CH09,1001,right,21,1.847822584,1.937947977,0.928921658,0.741886411,0.770864614
09,Chile,9,CH09,1002,right,22,1.92441319,1.916867944,0.942322985,0.747326769,0.773362966
09,Chile,9,CH09,1003,right,19,1.855323713,1.910984431,0.992278251,0.747423558,0.743185347
09,Chile,9,CH09,1004,right,20,1.864541304,1.945448649,0.959691067,0.7464551,0.75012859
09,Chile,9,CH09,1005,right,24,1.940472133,1.965719424,1.021777719,0.76303614,0.7927624
09,Chile,9,CH09,1006,right,23,1.833385942,1.881944444,1.000964041,0.730620244,0.765024409
09,Chile,9,CH09,1007,right,23,1.939801003,2.014858483,0.900370723,0.704168036,0.724921505
09,Chile,9,CH09,1008,right,21,1.82555695,1.862406266,0.946815855,0.739770777,0.770958448
09,Chile,9,CH09,1009,right,19,1.784560088,1.801624995,0.822645584,0.726649093,0.744449627
09,Chile,9,CH09,1010,right,24,1.886295708,1.930568046,1.006537274,0.753240172,0.764015141
09,Chile,9,CH09,1011,right,18,1.800661101,1.861745849,0.982804511,0.71810391,0.750803325
09,Chile,9,CH09,1012,right,22,1.893224192,1.923924463,0.927778817,0.774453461,0.798490329
09,Chile,9,CH09,1013,right,21,1.833596362,1.910984431,0.894432583,0.76240386,0.77395514
09,Chile,9,CH09,1014,right,23,1.87269663,1.930755385,1.004354908,0.821824463,0.792427753
09,Chile,9,CH09,1015,right,22,1.880085695,1.902980524,0.981405046,0.766095298,0.74386638
09,Chile,9,CH09,1016,right,21,1.818184997,1.812513303,0.845199087,0.673646906,0.710508642
09,Chile,9,CH09,1017,right,23,1.849492131,1.861318396,0.876871895,0.72265612,0.72929893
09,Chile,9,CH09,1018,right,20,1.831925491,1.930605515,0.966575866,0.746164317,0.785490037
09,Chile,9,CH09,1019,right,19,1.889973647,1.960105581,0.97304033,0.781149685,0.771333671
09,Chile,9,CH09,1020,right,24,1.889156946,1.923924463,1.022060864,0.749549762,0.780284898
09,Chile,9,CH09,1021,right,23,1.901307218,1.937612004,0.951794318,0.763794186,0.779295394
09,Chile,9,CH09,1022,right,20,1.857492855,1.926066423,0.964753055,0.735357318,0.769204987
09,Chile,9,CH09,1023,right,22,1.908155923,1.876285568,0.905444779,0.71810391,0.764172927
09,Chile,9,CH09,1024,right,23,1.917597399,1.951994271,0.927778817,0.778087736,0.778056746
09,Chile,9,CH09,1025,right,22,1.849492131,1.951401246,0.932212455,0.786655681,0.788431499
09,Chile,9,CH09,1026,right,20,1.844086729,1.895884208,0.924263554,0.796464506,0.78521371
09,Chile,9,CH09,1027,right,21,1.849492131,1.8473397,0.9078915,0.714873133,0.756275188
09,Chile,9,CH09,1028,right,21,1.819921481,1.848279251,0.852782302,0.716894075,0.72929893
09,Chile,9,CH09,1029,right,20,1.852306079,1.937512445,0.898440435,0.727809584,0.766441442
09,Chile,9,CH09,1030,right,18,1.849361752,1.896863273,0.895079355,0.712440435,0.740064072
09,Chile,9,CH09,1031,right,19,1.778672735,1.86826207,0.975490538,0.894189922,0.818649567
09,Chile,9,CH09,1032,right,22,1.921817756,1.958345646,1.000409831,0.746648892,0.771114813
09,Chile,9,CH09,1033,right,24,1.875372905,1.923611111,0.969937792,0.757804048,0.758090366
09,Chile,9,CH09,1034,right,20,1.915080866,1.939937734,0.938528243,0.732070936,0.742503689
09,Chile,9,CH09,1035,right,21,1.793832132,1.862975849,0.917350334,0.764677623,0.764393773
09,Ribeirao_Preto,9,RP09,781,left,22,1.858232856,1.884785815,0.869702506,0.777389469,0.748504036
09,Ribeirao_Preto,9,RP09,782,left,18,1.774373908,1.886499268,0.882773197,0.713372608,0.719263203
09,Ribeirao_Preto,9,RP09,783,left,23,1.809493182,1.89618807,0.933743676,0.790705429,0.783814285
09,Ribeirao_Preto,9,RP09,784,left,23,1.748598952,1.891732286,0.977272962,0.798594474,0.765008471
09,Ribeirao_Preto,9,RP09,785,left,22,1.700375292,1.783833689,0.941356122,0.71485824,0.745502196
09,Ribeirao_Preto,9,RP09,786,left,22,1.788002282,1.869191105,0.901842464,0.793157709,0.769204987
09,Ribeirao_Preto,9,RP09,787,left,23,1.913405539,1.945795661,1.004642964,0.758503746,0.764046701
09,Ribeirao_Preto,9,RP09,788,left,18,1.808611196,1.899949743,0.907041215,0.747423558,0.743347554
09,Ribeirao_Preto,9,RP09,789,left,21,1.829396552,1.878879731,0.879973739,0.808245031,0.784507099
09,Ribeirao_Preto,9,RP09,790,left,18,1.740189654,1.755461605,0.829185278,0.751605791,0.738661724
09,Ribeirao_Preto,9,RP09,791,left,20,1.865368782,1.932902251,0.940401887,0.752599661,0.749549762
09,Ribeirao_Preto,9,RP09,792,left,20,1.779580791,1.913443344,0.918453645,0.751605791,0.744449627
09,Ribeirao_Preto,9,RP09,793,left,19,1.775728528,1.851772278,0.902590793,0.725586449,0.702796991
09,Ribeirao_Preto,9,RP09,794,left,22,1.888135573,1.916075291,0.944546563,0.741886411,0.766441442
09,Ribeirao_Preto,9,RP09,795,left,22,1.750840296,1.827814188,0.868055556,0.796070839,0.779821224
09,Ribeirao_Preto,9,RP09,796,left,18,1.80953088,1.907245869,0.877201815,0.737616385,0.771114813
09,Ribeirao_Preto,9,RP09,797,left,22,1.819073329,1.851251349,0.881069119,0.812737382,0.798460131
09,Ribeirao_Preto,9,RP09,798,left,22,1.902245465,1.956805945,0.946612096,0.830783135,0.807020937
09,Ribeirao_Preto,9,RP09,799,left,23,1.778442259,1.905361182,0.953439598,0.797281502,0.780902701
09,Ribeirao_Preto,9,RP09,800,left,21,1.884210915,1.992390036,1.043632404,0.774453461,0.7740486
09,Ribeirao_Preto,9,RP09,801,left,22,1.891453019,1.953562451,0.907918058,0.815373598,0.765024409
09,Ribeirao_Preto,9,RP09,802,left,21,1.875167174,1.939788573,0.964178031,0.750514227,0.755413845
09,Ribeirao_Preto,9,RP09,803,left,21,1.801276982,1.868274977,0.888509033,0.756785151,0.751798256
09,Ribeirao_Preto,9,RP09,804,left,19,1.866195894,1.946650534,0.9465102,0.782044349,0.768922808
09,Ribeirao_Preto,9,RP09,805,left,20,1.775171701,1.816871591,0.769863003,0.761359449,0.72734561
09,Ribeirao_Preto,9,RP09,806,left,20,1.814959485,1.907233226,0.962350678,0.782629954,0.768358138
09,Ribeirao_Preto,9,RP09,807,left,20,1.864437843,1.953463705,0.946586623,0.76703896,0.749099253
09,Ribeirao_Preto,9,RP09,808,left,21,1.871060677,1.951005795,0.924680876,0.80039053,0.7740486
09,Ribeirao_Preto,9,RP09,809,left,23,1.911325085,1.945436255,0.95088186,0.804177461,0.798460131
09,Ribeirao_Preto,9,RP09,810,left,21,1.838298202,1.880867876,0.91798096,0.773612358,0.775324753
09,Ribeirao_Preto,9,RP09,811,left,18,1.763410368,1.878879731,0.917350334,0.72318979,0.745129504
09,Ribeirao_Preto,9,RP09,812,left,22,1.895667982,1.904411809,0.966501023,0.784230426,0.772957534
09,Ribeirao_Preto,9,RP09,813,left,21,1.77932333,1.870944689,0.892462435,0.774453461,0.757931314
09,Ribeirao_Preto,9,RP09,814,left,23,1.721844157,1.795108666,0.885654924,0.746971767,0.736569564
09,Ribeirao_Preto,9,RP09,815,left,22,1.833714712,1.891962879,0.938836496,0.797674572,0.79178849
09,Ribeirao_Preto,9,RP09,816,left,21,1.805889392,1.910984431,0.870136395,0.727014018,0.756976299
09,Ribeirao_Preto,9,RP09,817,left,24,1.858025012,1.950993436,0.979388273,0.811430921,0.777684766
09,Ribeirao_Preto,9,RP09,818,left,24,1.851824363,1.96428371,0.961097062,0.781520015,0.763162533
09,Ribeirao_Preto,9,RP09,819,left,20,1.835291988,1.921692284,0.860943084,0.716994972,0.706322036
09,Ribeirao_Preto,9,RP09,820,left,21,1.840277778,1.90548773,0.874558972,0.760281888,0.772208483
09,Ribeirao_Preto,9,RP09,821,left,23,1.826336079,1.943563789,1.012389493,0.792427753,0.787207226
09,Ribeirao_Preto,9,RP09,822,left,21,1.738331913,1.822106301,0.920158543,0.776598809,0.773612358
09,Ribeirao_Preto,9,RP09,823,left,22,1.895731581,1.922206667,0.944852853,0.776847162,0.7464551
09,Ribeirao_Preto,9,RP09,824,left,24,1.831675387,1.917371046,0.907918058,0.783338258,0.757231087
09,Ribeirao_Preto,9,RP09,825,left,21,1.809957241,1.910681577,0.923010456,0.73820457,0.717835234
09,Ribeirao_Preto,9,RP09,826,left,21,1.820517601,1.905082748,0.887286968,0.76240386,0.736045595
09,Ribeirao_Preto,9,RP09,827,left,20,1.86221205,1.903360616,0.936341877,0.735357318,0.729695575
09,Ribeirao_Preto,9,RP09,828,left,21,1.734999644,1.834700669,0.859120683,0.728405688,0.747713851
09,Ribeirao_Preto,9,RP09,829,left,23,1.785370613,1.934124399,0.963302335,0.797009263,0.757931314
09,Ribeirao_Preto,9,RP09,830,left,22,1.811754849,1.838232616,0.893704404,0.787207226,0.758599109
09,Ribeirao_Preto,9,RP09,831,left,22,1.78000078,1.878058206,0.91798096,0.729133597,0.729728619
09,Ribeirao_Preto,9,RP09,832,left,19,1.88791846,1.945436255,0.970683306,0.803307447,0.780408497
09,Ribeirao_Preto,9,RP09,833,left,17,1.858855391,1.9338127,0.977786656,0.76240386,0.765402541
09,Ribeirao_Preto,9,RP09,834,left,18,1.811754849,1.88653857,0.903978902,0.742795905,0.758090366
09,Ribeirao_Preto,9,RP09,835,left,20,1.765692429,1.829080189,0.83625068,0.756785151,0.755413845
09,Ribeirao_Preto,9,RP09,836,left,21,1.854465748,1.888710163,0.884646997,0.718003168,0.711729332
09,Ribeirao_Preto,9,RP09,837,left,19,1.761755052,1.833596362,0.904805415,0.763888889,0.749099253
09,Ribeirao_Preto,9,RP09,838,left,24,1.855674585,1.9603762,0.930089021,0.801624749,0.76306774
09,Ribeirao_Preto,9,RP09,839,left,19,1.814959485,1.8934789,0.916061458,0.744222863,0.735619595
09,Ribeirao_Preto,9,RP09,840,left,21,1.759084117,1.86795229,0.868083333,0.772832742,0.745517728
09,Ribeirao_Preto,9,RP09,841,left,20,1.849100966,1.949423189,0.967473522,0.749549762,0.740813075
09,Ribeirao_Preto,9,RP09,842,left,21,1.818569552,1.906499807,0.906562579,0.769110939,0.758185781
09,Ribeirao_Preto,9,RP09,843,left,23,1.768653342,1.895019158,0.975391659,0.718003168,0.765024409
09,Ribeirao_Preto,9,RP09,844,left,18,1.817508512,1.863299398,0.934821276,0.712440435,0.722522641
09,Ribeirao_Preto,9,RP09,845,left,21,1.950313563,1.987142797,1.010410701,0.782629954,0.770958448
09,Ribeirao_Preto,9,RP09,846,left,20,1.761262261,1.852826711,0.897527468,0.772832742,0.753240172
09,Ribeirao_Preto,9,RP09,847,left,21,1.807917792,1.922745995,0.954728526,0.741626351,0.735455683
09,Ribeirao_Preto,9,RP09,848,left,21,1.831912328,1.866286337,0.971155168,0.7464551,0.753880138
09,Ribeirao_Preto,9,RP09,849,left,21,1.887318076,1.978922987,0.964178031,0.804177461,0.76306774
09,Ribeirao_Preto,9,RP09,850,left,21,1.858440248,1.926129018,0.893785342,0.790355884,0.760281888
09,Ribeirao_Preto,9,RP09,851,left,21,1.767166683,1.855323713,0.924654799,0.801233617,0.736274877
09,Ribeirao_Preto,9,RP09,852,left,20,1.851407643,1.887586356,0.935672086,0.82334875,0.790081259
09,Ribeirao_Preto,9,RP09,853,left,21,1.771922323,1.906588338,0.89000039,0.737583695,0.746648892
09,Ribeirao_Preto,9,RP09,854,left,23,1.818344133,1.865006806,0.966501023,0.765686017,0.769581065
09,Ribeirao_Preto,9,RP09,855,left,21,1.866195894,1.900355819,0.916903379,0.718003168,0.747713851
09,Ribeirao_Preto,9,RP09,856,left,19,1.83917682,1.893988215,0.935130751,0.756785151,0.752054798
09,Ribeirao_Preto,9,RP09,857,left,20,1.813351226,1.892574529,0.910384619,0.741626351,0.75
09,Ribeirao_Preto,9,RP09,858,left,20,1.83450352,1.8934789,0.936341877,0.784230426,0.753240172
09,Ribeirao_Preto,9,RP09,859,left,20,1.856454061,1.899403943,0.923376119,0.75208686,0.752599661
09,Ribeirao_Preto,9,RP09,860,left,23,1.854075632,1.988004148,0.980224999,0.761897657,0.758599109
09,Ribeirao_Preto,9,RP09,781,right,20,1.81917937,1.846608607,0.872709745,0.755924389,0.754615428
09,Ribeirao_Preto,9,RP09,782,right,20,1.812593122,1.9049182,0.872958377,0.731675578,0.72929893
09,Ribeirao_Preto,9,RP09,783,right,23,1.787111997,1.889705706,0.885110241,0.792427753,0.777808779
09,Ribeirao_Preto,9,RP09,784,right,20,1.771922323,1.89645645,0.925488901,0.75170203,0.764393773
09,Ribeirao_Preto,9,RP09,785,right,24,1.711956974,1.771935931,0.919450738,0.686517255,0.724921505
09,Ribeirao_Preto,9,RP09,786,right,20,1.80055397,1.876555425,0.869581991,0.761264431,0.758503746
09,Ribeirao_Preto,9,RP09,787,right,22,1.903398621,1.95933042,0.959665941,0.736831409,0.763888889
09,Ribeirao_Preto,9,RP09,788,right,21,1.831504243,1.906019137,0.885246443,0.736569564,0.75012859
09,Ribeirao_Preto,9,RP09,789,right,20,1.812433481,1.861745849,0.885654924,0.815136984,0.788431499
09,Ribeirao_Preto,9,RP09,790,right,18,1.756779746,1.74340136,0.807618288,0.771708712,0.756976299
09,Ribeirao_Preto,9,RP09,791,right,20,1.879495639,1.895947799,0.932858882,0.757071855,0.770864614
09,Ribeirao_Preto,9,RP09,792,right,19,1.811555203,1.902777778,0.868277749,0.718607407,0.746971767
09,Ribeirao_Preto,9,RP09,793,right,18,1.780298777,1.889348392,0.891408105,0.694479166,0.715311488
09,Ribeirao_Preto,9,RP09,794,right,23,1.857233211,1.879636757,0.944367848,0.736831409,0.757071855
09,Ribeirao_Preto,9,RP09,795,right,21,1.733303285,1.833977686,0.891759687,0.780779179,0.777901776
09,Ribeirao_Preto,9,RP09,796,right,19,1.813085261,1.910744676,0.855182323,0.707140881,0.766095298
09,Ribeirao_Preto,9,RP09,797,right,22,1.818887744,1.843629024,0.868749722,0.772583099,0.794706639
09,Ribeirao_Preto,9,RP09,798,right,21,1.957113982,1.937512445,0.901173789,0.794979666,0.79412994
09,Ribeirao_Preto,9,RP09,799,right,21,1.795269848,1.872709506,0.92840236,0.779171618,0.765906427
09,Ribeirao_Preto,9,RP09,800,right,21,1.894917361,1.94622934,1.028012361,0.746648892,0.751573709
09,Ribeirao_Preto,9,RP09,801,right,19,1.846778351,1.923661251,0.857575627,0.782013516,0.763920454
09,Ribeirao_Preto,9,RP09,802,right,19,1.834188037,1.911249389,0.987601573,0.752599661,0.764172927
09,Ribeirao_Preto,9,RP09,803,right,20,1.81202101,1.830200395,0.878328106,0.729992918,0.736242127
09,Ribeirao_Preto,9,RP09,804,right,21,1.901636925,1.919495196,0.882026462,0.790721902,0.77395514
09,Ribeirao_Preto,9,RP09,805,right,23,1.80187927,1.798624517,0.814841119,0.73246608,0.722522641
09,Ribeirao_Preto,9,RP09,806,right,20,1.816061847,1.889208,0.941631841,0.774453461,0.772364595
09,Ribeirao_Preto,9,RP09,807,right,23,1.870222824,1.904601721,0.937294216,0.744449627,0.765024409
09,Ribeirao_Preto,9,RP09,808,right,22,1.882764274,1.919884577,0.859092616,0.757071855,0.781520015
09,Ribeirao_Preto,9,RP09,809,right,23,1.938594872,1.945448649,0.909907742,0.794008476,0.80985443
09,Ribeirao_Preto,9,RP09,810,right,18,1.842490808,1.871782218,0.893785342,0.707174979,0.751317002
09,Ribeirao_Preto,9,RP09,811,right,20,1.781490264,1.868171723,0.875358172,0.6908937,0.751317002
09,Ribeirao_Preto,9,RP09,812,right,21,1.898515096,1.909835855,0.920787245,0.768295371,0.764677623
09,Ribeirao_Preto,9,RP09,813,right,22,1.809291008,1.861111111,0.877778877,0.752599661,0.784845123
09,Ribeirao_Preto,9,RP09,814,right,21,1.741893149,1.791666667,0.848530411,0.753240172,0.744643941
09,Ribeirao_Preto,9,RP09,815,right,22,1.795081801,1.882059755,0.899272039,0.773581188,0.796040549
09,Ribeirao_Preto,9,RP09,816,right,22,1.811555203,1.916779888,0.873041238,0.748004031,0.760123294
09,Ribeirao_Preto,9,RP09,817,right,24,1.844374371,1.953167438,1.012484758,0.805555556,0.76703896
09,Ribeirao_Preto,9,RP09,818,right,22,1.846242953,1.958530329,0.935543225,0.752599661,0.771114813
09,Ribeirao_Preto,9,RP09,819,right,18,1.834188037,1.890432886,0.838669259,0.708197155,0.729199735
09,Ribeirao_Preto,9,RP09,820,right,21,1.840919699,1.868881478,0.854618218,0.775915429,0.758980442
09,Ribeirao_Preto,9,RP09,821,right,21,1.82555695,1.862406266,0.928999528,0.765339532,0.772832742
09,Ribeirao_Preto,9,RP09,822,right,21,1.714940363,1.813351226,0.902777778,0.791331557,0.764677623
09,Ribeirao_Preto,9,RP09,823,right,20,1.853750473,1.909722222,0.913953265,0.787880811,0.753880138
09,Ribeirao_Preto,9,RP09,824,right,23,1.827550328,1.868881478,0.92863608,0.785674201,0.764172927
09,Ribeirao_Preto,9,RP09,825,right,18,1.81010378,1.889208,0.879562619,0.737158584,0.736405863
09,Ribeirao_Preto,9,RP09,826,right,24,1.77692308,1.897104783,0.875798798,0.775853274,0.752375354
09,Ribeirao_Preto,9,RP09,827,right,21,1.83430635,1.882572159,0.898440435,0.708809753,0.745679428
09,Ribeirao_Preto,9,RP09,828,right,20,1.745267521,1.805769218,0.860354731,0.738922827,0.758090366
09,Ribeirao_Preto,9,RP09,829,right,19,1.835607281,1.893988215,0.942220625,0.771114813,0.758980442
09,Ribeirao_Preto,9,RP09,830,right,22,1.827695456,1.819457697,0.887286968,0.766818876,0.786226434
09,Ribeirao_Preto,9,RP09,831,right,21,1.745267521,1.889922613,0.909960741,0.722255608,0.717432031
09,Ribeirao_Preto,9,RP09,832,right,18,1.890624203,1.930867781,0.984569413,0.771333671,0.763920454
09,Ribeirao_Preto,9,RP09,833,right,20,1.829646967,1.898692898,0.95989205,0.737616385,0.770833333
09,Ribeirao_Preto,9,RP09,834,right,19,1.824077012,1.868687935,0.894432583,0.746648892,0.729695575
09,Ribeirao_Preto,9,RP09,835,right,21,1.799093672,1.812619728,0.856309417,0.748712887,0.757231087
09,Ribeirao_Preto,9,RP09,836,right,20,1.827814188,1.873211596,0.880412055,0.711458249,0.719345231
09,Ribeirao_Preto,9,RP09,837,right,22,1.794208468,1.8125,0.892381377,0.733650237,0.736635034
09,Ribeirao_Preto,9,RP09,838,right,24,1.856298192,1.896151276,0.917350334,0.75003215,0.784722222
09,Ribeirao_Preto,9,RP09,839,right,19,1.808677856,1.881957257,0.830347661,0.724655357,0.745129504
09,Ribeirao_Preto,9,RP09,840,right,19,1.756779746,1.841116161,0.882026462,0.75208686,0.750803325
09,Ribeirao_Preto,9,RP09,841,right,20,1.86507145,1.906499807,0.879562619,0.712846461,0.768075648
09,Ribeirao_Preto,9,RP09,842,right,21,1.835291988,1.895019158,0.91545585,0.722923004,0.765402541
09,Ribeirao_Preto,9,RP09,843,right,26,1.80154469,1.844060578,0.930477816,0.740747975,0.737289413
09,Ribeirao_Preto,9,RP09,844,right,19,1.797256568,1.849778932,0.897554333,0.694479166,0.728736646
09,Ribeirao_Preto,9,RP09,845,right,23,1.957101662,1.923310245,0.932212455,0.753240172,0.764078259
09,Ribeirao_Preto,9,RP09,846,right,19,1.763191573,1.824737847,0.855182323,0.735750698,0.740813075
09,Ribeirao_Preto,9,RP09,847,right,18,1.844374371,1.893988215,0.934227829,0.720918963,0.737289413
09,Ribeirao_Preto,9,RP09,848,right,19,1.811874626,1.862160256,0.943269285,0.732103873,0.739379536
09,Ribeirao_Preto,9,RP09,849,right,22,1.900863291,1.959822621,0.913531043,0.732103873,0.750514227
09,Ribeirao_Preto,9,RP09,850,right,18,1.854634772,1.884108534,0.891326952,0.736569564,0.737714449
09,Ribeirao_Preto,9,RP09,851,right,22,1.80154469,1.800875344,0.886280896,0.767604599,0.730785241
09,Ribeirao_Preto,9,RP09,852,right,20,1.795753307,1.854803782,0.904512223,0.824957911,0.800089212
09,Ribeirao_Preto,9,RP09,853,right,20,1.785478655,1.895947799,0.882600369,0.742795905,0.765906427
09,Ribeirao_Preto,9,RP09,854,right,22,1.821153248,1.876041377,0.988845973,0.729992918,0.75012859
09,Ribeirao_Preto,9,RP09,855,right,20,1.802187029,1.876041377,0.860354731,0.737158584,0.764172927
09,Ribeirao_Preto,9,RP09,856,right,21,1.90005127,1.896647159,0.896801802,0.748712887,0.743055556
09,Ribeirao_Preto,9,RP09,857,right,20,1.841587584,1.871357058,0.851310718,0.730620244,0.727842713
09,Ribeirao_Preto,9,RP09,858,right,22,1.80749095,1.868881478,0.882600369,0.782629954,0.771333671
09,Ribeirao_Preto,9,RP09,859,right,19,1.845459163,1.895947799,0.90528498,0.736405863,0.761517785
09,Ribeirao_Preto,9,RP09,860,right,24,1.860540957,1.916389875,0.966875177,0.737714449,0.758980442
02,Chile,2,CH02,1126,left,20,2.034911823,2.065128796,0.987992142,0.790599915,0.799094057
02,Chile,2,CH02,1127,left,20,1.962343215,1.993067654,0.99693299,0.805555556,0.764078259
02,Chile,2,CH02,1128,left,24,2.009933856,2.052855772,0.988553314,0.776412492,0.78521371
02,Chile,2,CH02,1129,left,19,1.91924394,2.011744548,0.92736289,0.797009263,0.764078259
02,Chile,2,CH02,1130,left,22,1.946080661,1.991687974,0.933892235,0.855182323,0.762751679
02,Chile,2,CH02,1131,left,23,2.024505064,2.029786391,0.956620853,0.761137723,0.79178849
02,Chile,2,CH02,1132,left,23,2.05012891,2.032065957,0.96287671,0.790599915,0.789134596
02,Chile,2,CH02,1133,left,20,2.063540235,2.074576504,1.023121962,0.726748636,0.78521371
02,Chile,2,CH02,1134,left,23,1.99403528,1.970130444,0.958358494,0.737616385,0.767698832
02,Chile,2,CH02,1135,left,21,1.873211596,1.93485981,0.920891987,0.761897657,0.788431499
02,Chile,2,CH02,1136,left,21,2.005502173,2.022598504,0.957527842,0.821237445,0.807020937
02,Chile,2,CH02,1137,left,21,2.01367336,2.041536749,1.026744977,0.75170203,0.737714449
02,Chile,2,CH02,1138,left,22,1.978630532,1.99928855,1.096452789,0.81558058,0.754743232
02,Chile,2,CH02,1139,left,20,1.926817424,1.981224564,0.95989205,0.776412492,0.757453957
02,Chile,2,CH02,1140,left,20,1.995872477,2.084270622,0.97541638,0.73820457,0.74386638
02,Chile,2,CH02,1141,left,21,2.023325592,2.004816731,0.98508358,0.776412492,0.799365586
02,Chile,2,CH02,1142,left,21,1.985054595,1.99368457,0.986648914,0.772208483,0.770958448
02,Chile,2,CH02,1143,left,22,1.877634466,1.953463705,0.951794318,0.787880811,0.757199244
02,Chile,2,CH02,1144,left,20,2.003469213,2.057173725,1.020360813,0.751445367,0.784998722
02,Chile,2,CH02,1145,left,21,2.028930894,2.038995796,0.947732227,0.826418067,0.80985443
02,Chile,2,CH02,1146,left,24,1.908825547,1.961482889,0.963252271,0.766598729,0.77395514
02,Chile,2,CH02,1147,left,23,1.998383799,2.03458001,0.985230436,0.794008476,0.776412492
02,Chile,2,CH02,1148,left,21,1.927818303,2.019675594,1.031641574,0.743444862,0.750321433
02,Chile,2,CH02,1149,left,21,1.925528026,1.991687974,1.001542021,0.816762324,0.776412492
02,Chile,2,CH02,1150,left,21,1.89624029,1.9573111,0.931487924,0.754902955,0.743444862
02,Chile,2,CH02,1151,left,24,1.915659961,1.99368457,0.920970536,0.796070839,0.756307071
02,Chile,2,CH02,1152,left,22,2.031353867,2.058486087,1.013984014,0.776101865,0.797614112
02,Chile,2,CH02,1153,left,18,1.809610831,1.925152311,0.982706368,0.737158584,0.734537101
02,Chile,2,CH02,1154,left,21,2.008901871,2.002518187,1.012318037,0.773581188,0.774609121
02,Chile,2,CH02,1155,left,19,1.920198537,1.931566981,0.969141946,0.727014018,0.729695575
02,Chile,2,CH02,1156,left,22,1.952093092,2.022026185,0.963252271,0.741886411,0.751573709
02,Chile,2,CH02,1157,left,20,1.985054595,2.044687863,0.985744259,0.742276331,0.758090366
02,Chile,2,CH02,1158,left,22,2.043366639,2.059645425,0.999252228,0.744222863,0.761517785
02,Chile,2,CH02,1159,left,22,2.097095747,2.099474508,1.028762666,0.761897657,0.786226434
02,Chile,2,CH02,1160,left,21,1.858258593,1.944109594,0.931487924,0.743444862,0.74851963
02,Chile,2,CH02,1161,left,19,1.948718022,2.042847353,0.950653609,0.802226118,0.765906427
02,Chile,2,CH02,1162,left,22,1.939191814,2.03458001,0.98429998,0.798460131,0.762751679
02,Chile,2,CH02,1163,left,22,1.989677257,2.03799036,1.023498976,0.770050904,0.749549762
02,Chile,2,CH02,1164,left,20,1.954463276,2.016437564,0.920891987,0.744222863,0.754679333
02,Chile,2,CH02,1165,left,21,2.010113799,2.027135553,0.977564686,0.810955322,0.782999584
02,Chile,2,CH02,1166,left,22,2.056599303,2.091673122,1.012484758,0.810955322,0.788431499
02,Chile,2,CH02,1167,left,22,1.942583435,1.986123252,0.987772466,0.771083543,0.735619595
02,Chile,2,CH02,1168,left,20,1.977521246,2.013888889,0.981626147,0.790599915,0.770958448
02,Chile,2,CH02,1169,left,19,1.929031173,1.923661251,0.959665941,0.746971767,0.743574585
02,Chile,2,CH02,1170,left,22,1.948829381,2.007244787,0.990721811,0.781149685,0.784752949
02,Chile,2,CH02,1171,left,23,2.006091226,1.98688796,0.99380799,0.756466465,0.766441442
02,Chile,2,CH02,1172,left,22,2.019448743,2.042847353,0.97827974,0.795495129,0.784722222
02,Chile,2,CH02,1173,left,20,2.056833781,2.084490419,1.003514272,0.785674201,0.767698832
02,Chile,2,CH02,1174,left,24,1.879688069,1.966504329,0.959691067,0.787207226,0.792153846
02,Chile,2,CH02,1175,left,23,2.051163664,2.034722222,0.994293129,0.776101865,0.764172927
02,Chile,2,CH02,1176,left,22,2.002229178,1.983559939,0.951971638,0.772208483,0.740813075
02,Chile,2,CH02,1177,left,19,1.971207192,1.972234448,1.012675263,0.790599915,0.769204987
02,Chile,2,CH02,1178,left,22,1.98887725,1.993648286,0.946815855,0.785919686,0.770833333
02,Chile,2,CH02,1179,left,21,1.952920514,2.004347609,1.002143728,0.811430921,0.769831682
02,Chile,2,CH02,1180,left,21,2.091281136,2.034615564,0.957527842,0.801143328,0.79412994
02,Chile,2,CH02,1181,left,22,1.953994405,2.027884796,1.040508616,0.73820457,0.750321433
02,Chile,2,CH02,1182,left,19,1.864541304,1.925127261,0.913082217,0.796040549,0.743444862
02,Chile,2,CH02,1183,left,21,2.000735301,2.062605216,1.040508616,0.805555556,0.782229324
02,Chile,2,CH02,1184,left,22,2.030641528,2.090381596,0.982092752,0.780779179,0.78521371
02,Chile,2,CH02,1185,left,23,1.963117187,1.99741828,0.994899221,0.825892708,0.805675278
02,Chile,2,CH02,1186,left,21,1.966210026,2.041536749,1.043285779,0.771708712,0.771614969
02,Chile,2,CH02,1187,left,22,1.953759928,2.036723987,0.992108134,0.756211419,0.770864614
02,Chile,2,CH02,1188,left,22,1.966639203,1.979361589,0.895079355,0.752599661,0.765434043
02,Chile,2,CH02,1189,left,22,2.024171546,2.037043613,0.987992142,0.81059844,0.790721902
02,Chile,2,CH02,1190,left,21,1.987676636,2.007713232,0.980249598,0.735357318,0.76703896
02,Chile,2,CH02,1191,left,21,1.925365225,1.972662314,0.931694991,0.806273626,0.778056746
02,Chile,2,CH02,1192,left,22,2.053266838,2.043366639,1.02243827,0.780779179,0.770050904
02,Chile,2,CH02,1193,left,21,2.010413668,2.048658192,0.990746149,0.72734561,0.743185347
02,Chile,2,CH02,1194,left,21,2.031353867,2.045076989,0.976602237,0.757231087,0.759520337
02,Chile,2,CH02,1195,left,22,1.984763043,2.076574685,0.993929297,0.771083543,0.759520337
02,Chile,2,CH02,1196,left,21,1.987822204,2.062792254,0.997223189,0.727014018,0.743185347
02,Chile,2,CH02,1197,left,21,1.972124411,1.972271126,0.99693299,0.736831409,
02,Chile,2,CH02,1198,left,22,2.001361901,2.083622665,0.990721811,0.736831409,0.746971767
02,Chile,2,CH02,1199,left,21,2.024505064,2.022848842,1.056377604,0.766284124,0.785490037
02,Chile,2,CH02,1200,left,20,2.038073179,2.071726929,0.916298327,0.78573558,0.778273651
02,Chile,2,CH02,1201,left,21,1.971207192,2.027825342,0.972247023,0.800782073,0.787788993
02,Chile,2,CH02,1202,left,20,1.996150327,2.007244787,0.984495939,0.737616385,0.785490037
02,Chile,2,CH02,1203,left,20,2.041619425,2.099474508,1.023121962,0.792427753,0.772208483
02,Chile,2,CH02,1204,left,21,2.038073179,2.09222639,1.009813919,0.776101865,0.784507099
02,Chile,2,CH02,1205,left,21,2.002722876,2.059352724,0.982215506,0.775915429,0.765055927
02,Chile,2,CH02,1206,left,20,1.928268529,1.92723035,0.958760975,0.786318436,0.778056746
02,Chile,2,CH02,1207,left,21,1.843158123,1.965719424,0.981429615,0.7464551,0.744222863
02,Chile,2,CH02,1208,left,22,2.083668954,2.072425146,0.998479747,0.736569564,0.785490037
02,Chile,2,CH02,1209,left,22,1.920198537,2.021024237,0.98508358,0.761264431,0.750803325
02,Chile,2,CH02,1210,left,21,1.950387742,2.014188196,0.936290372,0.761897657,0.763920454
02,Chile,2,CH02,1211,left,20,1.960499196,1.939937734,0.994293129,0.718607407,0.763920454
02,Chile,2,CH02,1212,left,22,1.974287358,2.000590673,0.919293375,0.800420655,0.77889305
02,Chile,2,CH02,1213,left,19,1.976142914,2.007917392,0.963877882,0.795495129,0.752054798
02,Chile,2,CH02,1214,left,22,1.950449556,1.952389522,0.944138022,0.751317002,0.752599661
02,Chile,2,CH02,1215,left,19,2.073960397,2.091753816,1.009718401,0.756785151,0.792153846
02,Chile,2,CH02,1216,left,22,1.996005366,2.002036482,0.96617664,0.786226434,0.756275188
02,Chile,2,CH02,1217,left,21,1.80749095,1.854803782,0.83486549,0.699012752,0.715581112
02,Chile,2,CH02,1218,left,22,2.007557096,2.062605216,0.987772466,0.743444862,0.794706639
02,Chile,2,CH02,1219,left,21,2.005983045,2.063668767,0.950374561,0.800420655,0.792427753
02,Chile,2,CH02,1220,left,21,2.028455461,2.077131974,1.102943068,0.770958448,0.805555556
02,Chile,2,CH02,1221,left,25,2.036143796,2.083379629,1.046677762,0.78573558,0.765024409
02,Chile,2,CH02,1222,left,21,2.067649296,2.007052573,0.997150647,0.751445367,0.771333671
02,Chile,2,CH02,1223,left,23,1.941987535,1.987579585,0.994293129,0.771083543,0.752054798
02,Chile,2,CH02,1224,left,20,1.981309756,1.995775825,1.009813919,0.786226434,0.758599109
02,Chile,2,CH02,1225,left,20,1.885068133,1.961101767,0.941017065,0.825016367,0.782044349
02,Chile,2,CH02,1126,right,21,1.982952033,2.020940719,0.943269285,0.755924389,0.796040549
02,Chile,2,CH02,1127,right,18,1.930568046,1.961482889,0.956343546,0.798460131,0.764172927
02,Chile,2,CH02,1128,right,23,1.982039825,1.99403528,0.950399932,0.757071855,0.785827638
02,Chile,2,CH02,1129,right,20,1.88353254,1.965290047,0.901173789,0.754008066,0.771614969
02,Chile,2,CH02,1130,right,23,1.92031155,1.958382584,0.904512223,0.744222863,0.772364595
02,Chile,2,CH02,1131,right,22,2.036759503,2.007376924,0.928610114,0.766284124,0.78521371
02,Chile,2,CH02,1132,right,24,2.061950451,2.027789669,0.927778817,0.76303614,0.764393773
02,Chile,2,CH02,1133,right,22,2.020773672,2.010821419,0.930788735,0.719345231,0.793643973
02,Chile,2,CH02,1134,right,23,2.03799036,1.974287358,0.930477816,0.735357318,0.74386638
02,Chile,2,CH02,1135,right,20,1.867435874,1.930230788,0.924550483,0.743574585,0.788890112
02,Chile,2,CH02,1136,right,20,1.970093726,1.99741828,0.901387819,0.770958448,0.794706639
02,Chile,2,CH02,1137,right,22,2.010545597,2.035148799,0.983760893,0.754008066,0.779295394
02,Chile,2,CH02,1138,right,20,1.9603762,1.953809294,1.004354908,0.776847162,0.764393773
02,Chile,2,CH02,1139,right,20,1.938731687,1.967350203,0.918269852,0.738922827,0.783830614
02,Chile,2,CH02,1140,right,20,2.005898901,2.058942873,0.976775054,0.75208686,0.737714449
02,Chile,2,CH02,1141,right,22,2.003384963,1.99324912,0.951794318,0.766598729,0.780871822
02,Chile,2,CH02,1142,right,20,1.964038184,1.965474077,0.948368075,0.781520015,0.777808779
02,Chile,2,CH02,1143,right,20,1.87589999,1.94622934,0.887286968,0.798460131,0.764015141
02,Chile,2,CH02,1144,right,22,1.991542689,2.007052573,0.941631841,0.757804048,0.795343557
02,Chile,2,CH02,1145,right,20,2.043602635,2.027884796,0.933763129,0.820767529,0.792153846
02,Chile,2,CH02,1146,right,25,1.879174879,1.953809294,0.915034321,0.755924389,0.77975938
02,Chile,2,CH02,1147,right,21,2.002048527,1.99324912,0.922801441,0.754008066,0.796040549
02,Chile,2,CH02,1148,right,19,1.906702157,2.013888889,0.950577513,0.733650237,0.744643941
02,Chile,2,CH02,1149,right,23,1.886295708,1.97917885,0.932858882,0.786226434,0.771333671
02,Chile,2,CH02,1150,right,20,1.935121499,1.931354751,0.928999528,0.730983187,0.762308972
02,Chile,2,CH02,1151,right,24,1.898794492,1.972662314,0.896801802,0.781520015,0.778552442
02,Chile,2,CH02,1152,right,23,2.019926295,2.007713232,1.002793167,0.744222863,0.792153846
02,Chile,2,CH02,1153,right,19,1.822410644,1.889705706,0.932212455,0.747423558,0.744222863
02,Chile,2,CH02,1154,right,20,1.955943183,1.986220374,0.926113986,0.727842713,0.784722222
02,Chile,2,CH02,1155,right,18,1.931754224,1.916867944,0.888481895,0.732070936,0.738759648
02,Chile,2,CH02,1156,right,21,2.003565495,2.025136217,0.923088825,0.740747975,0.760789165
02,Chile,2,CH02,1157,right,20,1.919294193,1.979605215,0.992278251,0.720216231,0.765906427
02,Chile,2,CH02,1158,right,23,2.03112832,2.043095211,0.999252228,0.702865607,0.770050904
02,Chile,2,CH02,1159,right,22,2.053407756,2.042245288,0.993929297,0.736405863,0.784845123
02,Chile,2,CH02,1160,right,20,1.880085695,1.916779888,0.907280438,0.720216231,0.751573709
02,Chile,2,CH02,1161,right,18,1.932964624,2.000771456,0.943269285,0.805555556,0.756976299
02,Chile,2,CH02,1162,right,22,1.932964624,2.002361646,0.937294216,0.778087736,0.796040549
02,Chile,2,CH02,1163,right,20,1.966639203,2.048717041,1.040856166,0.739770777,0.756976299
02,Chile,2,CH02,1164,right,19,1.946650534,2.009297928,0.903978902,0.729133597,0.756976299
02,Chile,2,CH02,1165,right,19,1.975862251,2.006992502,0.99380799,0.790599915,0.792153846
02,Chile,2,CH02,1166,right,22,1.979507768,2.081028818,1.068993411,0.806273626,0.805585488
02,Chile,2,CH02,1167,right,22,1.955450005,1.95893657,1.000096446,0.795495129,0.769204987
02,Chile,2,CH02,1168,right,23,1.949361343,2.000301385,0.981405046,0.737616385,0.786226434
02,Chile,2,CH02,1169,right,20,1.905677535,1.909772727,0.931694991,0.747423558,0.743185347
02,Chile,2,CH02,1170,right,21,1.958899642,1.974617091,0.96275149,0.800541146,0.792153846
02,Chile,2,CH02,1171,right,21,1.99107044,1.988489252,0.987674817,0.795737584,0.81276705
02,Chile,2,CH02,1172,right,22,1.974287358,2.028075035,0.993929297,0.747423558,0.794706639
02,Chile,2,CH02,1173,right,20,2.028455461,2.048658192,1.034256047,0.775853274,0.753208159
02,Chile,2,CH02,1174,right,21,1.841220932,1.892154041,0.919319604,0.78573558,0.751317002
02,Chile,2,CH02,1175,right,20,2.015684066,2.041713907,0.982804511,0.758503746,0.772364595
02,Chile,2,CH02,1176,right,22,1.985795429,1.965326855,0.953844155,0.760281888,0.764393773
02,Chile,2,CH02,1177,right,23,1.966075123,1.981553142,1.040856166,0.780902701,0.760123294
02,Chile,2,CH02,1178,right,22,1.931866561,1.967043769,0.931694991,0.766284124,0.771614969
02,Chile,2,CH02,1179,right,23,1.9508822,1.993067654,0.984887739,0.820767529,0.789134596
02,Chile,2,CH02,1180,right,24,2.041347764,2.002361646,0.937911432,0.756466465,0.793157709
02,Chile,2,CH02,1181,right,18,1.948718022,1.97300454,1.043516875,0.76703896,0.772364595
02,Chile,2,CH02,1182,right,21,1.819020307,1.903803961,0.885246443,0.780902701,0.785490037
02,Chile,2,CH02,1183,right,21,2.028027477,2.062511691,1.034349299,0.79555575,0.7684209
02,Chile,2,CH02,1184,right,20,2.001398045,2.033524961,0.957527842,0.791818942,0.792427753
02,Chile,2,CH02,1185,right,23,1.992523158,1.994796955,0.99380799,0.815196144,0.787788993
02,Chile,2,CH02,1186,right,22,1.955450005,2.036427992,0.987992142,0.776101865,0.798731875
02,Chile,2,CH02,1187,right,23,1.938744125,1.989616662,0.936470628,0.736569564,0.757071855
02,Chile,2,CH02,1188,right,21,1.958838095,1.980153263,0.913108625,0.746390491,0.759520337
02,Chile,2,CH02,1189,right,21,1.971696428,2.003084042,0.969564821,0.786226434,0.776101865
02,Chile,2,CH02,1190,right,21,1.952179555,1.968820423,0.95989205,0.766032346,
02,Chile,2,CH02,1191,right,23,1.883020398,1.925127261,0.903765485,0.782013516,0.752599661
02,Chile,2,CH02,1192,right,21,2.070108488,2.063668767,1.018728934,0.775915429,0.779295394
02,Chile,2,CH02,1193,right,20,2.02168033,2.014319877,0.953515466,0.756275188,0.763920454
02,Chile,2,CH02,1194,right,20,2.029608192,2.028740734,0.941093934,0.775853274,0.79178849
02,Chile,2,CH02,1195,right,22,1.953994405,1.993103948,0.981405046,0.758503746,0.777901776
02,Chile,2,CH02,1196,right,21,1.889756745,2.001735358,0.982215506,0.756785151,0.75012859
02,Chile,2,CH02,1197,right,21,1.970705598,1.960745166,0.903792165,0.746648892,0.724355823
02,Chile,2,CH02,1198,right,22,1.987531058,1.996548913,0.979388273,0.736831409,0.758980442
02,Chile,2,CH02,1199,right,19,1.971696428,2.076145006,1.027801238,0.776847162,0.785490037
02,Chile,2,CH02,1200,right,21,1.997780404,2.046385326,0.910384619,0.782013516,0.771958638
02,Chile,2,CH02,1201,right,20,1.971207192,2.027968028,0.953515466,0.820179755,0.800089212
02,Chile,2,CH02,1202,right,18,1.974091935,1.967350203,0.993929297,0.761137723,0.791697124
02,Chile,2,CH02,1203,right,20,2.033121763,2.066284407,1.032272454,0.802226118,0.768358138
02,Chile,2,CH02,1204,right,22,2.086871995,2.079742275,1.010410701,0.795495129,0.790081259
02,Chile,2,CH02,1205,right,22,1.945461044,2.043366639,0.96287671,0.781149685,0.78521371
02,Chile,2,CH02,1206,right,20,1.895171842,1.909772727,0.969042419,0.805375938,0.769204987
02,Chile,2,CH02,1207,right,23,1.837563512,1.939005289,0.931824384,0.761897657,0.740064072
02,Chile,2,CH02,1208,right,22,2.036759503,2.035302818,0.994293129,0.751445367,0.772832742
02,Chile,2,CH02,1209,right,23,1.923548435,1.996150327,0.957527842,0.766284124,0.777808779
02,Chile,2,CH02,1210,right,20,1.948829381,2.008673803,0.882354454,0.756211419,0.73820457
02,Chile,2,CH02,1211,right,21,1.980725507,1.959121197,0.950374561,0.766284124,0.770864614
02,Chile,2,CH02,1212,right,22,1.93860731,1.987579585,0.937911432,0.81608303,0.764393773
02,Chile,2,CH02,1213,right,19,1.925365225,1.972417831,0.92946661,0.805854829,0.765024409
02,Chile,2,CH02,1214,right,23,1.911653064,1.94653905,0.938091377,0.751317002,0.763162533
02,Chile,2,CH02,1215,right,23,2.073425515,2.079359636,1.035095011,0.775853274,0.828748964
02,Chile,2,CH02,1216,right,21,1.936989678,1.967043769,0.993929297,0.79096582,0.771958638
02,Chile,2,CH02,1217,right,20,1.772357732,1.813151756,0.838669259,0.707720323,0.736635034
02,Chile,2,CH02,1218,right,22,1.932128656,2.022550817,0.990940833,0.775915429,0.777777778
02,Chile,2,CH02,1219,right,21,1.987142797,2.014319877,0.904005575,0.790721902,0.778273651
02,Chile,2,CH02,1220,right,21,2.053266838,2.045489618,1.066871002,0.771083543,0.778056746
02,Chile,2,CH02,1221,right,21,2.012715175,2.057853445,1.003201857,0.81059844,0.79178849
02,Chile,2,CH02,1222,right,22,1.993938538,1.986111111,0.941631841,0.750514227,0.8072898
02,Chile,2,CH02,1223,right,21,1.901573524,1.967681098,0.969141946,0.746390491,0.765434043
02,Chile,2,CH02,1224,right,20,1.948829381,1.99403528,0.990940833,0.79555575,0.756275188
02,Chile,2,CH02,1225,right,20,1.83430635,1.917471651,0.886335308,0.815196144,0.762308972
02,Ribeirao_Preto,2,RP02,381,left,20,1.939499539,1.949419684,0.970712763,0.772286065,0.772941431
02,Ribeirao_Preto,2,RP02,382,left,22,1.909682437,1.948875388,0.898287519,0.777389469,0.75235968
02,Ribeirao_Preto,2,RP02,383,left,22,1.887023223,1.945222199,0.940151505,0.75168637,0.760773316
02,Ribeirao_Preto,2,RP02,384,left,22,1.926326727,1.988653955,0.899065594,0.779804978,0.739787959
02,Ribeirao_Preto,2,RP02,385,left,20,1.866712514,1.89340125,0.918434511,0.766802901,
02,Ribeirao_Preto,2,RP02,386,left,22,1.981012897,2.031501459,0.945292408,0.741870956,0.749083647
02,Ribeirao_Preto,2,RP02,387,left,23,1.941649066,1.98798699,0.969743554,0.807004125,0.749534147
02,Ribeirao_Preto,2,RP02,388,left,22,1.934719803,2.006145587,0.94689799,0.708794986,0.725538101
02,Ribeirao_Preto,2,RP02,389,left,20,1.937173381,2.040750003,0.983838434,0.723841244,0.749373285
02,Ribeirao_Preto,2,RP02,390,left,21,1.906042681,1.96033536,0.916042374,0.778257438,0.762735788
02,Ribeirao_Preto,2,RP02,391,left,21,1.955532571,1.967247936,0.896352827,0.774437327,0.772348505
02,Ribeirao_Preto,2,RP02,392,left,20,1.917685418,1.987385469,0.933763129,0.813567675,0.782044349
02,Ribeirao_Preto,2,RP02,393,left,21,1.910502951,1.994852096,0.915594799,0.779804978,0.770942387
02,Ribeirao_Preto,2,RP02,394,left,21,1.860152251,1.952645227,0.942814975,0.780855554,0.737568329
02,Ribeirao_Preto,2,RP02,395,left,23,1.994187203,2.019155917,0.977766285,0.748697289,0.776085697
02,Ribeirao_Preto,2,RP02,396,left,23,1.866583343,1.944899894,0.945292408,0.824268199,0.780392239
02,Ribeirao_Preto,2,RP02,397,left,21,1.920572874,1.972009965,0.929836294,0.770034862,0.76633109
02,Ribeirao_Preto,2,RP02,398,left,20,1.868649005,1.941934662,0.961879525,0.795448245,0.769815644
02,Ribeirao_Preto,2,RP02,399,left,22,1.917544876,2.015522447,0.999713898,0.783321939,0.779804978
02,Ribeirao_Preto,2,RP02,400,left,20,1.91724307,1.98501324,0.96205498,0.792411244,0.767180141
02,Ribeirao_Preto,2,RP02,401,left,18,1.922179166,1.947575886,0.944833169,0.736619687,0.736554219
02,Ribeirao_Preto,2,RP02,402,left,22,1.796655562,1.904372134,0.955642633,0.752583982,0.741610901
02,Ribeirao_Preto,2,RP02,403,left,23,1.894317917,1.947687306,0.979564806,0.752808218,0.770848555
02,Ribeirao_Preto,2,RP02,404,left,22,1.890750604,1.95096515,0.87302305,0.784736601,0.742260867
02,Ribeirao_Preto,2,RP02,405,left,17,1.713005477,1.791212096,0.809837558,0.74278043,0.770034862
02,Ribeirao_Preto,2,RP02,406,left,23,1.919367273,1.98466095,0.936322371,0.749534147,0.746633337
02,Ribeirao_Preto,2,RP02,407,left,23,1.909227847,1.952645227,0.959947408,0.810135238,0.773596241
02,Ribeirao_Preto,2,RP02,408,left,22,1.897942047,1.969110048,0.968848038,0.812957759,0.760012289
02,Ribeirao_Preto,2,RP02,409,left,21,1.928115814,1.946510885,0.899065594,0.775432988,0.765890471
02,Ribeirao_Preto,2,RP02,410,left,20,1.930490357,1.97302454,1.0146285,0.809748233,0.794599055
02,Ribeirao_Preto,2,RP02,411,left,23,2.066089653,2.081460463,1.061410721,0.816597687,0.789118156
02,Ribeirao_Preto,2,RP02,412,left,22,1.928115814,1.925775904,0.940151505,0.75168637,0.755908641
02,Ribeirao_Preto,2,RP02,413,left,21,1.89513236,1.987101399,1.034700666,0.748697289,0.756259433
02,Ribeirao_Preto,2,RP02,414,left,20,1.94496188,1.993630941,0.955819233,0.790339418,0.763146635
02,Ribeirao_Preto,2,RP02,415,left,21,1.91521723,1.933772413,0.968848038,0.82505763,0.768593141
02,Ribeirao_Preto,2,RP02,416,left,18,1.939201151,1.938940024,0.983960965,0.749534147,0.750305802
02,Ribeirao_Preto,2,RP02,417,left,22,1.989950865,2.037947903,1.021662035,0.749534147,0.765039988
02,Ribeirao_Preto,2,RP02,418,left,22,1.887278758,1.967198909,0.964057907,0.773596241,0.764030784
02,Ribeirao_Preto,2,RP02,419,left,22,1.863687569,1.933971902,0.902571989,0.78396808,0.754727508
02,Ribeirao_Preto,2,RP02,420,left,22,1.835253754,1.918098062,0.916042374,0.749534147,0.746439549
02,Ribeirao_Preto,2,RP02,421,left,20,1.985212501,2.03226767,1.035560809,0.782629954,0.788431499
02,Ribeirao_Preto,2,RP02,422,left,22,1.902332588,1.932026005,0.91097462,0.814498575,0.786669944
02,Ribeirao_Preto,2,RP02,423,left,22,1.897065261,1.987792922,0.924531222,0.72782755,0.720903944
02,Ribeirao_Preto,2,RP02,424,left,22,1.827393507,1.907193493,0.920872803,0.763872975,0.749083647
02,Ribeirao_Preto,2,RP02,425,left,20,1.952583485,2.002620955,0.945292408,0.844467969,0.803740827
02,Ribeirao_Preto,2,RP02,426,left,21,1.910629152,1.986263971,0.968848038,0.776551581,0.768342131
02,Ribeirao_Preto,2,RP02,427,left,22,1.890495539,1.957910808,0.977272962,0.751558052,0.751172966
02,Ribeirao_Preto,2,RP02,428,left,21,1.863364101,1.974063023,0.964157944,0.800042406,0.764314757
02,Ribeirao_Preto,2,RP02,429,left,20,1.885681097,1.934158904,0.981802185,0.830127067,0.772442155
02,Ribeirao_Preto,2,RP02,430,left,22,1.896200786,1.998523146,0.940382296,0.784214088,0.785811267
02,Ribeirao_Preto,2,RP02,431,left,22,1.928315888,1.975991928,0.977766285,0.763778274,0.753224479
02,Ribeirao_Preto,2,RP02,432,left,20,1.952879829,2.00747924,0.964732956,0.771098749,0.75130135
02,Ribeirao_Preto,2,RP02,433,left,24,1.911638465,1.943523299,0.911926969,0.764661693,0.765386595
02,Ribeirao_Preto,2,RP02,434,left,22,1.939487107,2.013846934,1.025713274,0.786271389,0.765008471
02,Ribeirao_Preto,2,RP02,435,left,23,1.913365677,1.957270324,1.003853717,0.764661693,0.77191132
02,Ribeirao_Preto,2,RP02,436,left,22,1.889053771,1.953521753,1.006228797,0.762546092,0.747956212
02,Ribeirao_Preto,2,RP02,437,left,22,1.914940241,1.967296961,0.968848038,0.755908641,0.749534147
02,Ribeirao_Preto,2,RP02,438,left,21,1.875552396,1.916488349,0.964757949,0.766802901,0.747827254
02,Ribeirao_Preto,2,RP02,439,left,22,1.89562849,1.943523299,0.968848038,0.759314011,0.792532948
02,Ribeirao_Preto,2,RP02,440,left,19,1.884107675,1.995710083,0.970712763,0.752808218,0.765039988
02,Ribeirao_Preto,2,RP02,441,left,23,1.897408399,2.010071922,0.978752186,0.757788261,0.748504036
02,Ribeirao_Preto,2,RP02,442,left,20,1.886563173,1.96792193,0.959419792,0.772192396,0.747827254
02,Ribeirao_Preto,2,RP02,443,left,21,1.928790981,1.971019334,0.95106489,0.804160708,0.772941431
02,Ribeirao_Preto,2,RP02,444,left,20,1.839295821,1.905321488,0.953419736,0.798594474,0.759821913
02,Ribeirao_Preto,2,RP02,445,left,20,1.961454318,2.021566651,0.990798518,0.807004125,0.766928668
02,Ribeirao_Preto,2,RP02,446,left,21,1.906434794,1.945222199,0.989337307,0.808228193,0.777668565
02,Ribeirao_Preto,2,RP02,447,left,22,1.896645786,1.974246228,0.922991227,0.732055685,0.715262876
02,Ribeirao_Preto,2,RP02,448,left,21,1.911638465,1.950952791,0.898287519,0.752071192,0.778040536
02,Ribeirao_Preto,2,RP02,449,left,22,1.966904723,1.998342167,0.963857801,0.76150192,0.765418097
02,Ribeirao_Preto,2,RP02,450,left,21,2.051426549,2.066042972,0.991674212,0.788659695,0.798141456
02,Ribeirao_Preto,2,RP02,451,left,20,2.044657059,2.064618686,0.906543693,0.819898038,0.80040398
02,Ribeirao_Preto,2,RP02,452,left,19,1.867099973,1.927828171,0.901422539,0.8243852,0.761343587
02,Ribeirao_Preto,2,RP02,453,left,21,1.856415386,1.921915726,0.851094695,0.793627439,0.753224479
02,Ribeirao_Preto,2,RP02,454,left,18,1.708297744,1.791844655,0.804370566,0.659160016,0.694985299
02,Ribeirao_Preto,2,RP02,455,left,21,1.90504306,1.951953606,0.922364053,0.771317602,0.76150192
02,Ribeirao_Preto,2,RP02,456,left,22,1.947823477,1.954915975,0.954708636,0.786210055,0.789881666
02,Ribeirao_Preto,2,RP02,457,left,20,1.875128108,1.921915726,0.955819233,0.814498575,0.796901894
02,Ribeirao_Preto,2,RP02,458,left,19,1.936961773,1.977321531,1.025713274,0.743072525,0.752872273
02,Ribeirao_Preto,2,RP02,459,left,20,1.90867209,1.938865409,0.925886382,0.757056083,0.746633337
02,Ribeirao_Preto,2,RP02,460,left,20,1.911638465,1.990689847,1.008072213,0.819898038,0.781503734
02,Ribeirao_Preto,2,RP02,381,right,20,2.001566709,1.981905999,0.986404495,0.77889305,0.7684209
02,Ribeirao_Preto,2,RP02,382,right,23,1.947232624,1.911274622,0.862482108,0.774328911,
02,Ribeirao_Preto,2,RP02,383,right,22,1.910744676,1.910037853,0.89715127,0.702213487,0.763162533
02,Ribeirao_Preto,2,RP02,384,right,19,1.941528071,1.971060397,0.893677423,0.766913205,0.776598809
02,Ribeirao_Preto,2,RP02,385,right,22,1.888135573,1.885643658,0.881971784,0.732202674,0.753496223
02,Ribeirao_Preto,2,RP02,386,right,21,2.000542461,2.010017831,0.923088825,0.727842713,0.75012859
02,Ribeirao_Preto,2,RP02,387,right,24,1.90034313,1.912687092,0.943857048,0.769455726,0.766441442
02,Ribeirao_Preto,2,RP02,388,right,21,1.970130444,1.973554421,0.926426369,0.676040864,0.730719247
02,Ribeirao_Preto,2,RP02,389,right,20,1.978971725,2.000108504,0.913953265,0.71338747,0.736405863
02,Ribeirao_Preto,2,RP02,390,right,23,1.951438315,1.954549635,0.924628721,0.754167946,0.800420655
02,Ribeirao_Preto,2,RP02,391,right,21,1.99134896,1.979605215,0.899272039,0.785919686,0.794706639
02,Ribeirao_Preto,2,RP02,392,right,21,1.944109594,1.979361589,0.907280438,0.805316056,0.786686333
02,Ribeirao_Preto,2,RP02,393,right,22,1.92991846,1.951401246,0.887286968,0.773581188,0.757071855
02,Ribeirao_Preto,2,RP02,394,right,19,1.874858534,1.940683367,0.911311165,0.773581188,0.764677623
02,Ribeirao_Preto,2,RP02,395,right,24,1.959195043,2.000433981,0.90528498,0.739770777,0.770833333
02,Ribeirao_Preto,2,RP02,396,right,25,1.885784315,1.924513427,0.892057071,0.793066501,0.773362966
02,Ribeirao_Preto,2,RP02,397,right,20,1.923310245,1.984702298,0.868055556,0.740324681,0.769581065
02,Ribeirao_Preto,2,RP02,398,right,20,1.9329272,1.941093342,0.930477816,0.757071855,0.776940273
02,Ribeirao_Preto,2,RP02,399,right,22,1.961052584,1.968661202,0.976824425,0.766818876,0.784722222
02,Ribeirao_Preto,2,RP02,400,right,21,1.958308707,1.991457935,0.936341877,0.777808779,0.780284898
02,Ribeirao_Preto,2,RP02,401,right,19,1.972515628,1.930817828,0.913108625,0.751605791,0.74386638
02,Ribeirao_Preto,2,RP02,402,right,23,1.809850661,1.888710163,0.907413313,0.730620244,0.729695575
02,Ribeirao_Preto,2,RP02,403,right,21,1.965621289,1.965412736,0.957250798,0.751573709,0.791331557
02,Ribeirao_Preto,2,RP02,404,right,21,1.895464453,1.892154041,0.89000039,0.748004031,0.736405863
02,Ribeirao_Preto,2,RP02,405,right,19,1.726207866,1.759262305,0.76703896,0.733650237,0.75003215
02,Ribeirao_Preto,2,RP02,406,right,22,1.96231864,1.942583435,0.881971784,0.707447703,0.760028122
02,Ribeirao_Preto,2,RP02,407,right,22,1.95157423,1.921955766,0.948647714,0.781982681,0.787758384
02,Ribeirao_Preto,2,RP02,408,right,23,1.90273976,1.965412736,0.920656301,0.762561979,0.757453957
02,Ribeirao_Preto,2,RP02,409,right,23,1.980250678,1.958493394,0.836337179,0.754167946,0.780408497
02,Ribeirao_Preto,2,RP02,410,right,20,1.944568448,1.983110106,0.901387819,0.78521371,0.792549459
02,Ribeirao_Preto,2,RP02,411,right,21,2.077596267,2.077306096,1.023192663,0.798611111,0.818296041
02,Ribeirao_Preto,2,RP02,412,right,22,1.951833678,1.881213983,0.916798181,0.741853909,0.730356173
02,Ribeirao_Preto,2,RP02,413,right,20,1.9396394,1.980469844,0.982510052,0.743574585,0.775200342
02,Ribeirao_Preto,2,RP02,414,right,21,1.914564568,1.973444457,0.897554333,0.774453461,0.7927624
02,Ribeirao_Preto,2,RP02,415,right,22,1.925127261,1.928130971,0.912976579,0.794979666,0.780871822
02,Ribeirao_Preto,2,RP02,416,right,20,1.926930049,1.923310245,0.970956517,0.741853909,0.76703896
02,Ribeirao_Preto,2,RP02,417,right,23,1.974788041,2.014080451,0.964753055,0.736405863,0.756944444
02,Ribeirao_Preto,2,RP02,418,right,23,1.89451012,1.986123252,0.950577513,0.753240172,0.756976299
02,Ribeirao_Preto,2,RP02,419,right,20,1.886295708,1.930605515,0.852782302,0.780779179,0.745679428
02,Ribeirao_Preto,2,RP02,420,right,22,1.868558895,1.901915863,0.85979402,0.735750698,0.74851963
02,Ribeirao_Preto,2,RP02,421,right,21,2.003042312,2.02899558,0.994587623,0.752808218,0.796690069
02,Ribeirao_Preto,2,RP02,422,right,20,1.904562043,1.913403482,0.856432357,0.747923975,0.790125834
02,Ribeirao_Preto,2,RP02,423,right,21,1.9271902,1.951397661,0.88195341,0.683828439,0.690320682
02,Ribeirao_Preto,2,RP02,424,right,20,1.860411476,1.905321488,0.844839069,0.73471873,0.736554219
02,Ribeirao_Preto,2,RP02,425,right,21,2.00689062,1.999246899,0.930769344,0.787925603,0.80040398
02,Ribeirao_Preto,2,RP02,426,right,20,1.956296879,1.97613835,0.887920447,0.754887229,0.768404891
02,Ribeirao_Preto,2,RP02,427,right,20,1.970860298,1.98798699,0.942098627,0.7473112,0.762293091
02,Ribeirao_Preto,2,RP02,428,right,21,1.925112204,1.986263971,0.921082247,0.749373285,0.753864432
02,Ribeirao_Preto,2,RP02,429,right,21,1.901394422,1.919090883,0.937480469,0.753864432,0.776085697
02,Ribeirao_Preto,2,RP02,430,right,24,1.955532571,1.994900443,0.899494589,0.770410519,0.806256829
02,Ribeirao_Preto,2,RP02,431,right,21,1.937696076,1.944069093,0.923617976,0.756928675,0.786547333
02,Ribeirao_Preto,2,RP02,432,right,21,1.973317814,1.979210714,0.957230855,0.734423313,0.756259433
02,Ribeirao_Preto,2,RP02,433,right,23,1.914940241,1.923884382,0.903960069,0.740732543,0.749984375
02,Ribeirao_Preto,2,RP02,434,right,21,1.965285911,1.986069735,0.966555729,0.762387976,0.771598894
02,Ribeirao_Preto,2,RP02,435,right,22,1.914564568,1.939291287,0.967249186,0.741853909,0.781520015
02,Ribeirao_Preto,2,RP02,436,right,20,1.929628361,1.967296961,0.948627951,0.733897834,0.748504036
02,Ribeirao_Preto,2,RP02,437,right,20,1.958686499,1.962732347,0.953419736,0.760266049,0.785473673
02,Ribeirao_Preto,2,RP02,438,right,20,1.883634113,1.907206136,0.959846932,0.758328982,0.754599707
02,Ribeirao_Preto,2,RP02,439,right,21,1.89340125,1.913365677,0.898609563,0.756928675,0.811978416
02,Ribeirao_Preto,2,RP02,440,right,20,1.87801908,1.946832924,0.928980174,0.729118407,0.753192468
02,Ribeirao_Preto,2,RP02,441,right,22,1.939760592,1.979904992,0.99325337,0.72997771,0.751140867
02,Ribeirao_Preto,2,RP02,442,right,20,1.944825509,1.944850304,0.942303354,0.772816642,0.763904539
02,Ribeirao_Preto,2,RP02,443,right,22,1.932924355,1.944713925,0.918250722,0.761881785,0.780268642
02,Ribeirao_Preto,2,RP02,444,right,20,1.844335947,1.910301011,0.98765424,0.821220336,0.75466361
02,Ribeirao_Preto,2,RP02,445,right,22,1.955532571,1.995565097,0.925130864,0.779804978,0.771598894
02,Ribeirao_Preto,2,RP02,446,right,20,1.918098062,1.907800236,0.941817056,0.804730195,0.770942387
02,Ribeirao_Preto,2,RP02,447,right,21,1.913403482,1.939897319,0.915831778,0.746439549,0.724340732
02,Ribeirao_Preto,2,RP02,448,right,21,1.923082116,1.930527826,0.886316843,0.747407987,0.778257438
02,Ribeirao_Preto,2,RP02,449,right,23,1.999403678,1.986263971,0.924244299,0.763778274,0.764661693
02,Ribeirao_Preto,2,RP02,450,right,20,2.046036318,2.049592167,1.017286589,0.754152234,0.778536222
02,Ribeirao_Preto,2,RP02,451,right,20,2.066042972,2.032972668,0.91706834,0.769439696,0.773939016
02,Ribeirao_Preto,2,RP02,452,right,21,1.869874412,1.88191805,0.887268483,0.747988448,0.763904539
02,Ribeirao_Preto,2,RP02,453,right,20,1.864308471,1.897065261,0.849506724,0.743429374,0.757724621
02,Ribeirao_Preto,2,RP02,454,right,21,1.681381188,1.789057027,0.761121866,0.65084058,0.722807875
02,Ribeirao_Preto,2,RP02,455,right,21,1.882878726,1.908318342,0.909146496,0.751590133,0.765418097
02,Ribeirao_Preto,2,RP02,456,right,24,1.970860298,1.940282591,0.964957868,0.754152234,0.7753086
02,Ribeirao_Preto,2,RP02,457,right,21,1.905587222,1.896607647,0.913512011,0.789576351,0.792745884
02,Ribeirao_Preto,2,RP02,458,right,19,1.935417583,1.951545928,0.938893983,0.712154786,0.722240562
02,Ribeirao_Preto,2,RP02,459,right,24,1.919254209,1.951793016,0.919431584,0.771692635,0.757438177
02,Ribeirao_Preto,2,RP02,460,right,20,1.929778301,1.935018882,0.959243855,0.772286065,0.770942387
03,Chile,3,CH03,1226,left,20,1.954549635,1.990961443,1.001253073,0.775915429,0.758980442
03,Chile,3,CH03,1227,left,20,1.856181282,1.916981154,0.950577513,0.785919686,0.771333671
03,Chile,3,CH03,1228,left,22,1.915068275,1.959564231,0.913108625,0.79555575,0.770864614
03,Chile,3,CH03,1229,left,21,1.890624203,1.979276313,0.975490538,0.742276331,0.75012859
03,Chile,3,CH03,1230,left,22,1.945349492,2.002036482,0.997730836,0.780902701,0.764078259
03,Chile,3,CH03,1231,left,22,1.915068275,1.944890822,0.925671261,0.766032346,0.731807388
03,Chile,3,CH03,1232,left,20,1.962232623,2.01443958,0.93752572,0.741886411,0.746971767
03,Chile,3,CH03,1233,left,23,1.818131948,1.9341618,0.988553314,0.737158584,0.714063154
03,Chile,3,CH03,1234,left,20,1.911653064,1.939602105,0.944367848,0.736635034,0.750803325
03,Chile,3,CH03,1235,left,23,1.881483133,2.002036482,0.996957176,0.776412492,0.770958448
03,Chile,3,CH03,1236,left,19,1.831925491,1.958382584,0.963877882,0.736635034,0.722756213
03,Chile,3,CH03,1237,left,20,1.925365225,1.951697781,0.937911432,0.72318979,0.746971767
03,Chile,3,CH03,1238,left,19,1.939602105,1.923924463,0.965902076,0.732070936,0.711729332
03,Chile,3,CH03,1239,left,20,1.994700251,1.989216686,0.932212455,0.76240386,0.755413845
03,Chile,3,CH03,1240,left,21,1.847926975,1.967350203,0.935130751,0.805375938,0.786686333
03,Chile,3,CH03,1241,left,21,1.881636916,1.986414604,0.966101767,0.820179755,0.770050904
03,Chile,3,CH03,1242,left,21,1.962343215,1.972527852,0.944163561,0.73820457,0.772832742
03,Chile,3,CH03,1243,left,22,1.905184002,1.980153263,0.906934873,0.766095298,0.764172927
03,Chile,3,CH03,1244,left,20,1.816592867,1.922745995,0.969564821,0.77889305,0.747713851
03,Chile,3,CH03,1245,left,21,1.9049182,1.924626186,0.94722324,0.780779179,0.798641304
03,Chile,3,CH03,1246,left,21,1.847822584,1.931005143,0.925671261,0.751445367,0.756944444
03,Chile,3,CH03,1247,left,22,2.022503128,1.97917885,0.978772576,0.800541146,0.791666667
03,Chile,3,CH03,1248,left,23,1.949027337,2.002036482,1.00933624,0.829999117,0.833333333
03,Chile,3,CH03,1249,left,21,2.000964274,1.995775825,0.997223189,0.761264431,0.771958638
03,Chile,3,CH03,1250,left,21,1.874601295,1.903588635,0.934821276,0.796040549,0.765906427
03,Chile,3,CH03,1251,left,19,1.939602105,1.931167469,0.900638491,0.727809584,0.73820457
03,Chile,3,CH03,1252,left,21,1.839229261,1.972662314,0.981626147,0.815196144,0.795343557
03,Chile,3,CH03,1253,left,23,1.952093092,2.022026185,0.984495939,0.815373598,0.771958638
03,Chile,3,CH03,1254,left,21,1.884722734,1.960745166,0.934821276,0.741626351,0.763920454
03,Chile,3,CH03,1255,left,22,1.845968664,1.917471651,0.96287671,0.731675578,0.758090366
03,Chile,3,CH03,1256,left,21,1.91335513,1.968820423,0.932858882,0.761264431,0.727842713
03,Chile,3,CH03,1257,left,19,1.948915989,1.930667962,0.984569413,0.75170203,0.752599661
03,Chile,3,CH03,1258,left,22,1.886436316,1.95893657,0.903765485,0.776101865,0.777777778
03,Chile,3,CH03,1259,left,21,1.923548435,1.975349633,0.928843782,0.780902701,0.769204987
03,Chile,3,CH03,1260,left,21,1.874871395,1.958382584,0.965877112,0.756211419,0.743088006
03,Chile,3,CH03,1261,left,22,1.844374371,1.903588635,0.913399058,0.800782073,0.779295394
03,Chile,3,CH03,1262,left,21,1.958530329,1.951438315,0.935053392,0.761897657,0.756976299
03,Chile,3,CH03,1263,left,17,1.910113596,1.941093342,0.956948476,0.741626351,0.757231087
03,Chile,3,CH03,1264,left,20,2.000735301,2.027825342,1.034186103,0.797674572,0.778552442
03,Chile,3,CH03,1265,left,23,1.866195894,1.910340809,0.922801441,0.736635034,0.736242127
03,Chile,3,CH03,1266,left,21,1.855323713,1.941987535,0.965902076,0.776412492,0.74851963
03,Chile,3,CH03,1267,left,21,1.861124067,1.910984431,0.922461691,0.800420655,0.77395514
03,Chile,3,CH03,1268,left,20,1.798919429,1.937612004,0.959967407,0.761264431,0.751156516
03,Chile,3,CH03,1269,left,21,1.832715068,1.882405643,0.96275149,0.717196725,0.722255608
03,Chile,3,CH03,1270,left,22,1.900292375,1.955388349,0.991403054,0.751317002,0.773362966
03,Chile,3,CH03,1271,left,22,1.962183469,1.99542542,0.979388273,0.751317002,0.777777778
03,Chile,3,CH03,1272,left,24,1.94108092,1.958382584,0.99101383,0.790721902,0.785490037
03,Chile,3,CH03,1273,left,22,1.806249867,1.861318396,0.944444444,0.756211419,0.743088006
03,Chile,3,CH03,1274,left,23,1.88353254,1.965326855,0.90528498,0.729992918,
03,Chile,3,CH03,1275,left,21,1.862004864,1.947232624,0.941017065,0.81608303,0.785674201
03,Chile,3,CH03,1276,left,24,1.914980136,1.986305352,0.978772576,0.782013516,0.771114813
03,Chile,3,CH03,1277,left,22,1.829172467,1.960105581,1.000024112,0.732992608,0.757231087
03,Chile,3,CH03,1278,left,22,1.89211581,1.965326855,0.94722324,0.72734561,0.716994972
03,Chile,3,CH03,1279,left,22,1.968220216,1.986220374,0.950349189,0.75208686,0.763920454
03,Chile,3,CH03,1280,left,23,1.969934608,1.945262725,1.034232733,0.798460131,0.7684209
03,Chile,3,CH03,1281,left,21,1.873314572,1.916666667,0.938913543,0.81059844,0.79178849
03,Chile,3,CH03,1282,left,21,1.9508822,1.986705913,0.972073401,0.815373598,0.798731875
03,Chile,3,CH03,1283,left,22,1.952093092,1.987324804,1.006920498,0.770958448,0.757071855
03,Chile,3,CH03,1284,left,20,1.914904585,2.048622881,1.015552288,0.771708712,0.778056746
03,Chile,3,CH03,1285,left,22,1.871782218,1.923723924,0.906934873,0.736831409,0.744222863
03,Chile,3,CH03,1286,left,20,1.862820525,1.967043769,0.972147815,0.761517785,0.75012859
03,Chile,3,CH03,1287,left,21,1.876452627,1.965719424,0.950577513,0.741886411,0.708877786
03,Chile,3,CH03,1288,left,21,1.911842258,1.966271343,0.972073401,0.771708712,0.771614969
03,Chile,3,CH03,1289,left,22,1.768748773,1.933750354,0.950374561,0.737158584,0.728736646
03,Chile,3,CH03,1290,left,20,1.893631709,1.938296332,0.95989205,0.742795905,0.763888889
03,Chile,3,CH03,1291,left,21,1.916326963,1.951438315,0.99693299,0.76703896,0.777777778
03,Chile,3,CH03,1292,left,22,1.882367214,1.916716988,0.979388273,0.746648892,0.763920454
03,Chile,3,CH03,1293,left,21,1.957113982,1.99403528,0.965902076,0.748712887,0.771958638
03,Chile,3,CH03,1294,left,19,1.92991846,1.965277778,1.000409831,0.758503746,0.758090366
03,Chile,3,CH03,1295,left,19,1.79463847,1.90946968,0.930089021,0.76240386,0.736569564
03,Chile,3,CH03,1296,left,22,1.916276631,1.95864113,0.904512223,0.748004031,0.736111111
03,Chile,3,CH03,1297,left,22,1.807277491,1.965290047,0.947732227,0.751445367,0.74386638
03,Chile,3,CH03,1298,left,22,1.945659343,2.021596839,0.953439598,0.796040549,0.79178849
03,Chile,3,CH03,1299,left,20,1.906992999,1.988840879,0.947350513,0.830231496,0.800089212
03,Chile,3,CH03,1300,left,21,1.981796498,1.986123252,1.009455681,0.746164317,0.794706639
03,Chile,3,CH03,1301,left,21,1.810596595,1.889705706,0.885110241,0.751317002,0.737289413
03,Chile,3,CH03,1302,left,20,1.920537557,1.95893657,0.957150034,0.776847162,0.772364595
03,Chile,3,CH03,1303,left,20,1.827695456,1.881995694,0.923402232,0.766032346,0.729992918
03,Chile,3,CH03,1304,left,21,1.7246986,1.868881478,0.990721811,0.731807388,0.725553216
03,Chile,3,CH03,1305,left,20,1.870583791,1.962773237,0.948368075,0.741886411,0.764677623
03,Chile,3,CH03,1306,left,22,1.847652936,2.001735358,0.953515466,0.821237445,0.74851963
03,Chile,3,CH03,1307,left,24,1.960757463,2.063446752,0.944138022,0.776412492,0.771958638
03,Chile,3,CH03,1308,left,20,1.984082589,1.932066255,0.947732227,0.756275188,0.746971767
03,Chile,3,CH03,1309,left,21,1.923460684,1.931167469,0.953439598,0.820062149,0.765434043
03,Chile,3,CH03,1310,left,22,1.959195043,1.938296332,0.913399058,0.771083543,0.757740407
03,Chile,3,CH03,1311,left,21,1.923548435,1.97370103,1.009455681,0.800782073,0.77395514
03,Chile,3,CH03,1312,left,21,1.859568702,1.932066255,0.937988556,0.805375938,0.784752949
03,Chile,3,CH03,1313,left,21,1.930568046,1.966504329,0.953439598,0.761897657,0.764015141
03,Chile,3,CH03,1314,left,20,1.890343598,1.881995694,0.91952941,0.722255608,0.75003215
03,Chile,3,CH03,1315,left,20,1.903398621,1.927668205,0.934847069,0.766032346,0.771333671
03,Chile,3,CH03,1316,left,18,1.981601816,2.000012056,0.942322985,0.771083543,0.743055556
03,Chile,3,CH03,1317,left,22,1.931229898,1.916981154,0.946815855,0.80681176,0.818296041
03,Chile,3,CH03,1318,left,21,1.915483733,1.986548126,0.975193871,0.771333671,0.757453957
03,Chile,3,CH03,1319,left,20,1.985831857,1.986220374,0.96287671,0.742276331,0.770864614
03,Chile,3,CH03,1320,left,21,1.862937019,1.924225233,0.904512223,0.761517785,0.757071855
03,Chile,3,CH03,1321,left,22,1.930568046,1.944642847,0.913399058,0.785919686,0.736929576
03,Chile,3,CH03,1322,left,22,1.848435796,1.888888889,0.935543225,0.741626351,0.743347554
03,Chile,3,CH03,1323,left,21,1.9508822,1.951833678,0.972147815,0.712846461,0.736405863
03,Chile,3,CH03,1324,left,19,1.899200815,1.942471718,1.000192883,0.76703896,0.764677623
03,Chile,3,CH03,1325,left,21,1.831148741,1.902777778,0.944444444,0.79096582,0.763920454
03,Chile,3,CH03,1226,right,22,1.945349492,1.952883473,1.000192883,0.785919686,0.771958638
03,Chile,3,CH03,1227,right,22,1.801022622,1.898324574,0.928610114,0.786226434,0.778273651
03,Chile,3,CH03,1228,right,24,1.880919155,1.986111111,0.901842464,0.820179755,0.767698832
03,Chile,3,CH03,1229,right,24,1.904399147,1.94475444,0.952781827,0.798460131,0.778273651
03,Chile,3,CH03,1230,right,19,1.939378321,1.965326855,0.989747793,0.801143328,0.784845123
03,Chile,3,CH03,1231,right,21,1.862004864,1.920298994,0.941426961,0.766032346,0.758503746
03,Chile,3,CH03,1232,right,21,1.92991846,1.958444146,0.900772345,0.72734561,0.750289296
03,Chile,3,CH03,1233,right,21,1.804767456,1.881995694,0.895079355,0.731675578,0.723056409
03,Chile,3,CH03,1234,right,21,1.880919155,1.958382584,0.944980444,0.761897657,0.772364595
03,Chile,3,CH03,1235,right,24,1.879174879,1.937151502,0.979388273,0.81566927,0.793157709
03,Chile,3,CH03,1236,right,23,1.825279553,1.936591284,0.944367848,0.768295371,0.751317002
03,Chile,3,CH03,1237,right,19,1.881483133,1.94653905,0.931824384,0.741626351,0.780871822
03,Chile,3,CH03,1238,right,21,1.957113982,1.958444146,0.928921658,0.735357318,0.771958638
03,Chile,3,CH03,1239,right,21,1.874601295,1.926066423,0.904085591,0.736635034,0.758503746
03,Chile,3,CH03,1240,right,22,1.7971224,1.938296332,0.941093934,0.825892708,0.771114813
03,Chile,3,CH03,1241,right,19,1.834188037,1.910744676,0.944163561,0.795495129,0.78521371
03,Chile,3,CH03,1242,right,22,1.881342155,1.923924463,0.94722324,0.757231087,0.757071855
03,Chile,3,CH03,1243,right,22,1.835909385,1.953809294,0.857519391,0.780902701,0.747713851
03,Chile,3,CH03,1244,right,19,1.821206208,1.901979253,0.929336889,0.782629954,0.760123294
03,Chile,3,CH03,1245,right,22,1.853633402,1.92031155,0.934924446,0.782013516,0.786226434
03,Chile,3,CH03,1246,right,21,1.782829736,1.89451012,0.97304033,0.794008476,0.752375354
03,Chile,3,CH03,1247,right,20,1.963952242,1.967043769,1.000192883,0.785919686,0.770864614
03,Chile,3,CH03,1248,right,27,1.895439011,1.960745166,0.975193871,0.796464506,0.833333333
03,Chile,3,CH03,1249,right,22,1.958899642,1.946873483,0.978772576,0.766284124,0.778056746
03,Chile,3,CH03,1250,right,21,1.857817359,1.904601721,0.941093934,0.810360431,0.784722222
03,Chile,3,CH03,1251,right,20,1.922256844,1.889922613,0.906855109,0.746390491,0.724921505
03,Chile,3,CH03,1252,right,20,1.82600598,1.954549635,0.993929297,0.835009888,0.790721902
03,Chile,3,CH03,1253,right,23,1.906626278,1.958530329,0.944444444,0.79096582,0.79178849
03,Chile,3,CH03,1254,right,22,1.839425903,1.926429444,0.925488901,0.741886411,0.736929576
03,Chile,3,CH03,1255,right,21,1.84165305,1.923723924,0.904512223,0.746971767,0.770050904
03,Chile,3,CH03,1256,right,20,1.903398621,1.934598086,0.929336889,0.751445367,0.752054798
03,Chile,3,CH03,1257,right,20,1.893185982,1.910744676,0.925488901,0.770958448,0.77889305
03,Chile,3,CH03,1258,right,24,1.923548435,1.952389522,0.959665941,0.805316056,0.784998722
03,Chile,3,CH03,1259,right,22,1.886436316,1.931566981,0.947350513,0.761517785,0.757740407
03,Chile,3,CH03,1260,right,22,1.866815987,1.95416716,0.96617664,0.741496287,0.757231087
03,Chile,3,CH03,1261,right,22,1.825860718,1.914766067,0.903792165,0.777405665,0.767698832
03,Chile,3,CH03,1262,right,21,1.913657561,1.959724191,0.955662542,0.776101865,0.765434043
03,Chile,3,CH03,1263,right,22,1.854634772,1.925728378,0.941093934,0.721988477,0.743574585
03,Chile,3,CH03,1264,right,23,1.947232624,1.97617952,1.025922688,0.79555575,0.787788993
03,Chile,3,CH03,1265,right,21,1.814002676,1.877518884,0.931824384,0.741886411,0.743347554
03,Chile,3,CH03,1266,right,22,1.855323713,1.928130971,0.950653609,0.766598729,0.749099253
03,Chile,3,CH03,1267,right,22,1.838717892,1.895846052,0.920787245,0.756466465,0.757740407
03,Chile,3,CH03,1268,right,17,1.814414697,1.913367733,0.913821342,0.736831409,0.757740407
03,Chile,3,CH03,1269,right,22,1.836342753,1.857492855,0.919608075,0.712846461,0.729464225
03,Chile,3,CH03,1270,right,21,1.871666275,1.934598086,0.992108134,0.737158584,0.763888889
03,Chile,3,CH03,1271,right,21,1.998323468,1.980384615,0.935130751,0.766598729,0.792427753
03,Chile,3,CH03,1272,right,23,1.908320192,1.95933042,0.931824384,0.782013516,0.753880138
03,Chile,3,CH03,1273,right,19,1.742778863,1.858375373,0.95404637,0.72734561,0.729166667
03,Chile,3,CH03,1274,right,23,1.886602476,1.953463705,0.896371501,0.752599661,0.752599661
03,Chile,3,CH03,1275,right,24,1.835883117,1.92871865,0.942860191,0.84739297,0.803757572
03,Chile,3,CH03,1276,right,23,1.893593508,1.926066423,0.963877882,0.81566927,0.807976487
03,Chile,3,CH03,1277,right,23,1.858466197,1.980469844,1.039534856,0.751317002,0.746971767
03,Chile,3,CH03,1278,right,21,1.875488619,1.976289331,0.91043759,0.782013516,0.760789165
03,Chile,3,CH03,1279,right,20,1.947232624,1.96231864,0.969564821,0.79096582,0.760123294
03,Chile,3,CH03,1280,right,21,1.950091008,1.934124399,1.034232733,0.803787571,0.767698832
03,Chile,3,CH03,1281,right,22,1.839425903,1.9049182,0.941017065,0.829999117,0.793157709
03,Chile,3,CH03,1282,right,20,1.877994009,1.953167438,0.960369214,0.815136984,0.78521371
03,Chile,3,CH03,1283,right,21,1.900406572,1.931005143,0.92863608,0.766095298,0.763888889
03,Chile,3,CH03,1284,right,21,1.888748463,1.998383799,0.968494839,0.731807388,0.758503746
03,Chile,3,CH03,1285,right,20,1.868055556,1.933750354,0.944852853,0.775915429,0.778552442
03,Chile,3,CH03,1286,right,21,1.864968018,1.925728378,0.98466737,0.741626351,0.730356173
03,Chile,3,CH03,1287,right,19,1.838193264,1.933750354,0.944138022,0.736831409,0.757740407
03,Chile,3,CH03,1288,right,19,1.883212467,1.917685418,1.006273723,0.748712887,0.763888889
03,Chile,3,CH03,1289,right,21,1.760892578,1.892154041,0.928610114,0.746648892,0.727842713
03,Chile,3,CH03,1290,right,18,1.86778447,1.888135573,0.967473522,0.731675578,0.740064072
03,Chile,3,CH03,1291,right,21,1.948829381,1.95933042,0.982804511,0.752823902,0.754615428
03,Chile,3,CH03,1292,right,22,1.821113526,1.939937734,0.956545232,0.791331557,0.758503746
03,Chile,3,CH03,1293,right,22,1.932615308,1.97984881,0.931099551,0.721854875,0.744222863
03,Chile,3,CH03,1294,right,21,1.910542753,1.952685907,0.98429998,0.778087736,0.754615428
03,Chile,3,CH03,1295,right,20,1.785532674,1.888710163,0.958358494,0.751317002,0.758503746
03,Chile,3,CH03,1296,right,22,1.851095042,1.925728378,0.944367848,0.766284124,0.746971767
03,Chile,3,CH03,1297,right,21,1.824817131,1.948458159,0.938091377,0.772832742,0.755413845
03,Chile,3,CH03,1298,right,17,1.869848891,2.010413668,0.975885954,0.79555575,0.787788993
03,Chile,3,CH03,1299,right,22,1.875488619,1.959724191,0.989357918,0.831624405,0.81395288
03,Chile,3,CH03,1300,right,22,1.924062322,1.955844557,0.98508358,0.770958448,0.778056746
03,Chile,3,CH03,1301,right,22,1.848435796,1.868068463,0.873483032,0.761517785,0.736143867
03,Chile,3,CH03,1302,right,22,1.901307218,1.90279045,0.932212455,0.800541146,0.784998722
03,Chile,3,CH03,1303,right,23,1.856090346,1.89016501,0.916298327,0.801624749,0.757740407
03,Chile,3,CH03,1304,right,20,1.72313204,1.877891289,0.975193871,0.72265612,0.725553216
03,Chile,3,CH03,1305,right,21,1.880919155,1.944494047,0.990746149,0.748712887,0.770864614
03,Chile,3,CH03,1306,right,19,1.80055397,1.93235328,0.92863608,0.78573558,0.772364595
03,Chile,3,CH03,1307,right,21,1.923548435,2.011744548,0.985744259,0.766284124,0.784845123
03,Chile,3,CH03,1308,right,20,1.935806707,1.931167469,0.944163561,0.761517785,0.757740407
03,Chile,3,CH03,1309,right,23,1.869694139,1.924062322,0.916692971,0.805555556,0.791697124
03,Chile,3,CH03,1310,right,21,1.905879973,1.908358099,0.882791588,0.776412492,0.763888889
03,Chile,3,CH03,1311,right,22,1.907789426,1.95632531,1.007614719,0.80681176,0.772364595
03,Chile,3,CH03,1312,right,22,1.892523566,1.941987535,0.941426961,0.817264048,0.78521371
03,Chile,3,CH03,1313,right,18,1.888199425,1.913808759,0.96287671,0.727809584,0.756944444
03,Chile,3,CH03,1314,right,21,1.837655364,1.857492855,0.907493028,0.766598729,0.733157071
03,Chile,3,CH03,1315,right,22,1.847926975,1.904601721,0.897554333,0.786226434,0.764172927
03,Chile,3,CH03,1316,right,19,1.959379646,1.934598086,0.97541638,0.767604599,0.766441442
03,Chile,3,CH03,1317,right,26,1.916830206,1.904601721,0.944138022,0.805375938,0.793157709
03,Chile,3,CH03,1318,right,23,1.886436316,1.966271343,0.981405046,0.744222863,0.764015141
03,Chile,3,CH03,1319,right,21,1.944109594,1.958444146,0.941196417,0.715816949,0.765434043
03,Chile,3,CH03,1320,right,21,1.846138467,1.877172096,0.913108625,0.770958448,0.745517728
03,Chile,3,CH03,1321,right,23,1.902131378,1.919130864,0.909960741,0.79555575,0.764393773
03,Chile,3,CH03,1322,right,19,1.915710309,1.924626186,0.973337654,0.730983187,0.750803325
03,Chile,3,CH03,1323,right,22,1.863389981,1.903233927,0.918269852,0.743444862,0.746293568
03,Chile,3,CH03,1324,right,21,1.88808449,1.918791596,1.003129747,0.741626351,0.718003168
03,Chile,3,CH03,1325,right,21,1.836513446,1.89451012,0.935672086,0.79178849,0.760789165
03,Ribeirao_Preto,3,RP03,1,left,19,1.86904,1.93805,0.96887,0.76136,0.75465
03,Ribeirao_Preto,3,RP03,2,left,21,1.80291,1.964,1.00637,0.81488,0.75438
03,Ribeirao_Preto,3,RP03,3,left,22,1.8301,1.91452,0.97942,0.77503,0.77219
03,Ribeirao_Preto,3,RP03,4,left,21,1.94902,2.00637,0.98161,0.74731,0.7513
03,Ribeirao_Preto,3,RP03,5,left,19,1.86568,1.95431,0.92526,0.81866,0.76633
03,Ribeirao_Preto,3,RP03,6,left,20,1.84175,1.93377,0.93632,0.78474,0.77403
03,Ribeirao_Preto,3,RP03,7,left,22,1.88319,1.93975,0.94427,0.74511,0.77335
03,Ribeirao_Preto,3,RP03,8,left,20,1.86848,1.97497,0.96353,0.75722,0.726
03,Ribeirao_Preto,3,RP03,9,left,20,1.78578,1.93857,0.99038,0.7908,0.75588
03,Ribeirao_Preto,3,RP03,10,left,20,1.84887,1.9561,0.97024,0.72361,0.73452
03,Ribeirao_Preto,3,RP03,11,left,21,1.8629,1.94352,0.92056,0.81281,0.77094
03,Ribeirao_Preto,3,RP03,12,left,23,1.82191,1.9207,0.87578,0.79241,0.76718
03,Ribeirao_Preto,3,RP03,13,left,21,1.72889,1.93292,0.91801,0.78793,0.76482
03,Ribeirao_Preto,3,RP03,14,left,21,1.88528,1.93171,0.97976,0.73891,0.74119
03,Ribeirao_Preto,3,RP03,15,left,24,1.75532,1.8746,0.9114,0.77816,0.74148
03,Ribeirao_Preto,3,RP03,16,left,19,1.78091,1.88959,0.8852,0.75591,0.74644
03,Ribeirao_Preto,3,RP03,17,left,18,1.89981,1.95265,0.9268,0.74184,0.7209
03,Ribeirao_Preto,3,RP03,18,left,21,1.84808,1.98101,1.03246,0.80278,0.76084
03,Ribeirao_Preto,3,RP03,19,left,23,1.97552,2.0761,1.01494,0.79058,0.79168
03,Ribeirao_Preto,3,RP03,20,left,19,1.83774,1.87228,0.93565,0.69446,0.69903
03,Ribeirao_Preto,3,RP03,21,left,20,1.83886,1.93976,0.95781,0.76125,0.74005
03,Ribeirao_Preto,3,RP03,22,left,22,1.85553,1.88993,0.96713,0.82928,0.7736
03,Ribeirao_Preto,3,RP03,23,left,17,1.86026,1.9672,1.01729,0.77434,0.74663
03,Ribeirao_Preto,3,RP03,24,left,18,1.8967,1.95568,0.9806,0.80984,0.75185
03,Ribeirao_Preto,3,RP03,25,left,21,1.95353,1.97742,0.9807,0.8398,0.76103
03,Ribeirao_Preto,3,RP03,26,left,19,1.80925,1.88896,0.98443,0.73979,0.73367
03,Ribeirao_Preto,3,RP03,27,left,23,1.82932,1.95239,1.02402,0.75156,0.76226
03,Ribeirao_Preto,3,RP03,28,left,21,1.90604,1.98676,0.97727,0.78203,0.76027
03,Ribeirao_Preto,3,RP03,29,left,20,1.95663,1.96396,0.9867,0.74226,0.74566
03,Ribeirao_Preto,3,RP03,30,left,20,1.94203,1.95908,0.97312,0.78627,0.72971
03,Ribeirao_Preto,3,RP03,31,left,20,1.91653,1.95929,0.99478,0.7668,0.73288
03,Ribeirao_Preto,3,RP03,32,left,20,1.90437,1.92963,0.93284,0.7615,0.76229
03,Ribeirao_Preto,3,RP03,33,left,20,1.77888,1.91411,0.92095,0.79061,0.75463
03,Ribeirao_Preto,3,RP03,34,left,19,1.85199,1.93416,0.90062,0.74443,0.76406
03,Ribeirao_Preto,3,RP03,35,left,20,1.94227,2.01056,0.96648,0.81281,0.76001
03,Ribeirao_Preto,3,RP03,36,left,21,1.869,1.95869,0.94876,0.76567,0.74696
03,Ribeirao_Preto,3,RP03,37,left,22,1.96537,1.97406,0.97302,0.7798,0.7668
03,Ribeirao_Preto,3,RP03,38,left,23,1.79261,1.92988,0.9282,0.74356,0.71698
03,Ribeirao_Preto,3,RP03,39,left,24,1.88202,1.95908,0.95322,0.79545,0.73639
03,Ribeirao_Preto,3,RP03,40,left,22,1.81953,1.94879,0.99698,0.75973,0.72783
03,Ribeirao_Preto,3,RP03,41,left,22,1.81198,1.90877,0.93235,0.75931,0.74498
03,Ribeirao_Preto,3,RP03,42,left,20,1.80361,1.92509,0.94453,0.73819,0.73166
03,Ribeirao_Preto,3,RP03,43,left,20,1.78857,1.92712,0.94427,0.77658,0.74411
03,Ribeirao_Preto,3,RP03,44,left,20,1.84662,1.93388,0.95117,0.83992,0.78887
03,Ribeirao_Preto,3,RP03,45,left,19,1.88568,1.9466,0.93789,0.79935,0.75165
03,Ribeirao_Preto,3,RP03,46,left,21,1.80521,1.92708,0.94529,0.79329,0.72991
03,Ribeirao_Preto,3,RP03,47,left,20,1.79451,1.9466,0.96193,0.78581,0.75185
03,Ribeirao_Preto,3,RP03,48,left,23,1.93176,1.94366,0.94657,0.75893,0.74937
03,Ribeirao_Preto,3,RP03,49,left,21,1.89316,1.96529,0.92921,0.77257,0.76305
03,Ribeirao_Preto,3,RP03,50,left,21,1.82552,1.92177,0.93789,0.75415,0.72461
03,Ribeirao_Preto,3,RP03,51,left,21,1.87185,1.96317,0.93992,0.80004,0.76957
03,Ribeirao_Preto,3,RP03,52,left,21,1.92853,1.95164,0.94054,0.78203,0.78887
03,Ribeirao_Preto,3,RP03,53,left,22,1.89204,1.94347,0.97391,0.77826,0.76134
03,Ribeirao_Preto,3,RP03,54,left,23,1.8737,1.95727,0.97956,0.80278,0.76134
03,Ribeirao_Preto,3,RP03,55,left,23,1.93053,2.00497,0.97111,0.77779,0.76693
03,Ribeirao_Preto,3,RP03,56,left,21,1.88215,1.92016,0.99209,0.75501,0.74236
03,Ribeirao_Preto,3,RP03,57,left,19,1.86307,1.95679,0.98853,0.74187,0.72491
03,Ribeirao_Preto,3,RP03,58,left,18,1.90616,1.99006,0.98023,0.79061,0.73819
03,Ribeirao_Preto,3,RP03,59,left,20,1.92402,2.02424,0.98778,0.72184,0.72251
03,Ribeirao_Preto,3,RP03,60,left,20,1.81252,1.97064,0.90182,0.80377,0.75117
03,Ribeirao_Preto,3,RP03,61,left,21,1.92549,1.96514,0.98389,0.79859,0.77478
03,Ribeirao_Preto,3,RP03,62,left,22,1.7184,1.89591,0.96847,0.75415,0.72501
03,Ribeirao_Preto,3,RP03,63,left,19,1.86221205,1.947727883,0.887205437,0.744449627,0.72265612
03,Ribeirao_Preto,3,RP03,64,left,21,1.81953,1.91705,0.95086,0.73639,0.7193
03,Ribeirao_Preto,3,RP03,65,left,21,1.89693,1.97047,0.92675,0.77779,0.74307
03,Ribeirao_Preto,3,RP03,66,left,19,1.97033,2.05355,0.95531,0.74615,0.75236
03,Ribeirao_Preto,3,RP03,67,left,21,1.84312,1.95679,1.00212,0.78421,0.73678
03,Ribeirao_Preto,3,RP03,68,left,20,1.85474,1.96819,0.91943,0.78203,0.76315
03,Ribeirao_Preto,3,RP03,69,left,20,1.8671,1.96396,0.96648,0.77444,0.74249
03,Ribeirao_Preto,3,RP03,70,left,20,1.85719,1.94352,0.96406,0.80832,0.78027
03,Ribeirao_Preto,3,RP03,71,left,22,1.78489,1.85319,0.90952,0.73757,0.71415
03,Ribeirao_Preto,3,RP03,72,left,23,1.84485,2.00304,0.94835,0.78664,0.75204
03,Ribeirao_Preto,3,RP03,73,left,25,1.90643,1.97117,0.94924,0.78335,0.76504
03,Ribeirao_Preto,3,RP03,74,left,21,1.86379,1.97211,0.90726,0.75562,0.76403
03,Ribeirao_Preto,3,RP03,75,left,21,1.90665,2.0072,1.00328,0.76125,0.73183
03,Ribeirao_Preto,3,RP03,76,left,21,1.91719,1.98545,0.92984,0.70818,0.71499
03,Ribeirao_Preto,3,RP03,77,left,20,1.80544,1.8691,0.88463,0.78753,0.74359
03,Ribeirao_Preto,3,RP03,78,left,22,1.8531,1.91,0.94427,0.74421,0.75236
03,Ribeirao_Preto,3,RP03,79,left,23,1.88905,1.99886,0.90819,0.76302,0.75258
03,Ribeirao_Preto,3,RP03,80,left,20,1.9504,2.00998,1.02242,0.79572,0.76643
03,Ribeirao_Preto,3,RP03,1,right,19,1.87744,1.93486,0.95352,0.75157,0.75051
03,Ribeirao_Preto,3,RP03,2,right,21,1.8491,1.91124,0.93629,0.75388,0.73289
03,Ribeirao_Preto,3,RP03,3,right,19,1.88971,1.87806,0.87899,0.72416,0.75116
03,Ribeirao_Preto,3,RP03,4,right,20,2.04682,1.98112,0.95352,0.73575,0.74784
03,Ribeirao_Preto,3,RP03,5,right,21,1.92862,1.94668,0.92518,0.77433,0.76152
03,Ribeirao_Preto,3,RP03,6,right,21,1.86045,1.90536,0.90451,0.74733,0.76983
03,Ribeirao_Preto,3,RP03,7,right,21,1.93555,1.93571,0.9459,0.68946,0.82431
03,Ribeirao_Preto,3,RP03,8,right,21,1.90821,1.95496,0.92463,0.72821,0.73771
03,Ribeirao_Preto,3,RP03,9,right,20,1.83848,1.90042,0.93994,0.71261,0.73247
03,Ribeirao_Preto,3,RP03,10,right,20,1.8967,1.91582,0.88639,0.67885,0.71935
03,Ribeirao_Preto,3,RP03,11,right,20,1.87271,1.92396,0.8536,0.75525,0.75592
03,Ribeirao_Preto,3,RP03,12,right,24,1.81549,1.8759,0.85718,0.77433,0.76682
03,Ribeirao_Preto,3,RP03,13,right,23,1.82474,1.89848,0.84486,0.7398,0.75468
03,Ribeirao_Preto,3,RP03,14,right,21,1.89069,1.89105,0.90544,0.70108,0.72555
03,Ribeirao_Preto,3,RP03,15,right,20,1.80248,1.82787,0.81143,0.72436,0.74361
03,Ribeirao_Preto,3,RP03,16,right,20,1.86852,1.87487,0.82006,0.69267,0.73395
03,Ribeirao_Preto,3,RP03,17,right,22,1.91792,1.86282,0.91858,0.65385,0.71612
03,Ribeirao_Preto,3,RP03,18,right,22,1.88522,1.95246,0.96418,0.75324,0.73967
03,Ribeirao_Preto,3,RP03,19,right,19,1.98641,2.01438,0.97544,0.75468,0.7752
03,Ribeirao_Preto,3,RP03,20,right,22,1.85813,1.84452,0.87058,0.69351,0.7297
03,Ribeirao_Preto,3,RP03,21,right,21,1.87604,1.91571,0.93276,0.72532,0.73391
03,Ribeirao_Preto,3,RP03,22,right,20,1.88215,1.889,0.89564,0.76231,0.79979
03,Ribeirao_Preto,3,RP03,23,right,19,1.93901,1.92256,0.94531,0.71699,0.73944
03,Ribeirao_Preto,3,RP03,24,right,19,1.92582,1.90441,0.90983,0.72917,0.74646
03,Ribeirao_Preto,3,RP03,25,right,20,2.00186,1.90725,0.92278,0.73575,0.74852
03,Ribeirao_Preto,3,RP03,26,right,21,1.83759,1.90036,0.9404,0.71071,0.71935
03,Ribeirao_Preto,3,RP03,27,right,22,1.87717,1.91709,0.97512,0.71125,0.73444
03,Ribeirao_Preto,3,RP03,28,right,23,1.94723,1.92716,0.92298,0.73483,0.73546
03,Ribeirao_Preto,3,RP03,29,right,20,1.98732,1.95246,0.89908,0.70287,0.73141
03,Ribeirao_Preto,3,RP03,30,right,20,1.98038,1.95228,0.91427,0.74335,0.75167
03,Ribeirao_Preto,3,RP03,31,right,19,1.92441,1.90397,0.94531,0.73131,0.73967
03,Ribeirao_Preto,3,RP03,32,right,20,1.86935,1.89157,0.88913,0.72416,0.75167
03,Ribeirao_Preto,3,RP03,33,right,21,1.80397,1.87783,0.88071,0.75895,0.75541
03,Ribeirao_Preto,3,RP03,34,right,20,1.85671,1.8601,0.8351,0.70632,0.75962
03,Ribeirao_Preto,3,RP03,35,right,20,1.93761,1.90532,0.90438,0.72715,0.72864
03,Ribeirao_Preto,3,RP03,36,right,21,1.90688,1.86314,0.85833,0.71649,0.72492
03,Ribeirao_Preto,3,RP03,37,right,21,1.92767,1.95446,0.885,0.70891,0.74665
03,Ribeirao_Preto,3,RP03,38,right,20,1.83582,1.91256,0.94447,0.72022,0.71612
03,Ribeirao_Preto,3,RP03,39,right,21,1.91225,1.9212,0.90917,0.76682,0.76842
03,Ribeirao_Preto,3,RP03,40,right,25,1.83693,1.91819,0.95526,0.75324,0.74319
03,Ribeirao_Preto,3,RP03,41,right,20,1.79766,1.88435,0.87511,0.72917,0.74852
03,Ribeirao_Preto,3,RP03,42,right,20,1.82829,1.83808,0.89108,0.71699,0.72625
03,Ribeirao_Preto,3,RP03,43,right,20,1.80953,1.86935,0.86942,0.7624,0.75388
03,Ribeirao_Preto,3,RP03,44,right,21,1.86054,1.90441,0.90741,0.77096,0.78889
03,Ribeirao_Preto,3,RP03,45,right,21,1.8838,1.88179,0.87448,0.74616,0.73664
03,Ribeirao_Preto,3,RP03,46,right,20,1.82896,1.86935,0.87671,0.7619,0.7382
03,Ribeirao_Preto,3,RP03,47,right,20,1.84028,1.90811,0.88946,0.71447,0.73605
03,Ribeirao_Preto,3,RP03,48,right,21,1.88603,1.9396,0.90919,0.73889,0.7692
03,Ribeirao_Preto,3,RP03,49,right,22,1.93606,1.92005,0.92092,0.74929,0.77508
03,Ribeirao_Preto,3,RP03,50,right,22,1.84724,1.862,0.86474,0.69569,0.74887
03,Ribeirao_Preto,3,RP03,51,right,22,1.90198,1.90446,0.87921,0.75116,0.77086
03,Ribeirao_Preto,3,RP03,52,right,21,1.95849,1.87517,0.84054,0.75503,0.77902
03,Ribeirao_Preto,3,RP03,53,right,20,1.87916,1.86112,0.86875,0.71837,0.74646
03,Ribeirao_Preto,3,RP03,54,right,21,1.92515,1.90725,0.92092,0.76468,0.76836
03,Ribeirao_Preto,3,RP03,55,right,22,1.92723,1.90628,0.88334,0.71851,0.74445
03,Ribeirao_Preto,3,RP03,56,right,19,1.9196,1.89196,0.93079,0.70891,0.72495
03,Ribeirao_Preto,3,RP03,57,right,21,1.93835,1.91415,0.95695,0.7322,0.75468
03,Ribeirao_Preto,3,RP03,58,right,19,1.92515,1.9196,0.92778,0.75834,0.73876
03,Ribeirao_Preto,3,RP03,59,right,20,1.98327,1.96627,0.96588,0.75401,0.74422
03,Ribeirao_Preto,3,RP03,60,right,19,1.80909,1.91133,0.87105,0.77361,0.75321
03,Ribeirao_Preto,3,RP03,61,right,25,1.9611,1.93979,0.90784,0.76275,0.77005
03,Ribeirao_Preto,3,RP03,62,right,24,1.79684,1.87548,0.90345,0.69749,0.70225
03,Ribeirao_Preto,3,RP03,63,right,19,1.8472,1.88732,0.85735,0.68606,0.71935
03,Ribeirao_Preto,3,RP03,64,right,22,1.85709,1.89069,0.87852,0.68342,0.72864
03,Ribeirao_Preto,3,RP03,65,right,22,1.88215,1.87537,0.83622,0.66162,0.7292
03,Ribeirao_Preto,3,RP03,66,right,22,1.91792,1.9592,0.86928,0.71747,0.76202
03,Ribeirao_Preto,3,RP03,67,right,20,1.82829,1.86454,0.88394,0.73049,0.74697
03,Ribeirao_Preto,3,RP03,68,right,22,1.86143,1.90816,0.88476,0.73611,0.75723
03,Ribeirao_Preto,3,RP03,69,right,21,1.93901,1.9032,0.86103,0.76104,0.80162
03,Ribeirao_Preto,3,RP03,70,right,20,1.87964,1.94457,0.90021,0.76484,0.7788
03,Ribeirao_Preto,3,RP03,71,right,21,1.78494,1.77866,0.81036,0.66209,0.71639
03,Ribeirao_Preto,3,RP03,72,right,21,1.86228,1.91737,0.91953,0.74929,0.74163
03,Ribeirao_Preto,3,RP03,73,right,22,1.93659,1.96045,0.89723,0.73022,0.76958
03,Ribeirao_Preto,3,RP03,74,right,19,1.89159,1.92723,0.90717,0.72362,0.75462
03,Ribeirao_Preto,3,RP03,75,right,19,1.89502,1.94589,0.95581,0.74862,0.74464
03,Ribeirao_Preto,3,RP03,76,right,23,1.94505,1.94544,0.89634,0.67117,0.73944
03,Ribeirao_Preto,3,RP03,77,right,19,1.77865,1.80876,0.86983,0.72292,0.75962
03,Ribeirao_Preto,3,RP03,78,right,22,1.88298,1.88833,0.88525,0.70833,0.75771
03,Ribeirao_Preto,3,RP03,79,right,21,1.89139,1.92142,0.89908,0.73131,0.76808
03,Ribeirao_Preto,3,RP03,80,right,22,1.92406,1.9343,0.98848,0.72372,0.73273
06,Chile,6,CH06,1326,left,25,1.88020112,1.926066423,0.96617664,0.737616385,0.750289296
06,Chile,6,CH06,1327,left,22,1.914904585,1.930667962,0.944163561,0.78573558,0.765024409
06,Chile,6,CH06,1328,left,22,1.883212467,1.95893657,0.922383269,0.757231087,0.745679428
06,Chile,6,CH06,1329,left,23,2.003625668,1.972332254,0.966101767,0.736831409,0.75012859
06,Chile,6,CH06,1330,left,21,1.901636925,2.00120527,1.004066769,0.797009263,0.761517785
06,Chile,6,CH06,1331,left,22,1.92031155,1.930755385,0.895806416,0.751445367,0.75012859
06,Chile,6,CH06,1332,left,26,1.928631135,1.951833678,0.958760975,0.756785151,0.76703896
06,Chile,6,CH06,1333,left,24,1.875835719,1.896291154,0.913531043,0.79096582,0.770864614
06,Chile,6,CH06,1334,left,23,1.913506352,1.986159673,0.972668548,0.748712887,0.758090366
06,Chile,6,CH06,1335,left,21,2.049787798,2.043661629,0.984495939,0.756211419,0.750514227
06,Chile,6,CH06,1336,left,21,1.998178665,2.007244787,0.998310687,0.737616385,0.750803325
06,Chile,6,CH06,1337,left,21,1.903233927,1.959121197,0.944138022,0.726814991,0.743574585
06,Chile,6,CH06,1338,left,22,2.004491966,2.045076989,1.025334935,0.787880811,0.765906427
06,Chile,6,CH06,1339,left,21,1.977350531,1.988489252,0.972147815,0.80474696,0.747713851
06,Chile,6,CH06,1340,left,21,1.966210026,1.998902573,0.987796877,0.81947387,0.743607012
06,Chile,6,CH06,1341,left,20,1.94103123,1.945944362,0.952781827,0.782629954,0.771958638
06,Chile,6,CH06,1342,left,23,1.968367222,1.979215399,0.981626147,0.737616385,0.758980442
06,Chile,6,CH06,1343,left,23,1.891707966,1.916679247,0.944980444,0.737158584,0.75003215
06,Chile,6,CH06,1344,left,22,1.923460684,2.022550817,0.941196417,0.766284124,0.770958448
06,Chile,6,CH06,1345,left,19,1.970619948,1.947232624,0.972147815,0.756275188,0.765024409
06,Chile,6,CH06,1346,left,23,1.993938538,1.97917885,0.983760893,0.733650237,0.777839779
06,Chile,6,CH06,1347,left,22,1.862160256,1.868881478,0.84328548,0.72734561,0.770958448
06,Chile,6,CH06,1348,left,22,2.029608192,1.98816182,1.015552288,0.766284124,0.798731875
06,Chile,6,CH06,1349,left,20,1.875372905,1.919884577,0.878986729,0.726814991,0.764677623
06,Chile,6,CH06,1350,left,21,1.923548435,1.941528071,0.980249598,0.740747975,0.705809775
06,Chile,6,CH06,1351,left,20,1.908105376,1.895846052,0.876871895,0.800541146,0.799094057
06,Chile,6,CH06,1352,left,23,1.947232624,1.994265022,0.956545232,0.7464551,0.763920454
06,Chile,6,CH06,1353,left,25,1.908206469,1.919495196,0.897554333,0.725586449,0.737714449
06,Chile,6,CH06,1354,left,25,1.84972679,1.910984431,0.91719261,0.684723631,0.743444862
06,Chile,6,CH06,1355,left,25,1.798825599,1.883494134,0.919293375,0.774453461,0.763920454
06,Chile,6,CH06,1356,left,22,1.865006806,1.951994271,0.959665941,0.785674201,0.77395514
06,Chile,6,CH06,1357,left,23,1.905677535,1.965388199,0.982092752,0.736831409,0.743088006
06,Chile,6,CH06,1358,left,21,1.950449556,2.022026185,0.981699836,0.791818942,0.777808779
06,Chile,6,CH06,1359,left,19,1.987470397,1.979276313,0.922461691,0.775853274,0.80603434
06,Chile,6,CH06,1360,left,22,1.958530329,1.965290047,0.922383269,0.771083543,0.798731875
06,Chile,6,CH06,1361,left,21,1.974788041,1.979471224,0.972668548,0.748004031,0.736635034
06,Chile,6,CH06,1362,left,22,1.984325635,1.958530329,0.915850858,0.742276331,0.792549459
06,Chile,6,CH06,1363,left,22,1.935806707,1.9375,0.972668548,0.736831409,0.744222863
06,Chile,6,CH06,1364,left,20,1.926817424,1.967043769,0.891326952,0.775853274,0.772364595
06,Chile,6,CH06,1365,left,23,1.916716988,1.994796955,0.96670059,0.786226434,0.759520337
06,Chile,6,CH06,1366,left,23,1.885336734,1.965878883,0.885246443,0.7464551,0.757453957
06,Chile,6,CH06,1367,left,24,1.994591452,1.993491048,0.987772466,0.780779179,0.767698832
06,Chile,6,CH06,1368,left,24,1.910265074,1.944890822,0.969937792,0.751317002,0.76703896
06,Chile,6,CH06,1369,left,19,1.905677535,2.007917392,0.947350513,0.731675578,0.737714449
06,Chile,6,CH06,1370,left,22,1.957200224,1.938109721,0.900772345,0.776101865,0.756976299
06,Chile,6,CH06,1371,left,19,2.031543782,1.972662314,0.997150647,,
06,Chile,6,CH06,1372,left,24,2.003625668,2.007052573,1.016477859,0.758503746,0.789134596
06,Chile,6,CH06,1373,left,20,1.898324574,1.917471651,0.950577513,0.761137723,0.756944444
06,Chile,6,CH06,1374,left,21,1.928531113,1.986548126,0.959691067,0.781520015,0.778056746
06,Chile,6,CH06,1375,left,24,1.950449556,1.993103948,0.969365844,0.790721902,0.784752949
06,Chile,6,CH06,1376,left,24,2.043531839,2.007136669,0.975490538,0.751317002,0.770958448
06,Chile,6,CH06,1377,left,22,1.986803007,2.03738686,0.986257814,0.770958448,0.771114813
06,Chile,6,CH06,1378,left,23,1.935308398,1.944890822,0.949257548,0.761137723,0.802947166
06,Chile,6,CH06,1379,left,23,2.034722222,1.980153263,0.996957176,0.771708712,0.750514227
06,Chile,6,CH06,1380,left,23,1.999445332,1.986414604,0.96827074,0.752599661,0.790721902
06,Chile,6,CH06,1381,left,21,1.910681577,1.9341618,0.929336889,0.726814991,0.772364595
06,Chile,6,CH06,1382,left,23,1.931866561,1.98064029,0.937911432,0.736635034,0.75012859
06,Chile,6,CH06,1383,left,21,2.00368584,2.002036482,1.005242815,0.788676125,0.79178849
06,Chile,6,CH06,1384,left,23,1.93525856,1.98688796,0.922383269,0.767604599,0.737583695
06,Chile,6,CH06,1385,left,24,1.970717834,2.013888889,0.954425406,0.756275188,0.771333671
06,Chile,6,CH06,1386,left,23,1.981601816,1.979276313,0.986257814,0.736831409,0.760123294
06,Chile,6,CH06,1387,left,20,1.953179783,1.951438315,0.976775054,0.825016367,0.792427753
06,Chile,6,CH06,1388,left,23,1.993938538,2.034722222,0.963877882,0.771083543,0.750803325
06,Chile,6,CH06,1389,left,22,1.901573524,1.945684129,0.975490538,0.7464551,0.756944444
06,Chile,6,CH06,1390,left,22,2.006283532,2.016951694,1.02827034,0.780779179,0.786226434
06,Chile,6,CH06,1326,right,24,1.917597399,1.902980524,0.937294216,0.739770777,0.770958448
06,Chile,6,CH06,1327,right,23,1.88020112,1.921202865,0.95118611,0.782013516,0.763162533
06,Chile,6,CH06,1328,right,23,1.829646967,1.940298159,0.944852853,0.761264431,0.753496223
06,Chile,6,CH06,1329,right,23,1.980725507,1.9604131,1.006465403,0.751317002,0.72468863
06,Chile,6,CH06,1330,right,20,1.869552271,1.924626186,0.95404637,0.801143328,0.787788993
06,Chile,6,CH06,1331,right,22,1.908358099,1.898324574,0.934821276,0.771083543,0.756976299
06,Chile,6,CH06,1332,right,21,1.918389423,1.938109721,0.963252271,0.800782073,0.784752949
06,Chile,6,CH06,1333,right,24,1.882367214,1.847235276,0.889783621,0.79555575,0.778056746
06,Chile,6,CH06,1334,right,23,1.894446481,1.970681127,0.931824384,0.761264431,0.771114813
06,Chile,6,CH06,1335,right,22,1.989774206,2.048458092,0.995747129,0.778087736,0.771614969
06,Chile,6,CH06,1336,right,25,1.980725507,1.987579585,1.000024112,0.741496287,0.777777778
06,Chile,6,CH06,1337,right,20,1.874768504,1.93235328,0.944138022,0.73246608,0.729199735
06,Chile,6,CH06,1338,right,24,1.988004148,2.046385326,1.032272454,0.828690772,0.765906427
06,Chile,6,CH06,1339,right,22,1.987531058,1.953809294,0.916166741,0.787207226,0.765434043
06,Chile,6,CH06,1340,right,23,1.92031155,1.967350203,0.97304033,0.801624749,0.746971767
06,Chile,6,CH06,1341,right,22,1.921805209,1.925127261,0.941426961,0.821237445,0.805824907
06,Chile,6,CH06,1342,right,22,1.923460684,1.931354751,0.96275149,0.7464551,0.743055556
06,Chile,6,CH06,1343,right,21,1.893593508,1.905259938,0.96617664,0.7464551,0.777901776
06,Chile,6,CH06,1344,right,19,1.881111439,1.942471718,0.913082217,0.76240386,0.758503746
06,Chile,6,CH06,1345,right,24,1.984362089,1.955388349,1.037956355,0.741626351,0.750289296
06,Chile,6,CH06,1346,right,22,1.973982,1.965388199,0.953515466,0.727014018,0.776101865
06,Chile,6,CH06,1347,right,23,1.844309002,1.882764274,0.866832472,0.736635034,0.734734037
06,Chile,6,CH06,1348,right,21,1.986281073,1.986705913,0.994293129,0.771083543,0.798882804
06,Chile,6,CH06,1349,right,22,1.87412531,1.896036823,0.90528498,0.731807388,0.736405863
06,Chile,6,CH06,1350,right,20,1.889973647,1.979763555,0.990940833,0.748004031,0.719278188
06,Chile,6,CH06,1351,right,21,1.905879973,1.912561021,0.891326952,0.81608303,0.81395288
06,Chile,6,CH06,1352,right,21,1.97234448,1.99542542,1.003129747,0.766598729,0.771614969
06,Chile,6,CH06,1353,right,22,1.923548435,1.939005289,0.931824384,0.796464506,0.764393773
06,Chile,6,CH06,1354,right,23,1.864968018,1.891758951,0.935130751,0.721988477,0.778552442
06,Chile,6,CH06,1355,right,24,1.778659178,1.799951238,0.906934873,0.771083543,0.763888889
06,Chile,6,CH06,1356,right,22,1.867861927,1.931566981,0.960369214,0.790721902,0.805585488
06,Chile,6,CH06,1357,right,23,1.97798454,1.979471224,0.99101383,0.756211419,0.752054798
06,Chile,6,CH06,1358,right,20,1.948915989,2.013290141,1.017639562,0.828690772,0.773362966
06,Chile,6,CH06,1359,right,20,1.938744125,1.931566981,0.919293375,0.777405665,0.784722222
06,Chile,6,CH06,1360,right,22,1.932627785,1.947938329,0.969763757,0.81558058,0.782044349
06,Chile,6,CH06,1361,right,22,1.941987535,1.939005289,0.98466737,0.771708712,0.75012859
06,Chile,6,CH06,1362,right,25,1.997551066,1.951833678,0.92946661,0.766032346,0.80105303
06,Chile,6,CH06,1363,right,24,1.886449098,1.918477406,0.944163561,0.761137723,0.771958638
06,Chile,6,CH06,1364,right,22,1.931866561,1.939291287,0.913319858,0.780779179,0.771614969
06,Chile,6,CH06,1365,right,21,1.887777962,1.96428371,0.957527842,0.812025027,0.774609121
06,Chile,6,CH06,1366,right,21,1.856181282,1.924062322,0.897581198,0.732992608,0.772364595
06,Chile,6,CH06,1367,right,22,2.008097516,2.002361646,1.021990085,0.785919686,0.807976487
06,Chile,6,CH06,1368,right,24,1.931666846,1.943514162,0.987992142,0.741496287,0.77889305
06,Chile,6,CH06,1369,right,20,1.963325984,1.979410316,0.982706368,0.752823902,0.765024409
06,Chile,6,CH06,1370,right,22,1.905879973,1.914766067,0.901173789,0.776412492,0.770958448
06,Chile,6,CH06,1371,right,22,1.967239892,1.980920276,1.018728934,0.787880811,0.778273651
06,Chile,6,CH06,1372,right,23,2.001458284,1.981115025,1.034232733,0.771708712,0.786226434
06,Chile,6,CH06,1373,right,23,1.897447929,1.885784315,0.932858882,0.742795905,0.760789165
06,Chile,6,CH06,1374,right,22,1.913103068,1.944072385,0.954728526,0.807020937,0.771958638
06,Chile,6,CH06,1375,right,24,1.928918671,1.94622934,0.99693299,0.776101865,0.79178849
06,Chile,6,CH06,1376,right,25,2.007713232,1.987324804,0.984569413,0.757804048,0.784845123
06,Chile,6,CH06,1377,right,20,1.979069198,2.058193221,1.020360813,0.796070839,0.753880138
06,Chile,6,CH06,1378,right,24,1.916830206,1.918188305,0.92863608,0.771083543,0.784722222
06,Chile,6,CH06,1379,right,23,2.043366639,1.954142482,1.01495853,0.780871822,0.77889305
06,Chile,6,CH06,1380,right,23,1.984082589,1.938744125,0.984569413,0.776847162,0.801624749
06,Chile,6,CH06,1381,right,23,1.915068275,1.938109721,0.963252271,0.729133597,0.782229324
06,Chile,6,CH06,1382,right,22,1.920738429,1.944456845,0.963252271,0.748004031,0.780871822
06,Chile,6,CH06,1383,right,23,2.008097516,1.969702028,1.044279131,0.795737584,0.794706639
06,Chile,6,CH06,1384,right,22,1.893096824,1.930667962,0.913108625,0.751317002,0.743055556
06,Chile,6,CH06,1385,right,24,1.974617091,1.982684495,0.950374561,0.756275188,0.757071855
06,Chile,6,CH06,1386,right,21,1.979507768,1.958382584,0.949257548,0.741496287,0.767698832
06,Chile,6,CH06,1387,right,20,1.949027337,1.917924306,0.984569413,0.812025027,0.819915119
06,Chile,6,CH06,1388,right,22,1.937450218,2.009297928,0.959665941,0.76703896,0.777901776
06,Chile,6,CH06,1389,right,25,1.895731581,1.916389875,0.981699836,0.787880811,0.7684209
06,Chile,6,CH06,1390,right,23,1.988416494,1.972527852,1.032762873,0.757804048,0.786226434
06,Ribeirao_Preto,6,RP06,461,left,21,1.941251645,1.95096515,0.999448559,0.788659695,0.776085697
06,Ribeirao_Preto,6,RP06,462,left,24,1.873172571,1.918198624,0.926485147,0.762387976,0.746956206
06,Ribeirao_Preto,6,RP06,463,left,22,1.890801613,1.907206136,0.961077039,0.755908641,0.727330457
06,Ribeirao_Preto,6,RP06,464,left,20,1.927778141,1.956284554,0.943939565,0.837500978,0.758169986
06,Ribeirao_Preto,6,RP06,465,left,22,1.781656161,1.874292109,0.878199992,0.760266049,0.76150192
06,Ribeirao_Preto,6,RP06,466,left,22,1.851212782,1.942480902,0.89750877,0.786302054,0.773066199
06,Ribeirao_Preto,6,RP06,467,left,21,1.89726861,1.974575954,0.972127562,0.78335272,0.740797642
06,Ribeirao_Preto,6,RP06,468,left,20,1.784739082,1.920258988,0.898287519,0.782243853,0.749534147
06,Ribeirao_Preto,6,RP06,469,left,21,1.886716536,1.925976222,0.980204578,0.772567004,0.753224479
06,Ribeirao_Preto,6,RP06,470,left,24,1.868584488,1.999005677,1.030310384,0.760773316,0.723041346
06,Ribeirao_Preto,6,RP06,471,left,20,1.871846276,1.93470734,0.916042374,0.7473112,0.749534147
06,Ribeirao_Preto,6,RP06,472,left,21,1.836869023,1.904372134,0.865227426,0.766897228,0.734423313
06,Ribeirao_Preto,6,RP06,473,left,23,1.910629152,1.981962037,0.938816937,0.740732543,0.749083647
06,Ribeirao_Preto,6,RP06,474,left,24,1.870183862,1.957171769,0.8807223,0.769439696,0.763051844
06,Ribeirao_Preto,6,RP06,475,left,21,1.870183862,1.954656947,0.913907842,0.736095776,0.710799203
06,Ribeirao_Preto,6,RP06,476,left,20,1.862212099,1.957861548,0.900110911,0.787527684,0.777823575
06,Ribeirao_Preto,6,RP06,477,left,21,1.808573518,1.907307272,0.879324958,0.764661693,0.732944442
06,Ribeirao_Preto,6,RP06,478,left,23,1.816939907,1.87801908,0.911926969,0.722340708,0.723841244
06,Ribeirao_Preto,6,RP06,479,left,24,1.935018882,2.002476469,0.905452545,0.75168637,0.753192468
06,Ribeirao_Preto,6,RP06,480,left,25,1.920572874,1.93470734,1.008646095,0.772286065,0.752872273
06,Ribeirao_Preto,6,RP06,481,left,24,1.857882482,1.956284554,0.937506188,0.770034862,0.757183469
06,Ribeirao_Preto,6,RP06,482,left,21,1.902091752,1.962498923,0.929836294,0.758328982,0.786669944
06,Ribeirao_Preto,6,RP06,483,left,24,1.888402701,1.932924355,0.951166294,0.754152234,0.753480526
06,Ribeirao_Preto,6,RP06,484,left,21,1.892955488,1.918198624,0.948348318,0.763872975,0.746633337
06,Ribeirao_Preto,6,RP06,485,left,20,1.827076811,1.9700894,0.89750877,0.797264892,0.749534147
06,Ribeirao_Preto,6,RP06,486,left,22,1.862445145,1.952645227,0.916884277,0.764661693,0.746439549
06,Ribeirao_Preto,6,RP06,487,left,23,1.829832873,1.867332409,0.90075358,0.730967959,0.720100783
06,Ribeirao_Preto,6,RP06,488,left,21,1.744733724,1.837302146,0.843267912,0.73769908,0.705590067
06,Ribeirao_Preto,6,RP06,489,left,25,1.812515453,1.824699832,0.824151182,0.758932861,0.724606985
06,Ribeirao_Preto,6,RP06,490,left,22,1.941847746,2.019155917,0.924948406,0.757215312,0.772816642
06,Ribeirao_Preto,6,RP06,491,left,21,1.894317917,1.907673847,0.970712763,0.743072525,0.740309257
06,Ribeirao_Preto,6,RP06,492,left,21,1.911638465,1.900379669,0.891389535,0.78261365,0.752583982
06,Ribeirao_Preto,6,RP06,493,left,21,1.933585373,1.908861571,0.969544622,0.721839836,0.748504036
06,Ribeirao_Preto,6,RP06,494,left,24,1.87759535,1.8941779,0.870118267,0.740732543,0.733897834
06,Ribeirao_Preto,6,RP06,495,left,21,1.885745029,2.041966595,1.03749326,0.790796905,0.737862487
06,Ribeirao_Preto,6,RP06,496,left,21,1.7783103,1.883787714,0.944526885,0.778164487,0.749759295
06,Ribeirao_Preto,6,RP06,497,left,21,1.821433041,1.894419742,0.964757949,0.739755365,0.73769908
06,Ribeirao_Preto,6,RP06,498,left,22,1.814602801,1.936700344,0.922573159,0.809003472,0.779650363
06,Ribeirao_Preto,6,RP06,499,left,23,1.883224449,1.904878515,0.910577514,0.75130135,0.757056083
06,Ribeirao_Preto,6,RP06,500,left,23,1.893095596,1.943523299,0.966480888,0.761248572,0.747827254
06,Ribeirao_Preto,6,RP06,501,left,25,1.853100414,1.87913573,0.926745359,0.768059646,0.754727508
06,Ribeirao_Preto,6,RP06,502,left,23,1.794117333,1.868236055,0.860112571,0.728390513,0.731792142
06,Ribeirao_Preto,6,RP06,503,left,21,1.836869023,1.890648582,0.922024156,0.799348933,0.780392239
06,Ribeirao_Preto,6,RP06,504,left,21,1.880303011,1.898754935,0.937686204,0.791924244,0.771692635
06,Ribeirao_Preto,6,RP06,505,left,18,1.85842748,1.930777603,0.961077039,0.786271389,0.720903944
06,Ribeirao_Preto,6,RP06,506,left,22,1.812515453,1.863609942,0.928590768,0.741870956,0.750787684
06,Ribeirao_Preto,6,RP06,507,left,20,1.767129868,1.864605913,0.93585873,0.749276752,0.71808895
06,Ribeirao_Preto,6,RP06,508,left,19,1.81198326,1.91755745,0.854600414,0.746148772,0.719263203
06,Ribeirao_Preto,6,RP06,509,left,24,1.928315888,1.993993738,0.924948406,0.763872975,0.736030261
06,Ribeirao_Preto,6,RP06,510,left,20,1.844754247,1.945755125,0.896487315,0.772286065,0.753224479
06,Ribeirao_Preto,6,RP06,511,left,21,1.878365698,1.930190576,0.889114473,0.767588608,0.765039988
06,Ribeirao_Preto,6,RP06,512,left,23,1.819035433,1.900316229,0.92736957,0.746148772,0.750402203
06,Ribeirao_Preto,6,RP06,513,left,23,1.895234141,1.92867847,0.940151505,0.749534147,0.744434118
06,Ribeirao_Preto,6,RP06,514,left,25,1.83367651,1.872696243,0.905452545,0.757215312,0.762293091
06,Ribeirao_Preto,6,RP06,515,left,20,1.824144758,1.902598739,0.896056881,0.755238495,0.746439549
06,Ribeirao_Preto,6,RP06,516,left,21,1.813964885,1.855999714,0.875863143,0.741610901,0.750016524
06,Ribeirao_Preto,6,RP06,517,left,22,1.885016071,1.930777603,0.913300831,0.749534147,0.755908641
06,Ribeirao_Preto,6,RP06,518,left,23,1.855635925,1.891923464,0.920139373,0.760266049,0.745663893
06,Ribeirao_Preto,6,RP06,519,left,21,1.818319512,1.933373373,0.903960069,0.759314011,0.75235968
06,Ribeirao_Preto,6,RP06,520,left,23,1.865329921,1.93470734,0.959947408,0.765323587,0.747956212
06,Ribeirao_Preto,6,RP06,521,left,25,1.923059488,1.95568428,0.964778048,0.772302154,0.776598809
06,Ribeirao_Preto,6,RP06,522,left,21,1.838863167,1.939748161,0.887186954,0.772286065,0.771411378
06,Ribeirao_Preto,6,RP06,523,left,21,1.831255432,1.90082369,0.953419736,0.782243853,0.746148772
06,Ribeirao_Preto,6,RP06,524,left,21,1.822663735,1.873481476,0.864028296,0.737568329,0.73560427
06,Ribeirao_Preto,6,RP06,525,left,21,1.771272947,1.864450732,0.926745359,0.747537017,0.753224479
06,Ribeirao_Preto,6,RP06,526,left,22,1.952287097,2.03535519,0.963282267,0.787527684,0.764030784
06,Ribeirao_Preto,6,RP06,527,left,23,1.904017587,1.947897748,0.945572944,0.743429374,0.76702298
06,Ribeirao_Preto,6,RP06,528,left,24,1.868649005,1.892535101,0.905452545,0.746439549,0.74627802
06,Ribeirao_Preto,6,RP06,529,left,19,1.903954268,1.98264319,1.000172046,0.772192396,0.773346855
06,Ribeirao_Preto,6,RP06,530,left,22,1.835923672,1.944899894,0.92736957,0.791589257,0.756291315
06,Ribeirao_Preto,6,RP06,531,left,20,1.892484139,1.959055767,0.976211474,0.787527684,0.732878645
06,Ribeirao_Preto,6,RP06,532,left,24,1.910629152,1.921012228,0.990384727,0.773596241,0.763146635
06,Ribeirao_Preto,6,RP06,533,left,22,1.861085295,1.910704869,0.913380029,0.795721006,0.758487944
06,Ribeirao_Preto,6,RP06,534,left,22,1.791925391,1.849766466,0.873602847,0.692796145,0.733897834
06,Ribeirao_Preto,6,RP06,535,left,21,1.844623539,1.872696243,0.885636474,0.746956206,0.771942556
06,Ribeirao_Preto,6,RP06,536,left,22,1.903916276,1.98466095,0.910418623,0.745113981,0.740992906
06,Ribeirao_Preto,6,RP06,537,left,24,1.844218284,1.98884794,1.040903977,0.757056083,0.741188118
06,Ribeirao_Preto,6,RP06,538,left,21,1.719958807,1.831294932,0.889954756,0.719430797,0.715936763
06,Ribeirao_Preto,6,RP06,539,left,23,1.886716536,1.966426576,0.889981849,0.796054255,0.75466361
06,Ribeirao_Preto,6,RP06,540,left,25,1.809253315,1.897522765,0.929836294,0.812809449,0.784214088
06,Ribeirao_Preto,6,RP06,461,right,21,1.974063023,1.953126748,0.91129218,0.7265344,0.775184193
06,Ribeirao_Preto,6,RP06,462,right,23,1.855285061,1.890393503,0.884137818,0.741838454,0.753192468
06,Ribeirao_Preto,6,RP06,463,right,23,1.918035208,1.889666338,0.969470012,0.727794421,0.736619687
06,Ribeirao_Preto,6,RP06,464,right,20,1.905637834,1.951360592,0.940997461,0.776085697,0.736914224
06,Ribeirao_Preto,6,RP06,465,right,22,1.81586468,1.852397659,0.863023092,0.741838454,0.759504514
06,Ribeirao_Preto,6,RP06,466,right,22,1.867190368,1.90294088,0.880284157,0.771317602,0.757724621
06,Ribeirao_Preto,6,RP06,467,right,20,1.939760592,1.973659912,0.944450299,0.762387976,0.753192468
06,Ribeirao_Preto,6,RP06,468,right,21,1.785590003,1.891005636,0.876688625,0.777389469,0.757724621
06,Ribeirao_Preto,6,RP06,469,right,23,1.898132599,1.887278758,0.943045113,0.741870956,0.753192468
06,Ribeirao_Preto,6,RP06,470,right,23,1.945755125,1.97808961,0.932193035,0.711443427,0.726235654
06,Ribeirao_Preto,6,RP06,471,right,21,1.940829296,1.960372259,0.870810761,0.740732543,0.759504514
06,Ribeirao_Preto,6,RP06,472,right,20,1.850600516,1.889883241,0.827771019,0.711443427,0.723041346
06,Ribeirao_Preto,6,RP06,473,right,22,1.90315627,1.924586091,0.923069594,0.732088621,0.760773316
06,Ribeirao_Preto,6,RP06,474,right,23,1.857454158,1.94540812,0.871779328,0.744207359,0.75896463
06,Ribeirao_Preto,6,RP06,475,right,24,1.842648714,1.916677057,0.891741109,0.716980035,0.708863018
06,Ribeirao_Preto,6,RP06,476,right,24,1.864308471,1.897065261,0.891741109,0.786639293,0.771317602
06,Ribeirao_Preto,6,RP06,477,right,21,1.82180366,1.865265289,0.84942157,0.726633955,0.733141797
06,Ribeirao_Preto,6,RP06,478,right,23,1.81683374,1.83709216,0.853358098,0.701683608,0.723841244
06,Ribeirao_Preto,6,RP06,479,right,21,1.92392198,1.953126748,0.889981849,0.725571333,0.745113981
06,Ribeirao_Preto,6,RP06,480,right,25,1.857142588,1.886524831,0.966855034,0.746148772,0.757724621
06,Ribeirao_Preto,6,RP06,481,right,23,1.897510058,1.939897319,0.915015258,0.750498592,0.77191132
06,Ribeirao_Preto,6,RP06,482,right,20,1.963174548,1.996929966,0.907394408,0.749534147,0.774592984
06,Ribeirao_Preto,6,RP06,483,right,23,1.921376188,1.938964894,0.925365401,0.715296586,0.785657833
06,Ribeirao_Preto,6,RP06,484,right,20,1.912420316,1.937472081,0.886316843,0.802209405,0.750016524
06,Ribeirao_Preto,6,RP06,485,right,19,1.785873553,1.930715162,0.885228001,0.753992358,0.770848555
06,Ribeirao_Preto,6,RP06,486,right,21,1.861085295,1.932624951,0.861233166,0.755908641,0.759504514
06,Ribeirao_Preto,6,RP06,487,right,24,1.815213926,1.870544821,0.891741109,0.719330245,0.747698274
06,Ribeirao_Preto,6,RP06,488,right,21,1.793109104,1.820757791,0.811295145,0.670259842,0.721806432
06,Ribeirao_Preto,6,RP06,489,right,22,1.79846639,1.797004456,0.8243852,0.725571333,0.723408076
06,Ribeirao_Preto,6,RP06,490,right,25,1.951064018,1.987283402,0.867120339,0.732088621,0.757183469
06,Ribeirao_Preto,6,RP06,491,right,21,1.909164701,1.877852167,0.957230855,0.73471873,0.776085697
06,Ribeirao_Preto,6,RP06,492,right,25,1.864308471,1.863609942,0.8541771,0.758487944,0.759504514
06,Ribeirao_Preto,6,RP06,493,right,23,1.889270744,1.907977166,0.936142093,0.726102838,0.766079338
06,Ribeirao_Preto,6,RP06,494,right,25,1.857389252,1.856675134,0.89168703,0.7265344,0.759218741
06,Ribeirao_Preto,6,RP06,495,right,21,1.853711854,1.979125435,0.994272415,0.707705579,0.729449028
06,Ribeirao_Preto,6,RP06,496,right,20,1.849453601,1.903194278,0.921788769,0.756769385,0.770942387
06,Ribeirao_Preto,6,RP06,497,right,21,1.873429995,1.869577808,0.977766285,0.737143227,0.722340708
06,Ribeirao_Preto,6,RP06,498,right,22,1.839820113,1.92909098,0.895599318,0.751558052,0.7753086
06,Ribeirao_Preto,6,RP06,499,right,24,1.838600903,1.868649005,0.84552375,0.746148772,0.776085697
06,Ribeirao_Preto,6,RP06,500,right,25,1.93526808,1.909695063,0.930251098,0.763778274,0.752583982
06,Ribeirao_Preto,6,RP06,501,right,25,1.875860909,1.850118377,0.897535634,0.715296586,0.754599707
06,Ribeirao_Preto,6,RP06,502,right,24,1.775922358,1.847196792,0.856291578,0.729118407,0.736128531
06,Ribeirao_Preto,6,RP06,503,right,21,1.833347747,1.868068268,0.894413949,0.775899265,0.77788557
06,Ribeirao_Preto,6,RP06,504,right,21,1.876927459,1.905979429,0.901716724,0.7473112,0.783814285
06,Ribeirao_Preto,6,RP06,505,right,18,1.848449465,1.951793016,0.952761978,0.775899265,0.724340732
06,Ribeirao_Preto,6,RP06,506,right,22,1.865032595,1.863584066,0.944526885,0.716845505,0.772192396
06,Ribeirao_Preto,6,RP06,507,right,23,1.822743106,1.83709216,0.913512011,0.749534147,0.729184543
06,Ribeirao_Preto,6,RP06,508,right,22,1.864967952,1.900379669,0.832302646,0.702850964,0.723408076
06,Ribeirao_Preto,6,RP06,509,right,22,1.992626858,1.989999332,0.878940985,0.746148772,0.752583982
06,Ribeirao_Preto,6,RP06,510,right,21,1.870183862,1.91049033,0.856291578,0.771317602,0.765418097
06,Ribeirao_Preto,6,RP06,511,right,20,1.920989489,1.941093342,0.909191957,0.760281888,0.789134596
06,Ribeirao_Preto,6,RP06,512,right,24,1.894419742,1.941947078,0.857332799,0.722507588,0.77191132
06,Ribeirao_Preto,6,RP06,513,right,24,1.915040969,1.899465927,0.939920658,0.733339099,0.776396317
06,Ribeirao_Preto,6,RP06,514,right,22,1.839820113,1.839086062,0.863888755,0.738874801,0.766079338
06,Ribeirao_Preto,6,RP06,515,right,21,1.87400907,1.861707064,0.817069982,0.723174724,0.765039988
06,Ribeirao_Preto,6,RP06,516,right,22,1.790121417,1.849062444,0.884137818,0.711206149,0.775184193
06,Ribeirao_Preto,6,RP06,517,right,22,1.905283523,1.916626737,0.844382307,0.74278043,0.750016524
06,Ribeirao_Preto,6,RP06,518,right,22,1.886256411,1.923621175,0.908748591,0.703571011,0.760107459
06,Ribeirao_Preto,6,RP06,519,right,23,1.843381346,1.899465927,0.870810761,0.751590133,0.751140867
06,Ribeirao_Preto,6,RP06,520,right,20,1.86899736,1.892535101,0.938534382,0.748697289,0.751558052
06,Ribeirao_Preto,6,RP06,521,right,21,1.911285266,1.925112204,0.926407069,0.722507588,0.753864432
06,Ribeirao_Preto,6,RP06,522,right,20,1.836028735,1.896111773,0.876853628,0.767588608,0.773939016
06,Ribeirao_Preto,6,RP06,523,right,22,1.896811045,1.907206136,0.936142093,0.774437327,0.768404891
06,Ribeirao_Preto,6,RP06,524,right,23,1.802149484,1.829042084,0.811295145,0.707160246,0.763051844
06,Ribeirao_Preto,6,RP06,525,right,23,1.80565148,1.84067177,0.869785675,0.712662465,0.735440361
06,Ribeirao_Preto,6,RP06,526,right,21,1.977650745,2.042202742,0.970737602,0.767588608,0.757724621
06,Ribeirao_Preto,6,RP06,527,right,23,1.893974219,1.912155532,0.955491236,0.699997817,0.755398108
06,Ribeirao_Preto,6,RP06,528,right,21,1.868519968,1.861188937,0.867398361,0.776830978,0.751558052
06,Ribeirao_Preto,6,RP06,529,right,22,1.915040969,1.954126449,0.993884331,0.768279366,0.765418097
06,Ribeirao_Preto,6,RP06,530,right,23,1.846322027,1.926389311,0.8921466,0.776830978,0.750498592
06,Ribeirao_Preto,6,RP06,531,right,19,1.894419742,1.919844581,0.962280517,0.747988448,0.736226789
06,Ribeirao_Preto,6,RP06,532,right,23,1.921376188,1.91181504,0.973119175,0.750498592,0.768404891
06,Ribeirao_Preto,6,RP06,533,right,23,1.831571406,1.900379669,0.882363399,0.770034862,0.759504514
06,Ribeirao_Preto,6,RP06,534,right,21,1.797004456,1.841549219,0.840518492,0.643388531,0.719330245
06,Ribeirao_Preto,6,RP06,535,right,24,1.851994105,1.860994602,0.852764536,0.726102838,0.762735788
06,Ribeirao_Preto,6,RP06,536,right,24,1.895806556,1.955803811,0.903346374,0.722340708,0.736914224
06,Ribeirao_Preto,6,RP06,537,right,23,1.887649222,1.944602334,0.967278891,0.752071192,0.765008471
06,Ribeirao_Preto,6,RP06,538,right,19,1.770456002,1.813113983,0.8598602360000001,0.707705579,0.723841244
06,Ribeirao_Preto,6,RP06,539,right,21,1.925087155,1.893948758,0.86670314,0.769439696,0.757183469
06,Ribeirao_Preto,6,RP06,540,right,23,1.840488369,1.865265289,0.8807223,0.759314011,0.780268642
08,Chile,8,CH08,1391,left,21,2.112070323,2.044687863,0.981355906,0.782044349,0.815462311
08,Chile,8,CH08,1392,left,20,1.946390395,1.944456845,0.892381377,0.81566927,0.791666667
08,Chile,8,CH08,1393,left,23,2.101460489,2.091015927,1.026744977,0.81558058,0.83437435
08,Chile,8,CH08,1394,left,23,2.016341897,2.031626864,0.932212455,0.812529677,0.845883505
08,Chile,8,CH08,1395,left,23,1.926817424,1.965474077,0.87588139,0.775853274,0.769204987
08,Chile,8,CH08,1396,left,23,1.802307442,1.884454046,0.96617664,0.761137723,0.741626351
08,Chile,8,CH08,1397,left,23,2.048340378,2.048611111,0.931824384,0.766284124,0.778552442
08,Chile,8,CH08,1398,left,22,1.965964741,1.972234448,0.979388273,0.802947166,0.836221846
08,Chile,8,CH08,1399,left,21,2.034615564,1.98688796,0.978402972,0.730983187,0.791697124
08,Chile,8,CH08,1400,left,22,1.978374598,2.01734617,0.999469381,0.79555575,0.785674201
08,Chile,8,CH08,1401,left,21,1.886295708,1.965290047,0.966101767,0.790599915,0.78521371
08,Chile,8,CH08,1402,left,21,1.90273976,1.972271126,0.922801441,0.743574585,0.776940273
08,Chile,8,CH08,1403,left,24,1.888403737,1.958444146,0.972073401,0.771333671,0.79178849
08,Chile,8,CH08,1404,left,21,1.846752238,1.97300454,1.037328931,0.805555556,0.79361359
08,Chile,8,CH08,1405,left,20,1.970705598,1.986305352,0.947350513,0.78573558,0.791666667
08,Chile,8,CH08,1406,left,24,1.911653064,1.965878883,0.833796168,0.785674201,0.805824907
08,Chile,8,CH08,1407,left,23,1.93525856,1.973444457,0.916298327,0.761264431,0.770833333
08,Chile,8,CH08,1408,left,20,2.00255431,1.968036442,0.949257548,0.764677623,0.785490037
08,Chile,8,CH08,1409,left,21,1.959970258,1.965719424,0.949257548,0.786655681,0.77975938
08,Chile,8,CH08,1410,left,22,1.871305517,1.993357991,1.028199988,0.776847162,0.819444444
08,Chile,8,CH08,1411,left,27,2.079777057,2.041713907,1.012675263,0.800541146,0.798731875
08,Chile,8,CH08,1412,left,20,1.915080866,1.967043769,0.863571753,0.770958448,0.778056746
08,Chile,8,CH08,1413,left,21,1.948829381,1.924062322,0.950374561,0.790599915,0.757199244
08,Chile,8,CH08,1414,left,19,1.879174879,1.877172096,0.878986729,0.781520015,0.780284898
08,Chile,8,CH08,1415,left,20,2.024636075,2.022550817,1.009813919,0.770958448,0.784845123
08,Chile,8,CH08,1416,left,24,1.942111696,1.986220374,0.926113986,0.772208483,0.771333671
08,Chile,8,CH08,1417,left,24,2.014906352,2.013900862,0.937988556,0.806273626,0.798641304
08,Chile,8,CH08,1418,left,20,2.029346805,1.99324912,0.886335308,0.829999117,0.805824907
08,Chile,8,CH08,1419,left,21,1.903398621,1.97370103,0.944163561,0.790599915,0.798611111
08,Chile,8,CH08,1420,left,17,1.893631709,1.965290047,0.913399058,0.775915429,0.79178849
08,Chile,8,CH08,1421,left,20,1.935619856,1.931804153,0.982215506,0.751445367,0.778273651
08,Chile,8,CH08,1422,left,20,1.977655368,1.980920276,0.956948476,0.790599915,0.780871822
08,Chile,8,CH08,1423,left,19,1.987822204,2.034911823,0.990721811,0.79555575,0.759520337
08,Chile,8,CH08,1424,left,21,1.974091935,1.945448649,0.916298327,0.801624749,0.795343557
08,Chile,8,CH08,1425,left,18,1.779133598,1.896151276,0.860270647,0.761897657,0.757231087
08,Chile,8,CH08,1426,left,21,1.89211581,1.979215399,0.916298327,0.810360431,0.76703896
08,Chile,8,CH08,1427,left,19,1.873314572,1.944642847,0.872958377,0.780779179,0.807468992
08,Chile,8,CH08,1428,left,19,1.836382145,1.88893995,0.895079355,0.796040549,0.792153846
08,Chile,8,CH08,1429,left,21,1.879174879,1.925728378,0.932212455,0.840851503,0.821325525
08,Chile,8,CH08,1430,left,20,1.972857879,1.971207192,0.97304033,0.772208483,0.780284898
08,Chile,8,CH08,1431,left,22,1.878096723,1.979276313,1.00370648,0.776847162,0.806303532
08,Chile,8,CH08,1432,left,22,1.996150327,2.013996645,0.925671261,0.824957911,0.819562138
08,Chile,8,CH08,1433,left,25,1.824077012,1.931804153,1.003129747,0.79555575,0.798882804
08,Chile,8,CH08,1434,left,21,1.891567749,1.937512445,0.901173789,0.775853274,0.777808779
08,Chile,8,CH08,1435,left,18,1.881111439,1.974617091,0.95404637,0.805316056,0.789134596
08,Chile,8,CH08,1436,left,21,2.005105367,2.043980171,0.96275149,0.825016367,0.842112322
08,Chile,8,CH08,1437,left,21,1.994591452,2.000108504,0.926113986,0.753240172,0.770864614
08,Chile,8,CH08,1438,left,22,1.92991846,1.944494047,0.883774348,0.805854829,0.827118026
08,Chile,8,CH08,1439,left,19,1.981796498,1.93754978,0.876871895,0.771333671,0.798611111
08,Chile,8,CH08,1440,left,20,1.995232067,2.000590673,0.899272039,0.764677623,0.75003215
08,Chile,8,CH08,1441,left,20,1.841220932,1.917283013,0.972073401,0.825016367,0.826505594
08,Chile,8,CH08,1442,left,21,1.955721268,1.93754978,0.886335308,0.796040549,0.791666667
08,Chile,8,CH08,1443,left,23,1.839242371,1.93235328,0.958760975,0.781520015,0.757231087
08,Chile,8,CH08,1444,left,23,1.838639208,1.916779888,0.997609991,0.768295371,0.798490329
08,Chile,8,CH08,1445,left,23,1.901573524,1.889705706,0.92556706,0.780779179,0.780871822
08,Chile,8,CH08,1446,left,24,1.812287131,1.862160256,0.941093934,0.741626351,0.75012859
08,Chile,8,CH08,1447,left,24,1.949361343,1.972271126,0.975193871,0.795737584,0.77975938
08,Chile,8,CH08,1448,left,21,1.991542689,2.028075035,0.934821276,0.810360431,0.81276705
08,Chile,8,CH08,1449,left,24,1.899200815,1.935059195,0.944852853,0.766598729,0.766441442
08,Chile,8,CH08,1450,left,23,1.876285568,1.972271126,1.049875066,0.849637949,0.81059844
08,Chile,8,CH08,1451,left,19,1.847822584,1.951438315,0.863571753,0.771083543,0.773362966
08,Chile,8,CH08,1452,left,22,1.904196551,1.965326855,0.898440435,0.787207226,0.814900301
08,Chile,8,CH08,1453,left,23,2.033726529,1.996548913,1.02827034,0.761264431,0.770958448
08,Chile,8,CH08,1454,left,23,2.007701222,2.049787798,1.000096446,0.784230426,0.820503083
08,Chile,8,CH08,1455,left,21,1.953945044,2.030819636,0.963877882,0.800420655,0.805585488
08,Chile,8,CH08,1456,left,17,1.930568046,1.951500096,0.881315392,0.780902701,0.770958448
08,Chile,8,CH08,1457,left,22,1.939378321,1.951697781,0.92946661,0.7895928,0.791940742
08,Chile,8,CH08,1458,left,21,1.959970258,2.000012056,0.969937792,0.761137723,0.740064072
08,Chile,8,CH08,1459,left,20,1.872941257,1.909772727,0.957829981,0.76703896,0.7927624
08,Chile,8,CH08,1460,left,24,2.036143796,2.000192892,0.926113986,0.802226118,0.813241589
08,Chile,8,CH08,1461,left,21,1.889973647,1.986305352,0.922461691,0.820414915,0.769204987
08,Chile,8,CH08,1462,left,21,1.95765601,2.034722222,0.987772466,0.805316056,0.765024409
08,Chile,8,CH08,1463,left,23,1.929031173,1.97917885,0.975193871,0.796040549,0.779295394
08,Chile,8,CH08,1464,left,19,1.92531513,1.910744676,0.957527842,0.800541146,0.779295394
08,Chile,8,CH08,1465,left,21,2.032920135,2.043661629,0.904085591,0.796040549,0.786686333
08,Chile,8,CH08,1466,left,22,1.866815987,1.918791596,0.916166741,0.839703661,0.819444444
08,Chile,8,CH08,1467,left,22,1.985831857,1.966062859,0.891759687,0.820767529,0.787207226
08,Chile,8,CH08,1468,left,22,2.020355996,2.036427992,0.953439598,0.824957911,0.847478331
08,Chile,8,CH08,1469,left,23,2.002614514,1.980384615,0.94722324,0.792427753,0.798731875
08,Chile,8,CH08,1470,left,22,1.972772322,1.969702028,0.922566243,0.766095298,0.772957534
08,Chile,8,CH08,1471,left,21,1.824222416,1.931804153,0.96617664,0.78573558,0.772208483
08,Chile,8,CH08,1472,left,20,1.945659343,1.965474077,0.926113986,0.849864958,0.826855611
08,Chile,8,CH08,1473,left,21,1.989131833,2.022276594,0.922461691,0.801143328,0.826418067
08,Chile,8,CH08,1474,left,21,2.027932357,2.006992502,0.917350334,0.821824463,0.820179755
08,Chile,8,CH08,1475,left,23,2.018015408,2.049034796,0.91952941,0.790599915,0.792153846
08,Chile,8,CH08,1476,left,21,1.854387731,1.952389522,0.925488901,0.805854829,0.805375938
08,Chile,8,CH08,1477,left,22,1.889973647,1.993491048,0.916298327,0.770958448,0.777901776
08,Chile,8,CH08,1478,left,21,1.965584487,1.958530329,0.876871895,0.770958448,0.806632422
08,Chile,8,CH08,1479,left,22,2.009933856,2.030451529,0.953616613,0.829882903,0.795737584
08,Chile,8,CH08,1480,left,18,1.91335513,1.994796955,0.969141946,0.80681176,0.787788993
08,Chile,8,CH08,1481,left,18,1.953179783,2.006956459,0.938322684,0.766095298,0.757071855
08,Chile,8,CH08,1482,left,22,1.902017285,1.953476049,0.954021095,0.782013516,0.809169337
08,Chile,8,CH08,1483,left,21,1.84289646,1.973444457,0.9078915,0.805555556,0.749099253
08,Chile,8,CH08,1484,left,19,1.969702028,2.006956459,0.900370723,0.800782073,0.791697124
08,Chile,8,CH08,1485,left,20,1.939801003,2.000976324,0.97425383,0.830579942,0.8564502
08,Chile,8,CH08,1486,left,23,1.884722734,1.89645645,0.816998468,0.736831409,0.751156516
08,Chile,8,CH08,1487,left,23,1.926817424,1.994518917,0.934847069,0.771333671,0.778273651
08,Chile,8,CH08,1488,left,25,1.841063773,1.889348392,0.99380799,0.786655681,0.798882804
08,Chile,8,CH08,1489,left,23,1.894828285,2.000433981,0.934821276,0.805375938,0.799094057
08,Chile,8,CH08,1490,left,20,1.979507768,1.979763555,0.925488901,0.810360431,0.800089212
08,Chile,8,CH08,1391,right,21,2.029596312,2.021024237,0.987772466,0.801624749,0.81276705
08,Chile,8,CH08,1392,right,20,1.93525856,1.938507802,0.900772345,0.800420655,0.798641304
08,Chile,8,CH08,1393,right,23,1.984082589,2.055848797,1.018823608,0.849864958,0.840277778
08,Chile,8,CH08,1394,right,23,1.945993926,1.982684495,0.996957176,0.820179755,0.819709232
08,Chile,8,CH08,1395,right,21,1.841155451,1.906436567,0.85097076,0.766598729,0.747713851
08,Chile,8,CH08,1396,right,21,1.816871591,1.87520575,0.953844155,0.748712887,0.730785241
08,Chile,8,CH08,1397,right,22,2.03799036,2.028966547,0.875991502,0.79096582,0.806303532
08,Chile,8,CH08,1398,right,24,1.967374716,1.972821212,0.944444444,0.805854829,0.819915119
08,Chile,8,CH08,1399,right,23,2.031247032,1.951994271,1.018728934,0.744222863,0.791940742
08,Chile,8,CH08,1400,right,22,1.959195043,1.993164438,0.984495939,0.791818942,0.771958638
08,Chile,8,CH08,1401,right,22,1.852852739,1.94653905,0.928843782,0.805854829,0.782999584
08,Chile,8,CH08,1402,right,21,1.872941257,1.910530132,0.919293375,0.75834478,0.802586723
08,Chile,8,CH08,1403,right,24,1.897308136,1.925415319,0.928610114,0.78573558,0.820179755
08,Chile,8,CH08,1404,right,23,1.805555556,1.951388889,1.02255618,0.795495129,0.791666667
08,Chile,8,CH08,1405,right,22,1.951673071,1.975752416,0.878986729,0.81059844,0.792427753
08,Chile,8,CH08,1406,right,24,1.928918671,1.947232624,0.888237609,0.800420655,0.79412994
08,Chile,8,CH08,1407,right,20,1.927818303,1.99542542,0.932212455,0.790599915,0.780871822
08,Chile,8,CH08,1408,right,23,1.970705598,1.986548126,1.006465403,0.787207226,0.780284898
08,Chile,8,CH08,1409,right,20,1.952685907,1.968416222,0.935130751,0.815373598,0.801624749
08,Chile,8,CH08,1410,right,23,1.880085695,2.006992502,0.969937792,0.781520015,0.798731875
08,Chile,8,CH08,1411,right,24,2.01616251,1.988489252,1.02243827,0.79555575,0.798641304
08,Chile,8,CH08,1412,right,22,1.896392876,1.915823587,0.838525492,0.766598729,0.772364595
08,Chile,8,CH08,1413,right,23,1.867861927,1.89645645,0.956620853,0.782013516,0.762308972
08,Chile,8,CH08,1414,right,22,1.917371046,1.877891289,0.85743503,0.775915429,0.791940742
08,Chile,8,CH08,1415,right,21,2.00031344,2.003084042,1.019580675,0.775853274,0.786226434
08,Chile,8,CH08,1416,right,25,1.965020105,1.962773237,0.938528243,0.770958448,0.782229324
08,Chile,8,CH08,1417,right,24,2.018481354,2.002361646,0.923010456,0.82519171,0.828748964
08,Chile,8,CH08,1418,right,21,1.981516636,1.955388349,0.894863816,0.836221846,0.848615657
08,Chile,8,CH08,1419,right,21,1.884236509,1.938980418,0.947732227,0.801624749,0.802256174
08,Chile,8,CH08,1420,right,20,1.910681577,1.983110106,0.957527842,0.797009263,0.780871822
08,Chile,8,CH08,1421,right,19,1.902131378,1.899086545,0.963252271,0.766032346,0.765024409
08,Chile,8,CH08,1422,right,20,1.952093092,1.959564231,0.953616613,0.771083543,0.777808779
08,Chile,8,CH08,1423,right,19,1.930755385,1.99542542,1.010410701,0.791331557,0.765906427
08,Chile,8,CH08,1424,right,21,1.931666846,1.954549635,0.882026462,0.806273626,0.783830614
08,Chile,8,CH08,1425,right,18,1.777262295,1.892574529,0.857519391,0.776847162,0.752887958
08,Chile,8,CH08,1426,right,20,1.846242953,1.937947977,0.866832472,0.81059844,0.791666667
08,Chile,8,CH08,1427,right,18,1.836342753,1.899949743,0.900772345,0.781520015,0.781520015
08,Chile,8,CH08,1428,right,18,1.845184758,1.874292562,0.910384619,0.785674201,0.812529677
08,Chile,8,CH08,1429,right,21,1.900355819,1.898692898,0.938528243,0.820179755,0.81276705
08,Chile,8,CH08,1430,right,23,1.88639797,1.934124399,0.968494839,0.822264451,0.780408497
08,Chile,8,CH08,1431,right,22,1.878558865,1.937512445,0.991524655,0.776412492,0.79178849
08,Chile,8,CH08,1432,right,21,1.994252931,2.043661629,0.947350513,0.830579942,0.826651452
08,Chile,8,CH08,1433,right,24,1.813032063,1.90279045,1.007040225,0.815136984,0.798641304
08,Chile,8,CH08,1434,right,20,1.884901838,1.924062322,0.910596484,0.76703896,0.779295394
08,Chile,8,CH08,1435,right,20,1.87840483,1.940683367,0.928843782,0.815136984,0.81439712
08,Chile,8,CH08,1436,right,22,1.948718022,2.000301385,0.916298327,0.801624749,0.84168271
08,Chile,8,CH08,1437,right,21,1.944258424,1.985054595,0.931824384,0.771333671,0.772364595
08,Chile,8,CH08,1438,right,21,1.879688069,1.917119512,0.892381377,0.824957911,0.835673797
08,Chile,8,CH08,1439,right,21,1.921805209,1.903398621,0.897581198,0.776101865,0.785827638
08,Chile,8,CH08,1440,right,21,1.923460684,1.959822621,0.919293375,0.746648892,0.764015141
08,Chile,8,CH08,1441,right,21,1.843890584,1.898324574,0.965902076,0.834836607,0.81947387
08,Chile,8,CH08,1442,right,20,1.925127261,1.917685418,0.885246443,0.790599915,0.785827638
08,Chile,8,CH08,1443,right,21,1.794329417,1.94761646,0.96617664,0.801143328,0.779821224
08,Chile,8,CH08,1444,right,24,1.835909385,1.869616758,0.956545232,0.775915429,0.78521371
08,Chile,8,CH08,1445,right,22,1.88245688,1.89505733,0.935672086,0.805555556,0.782229324
08,Chile,8,CH08,1446,right,23,1.802882637,1.844518175,0.929336889,0.761137723,0.778552442
08,Chile,8,CH08,1447,right,24,1.958838095,1.987858594,0.991403054,0.805854829,0.789134596
08,Chile,8,CH08,1448,right,22,1.952179555,2.002361646,0.894432583,0.854646433,0.813241589
08,Chile,8,CH08,1449,right,24,1.854387731,1.931804153,0.935130751,0.761517785,0.765024409
08,Chile,8,CH08,1450,right,22,1.9338127,1.987858594,1.015718479,0.834836607,0.856984962
08,Chile,8,CH08,1451,right,19,1.848435796,1.965326855,0.873483032,0.781149685,0.77395514
08,Chile,8,CH08,1452,right,23,1.913443344,1.930867781,0.922461691,0.815373598,0.789898122
08,Chile,8,CH08,1453,right,22,2.00031344,1.970681127,1.000602635,0.806273626,0.80985443
08,Chile,8,CH08,1454,right,21,2.003469213,2.026088528,0.994293129,0.776412492,0.826418067
08,Chile,8,CH08,1455,right,24,1.922307019,2.004347609,0.916692971,0.815373598,0.813567675
08,Chile,8,CH08,1456,right,21,1.922219212,1.95416716,0.866526431,0.811430921,0.784998722
08,Chile,8,CH08,1457,right,25,1.925916188,1.941764026,0.985230436,0.802226118,0.788890112
08,Chile,8,CH08,1458,right,18,1.915659961,1.978679277,0.947732227,0.777405665,0.769581065
08,Chile,8,CH08,1459,right,20,1.860035448,1.871241088,0.91043759,0.801624749,0.792427753
08,Chile,8,CH08,1460,right,20,2.012846953,2.000301385,0.926113986,0.81059844,0.833796168
08,Chile,8,CH08,1461,right,24,1.927818303,1.954549635,0.891975976,0.825483865,0.807468992
08,Chile,8,CH08,1462,right,22,1.968232467,1.977606598,0.93922167,0.807468992,0.761517785
08,Chile,8,CH08,1463,right,26,1.896685299,1.933002047,0.935130751,0.800541146,0.794706639
08,Chile,8,CH08,1464,right,21,1.855323713,1.871782218,0.898306234,0.82334875,0.771927402
08,Chile,8,CH08,1465,right,21,1.986159673,2.042115408,0.913821342,0.820414915,0.820885033
08,Chile,8,CH08,1466,right,22,1.863907518,1.899086545,0.897554333,0.860018348,0.820503083
08,Chile,8,CH08,1467,right,22,1.989859032,1.928618633,0.866526431,0.797009263,0.792427753
08,Chile,8,CH08,1468,right,23,2.030023965,2.015612289,0.94722324,0.830231496,0.840306473
08,Chile,8,CH08,1469,right,20,1.997502781,1.996150327,1.004066769,0.8102414,0.820885033
08,Chile,8,CH08,1470,right,23,1.934710258,1.949423189,0.92736289,0.771083543,0.792549459
08,Chile,8,CH08,1471,right,25,1.841967254,1.927668205,0.969564821,0.800420655,0.796040549
08,Chile,8,CH08,1472,right,20,1.927818303,1.913367733,0.92556706,0.846652814,0.830579942
08,Chile,8,CH08,1473,right,23,1.986159673,1.991457935,0.957527842,0.8102414,0.826505594
08,Chile,8,CH08,1474,right,23,1.972857879,1.997744195,0.92736289,0.860466829,0.827438642
08,Chile,8,CH08,1475,right,23,1.972735653,1.989798442,0.949333749,0.808334527,0.784507099
08,Chile,8,CH08,1476,right,19,1.834516664,1.90404459,0.938091377,0.790599915,0.782229324
08,Chile,8,CH08,1477,right,21,1.879803518,1.96728892,0.920158543,0.802947166,0.782999584
08,Chile,8,CH08,1478,right,21,1.938744125,1.924062322,0.854618218,0.785674201,0.786226434
08,Chile,8,CH08,1479,right,22,1.97234448,2.01734617,0.916298327,0.770958448,0.79178849
08,Chile,8,CH08,1480,right,19,1.874446935,1.928618633,0.897796084,0.858025385,0.787207226
08,Chile,8,CH08,1481,right,20,1.917031467,1.986305352,0.956721672,0.751317002,0.759520337
08,Chile,8,CH08,1482,right,21,1.887688548,1.931566981,0.939760649,0.792427753,0.80985443
08,Chile,8,CH08,1483,right,20,1.855219738,1.9375,0.882354454,0.805555556,0.782999584
08,Chile,8,CH08,1484,right,21,1.995872477,2.001458284,0.922801441,0.850659013,0.785827638
08,Chile,8,CH08,1485,right,23,1.889093126,1.967337946,0.946586623,0.8694988,0.841654061
08,Chile,8,CH08,1486,right,24,1.905677535,1.881957257,0.818296041,0.733650237,0.757740407
08,Chile,8,CH08,1487,right,24,1.935806707,1.951833678,0.987992142,0.776101865,0.787788993
08,Chile,8,CH08,1488,right,23,1.843040379,1.891758951,1.000602635,0.771708712,0.805675278
08,Chile,8,CH08,1489,right,21,1.909974731,1.952389522,0.96275149,0.829882903,0.792427753
08,Chile,8,CH08,1490,right,21,1.943700254,1.945684129,0.928610114,0.82519171,0.796797457
08,Ribeirao_Preto,8,RP08,161,left,19,1.798479516,1.900002149,0.990628643,0.816758492,0.771696991
08,Ribeirao_Preto,8,RP08,162,left,24,1.908889719,1.989999728,0.887361846,0.81788127,0.77354458
08,Ribeirao_Preto,8,RP08,163,left,23,1.906644971,1.952407581,0.956272571,0.821891964,0.804843091
08,Ribeirao_Preto,8,RP08,164,left,20,1.833682214,1.932460428,0.94449791,0.833716583,0.806330291
08,Ribeirao_Preto,8,RP08,165,left,20,1.893766801,2.019789306,0.983811955,0.855775029,0.822883839
08,Ribeirao_Preto,8,RP08,166,left,22,1.849641118,1.988423541,0.965081927,0.879484545,0.822883839
08,Ribeirao_Preto,8,RP08,167,left,23,1.849847828,1.989999728,1.059366931,0.820091133,0.791557989
08,Ribeirao_Preto,8,RP08,168,left,21,1.852615527,1.932539572,0.851594666,0.77040766,0.772852251
08,Ribeirao_Preto,8,RP08,169,left,21,1.88809148,1.955942581,0.910164965,0.791751185,0.774104582
08,Ribeirao_Preto,8,RP08,170,left,24,1.833779521,1.948421404,0.942742009,0.822945791,0.793166521
08,Ribeirao_Preto,8,RP08,171,left,20,1.906631602,1.974413634,1.002522598,0.811121287,0.781706875
08,Ribeirao_Preto,8,RP08,172,left,19,1.91954298,2.03744399,1.034754019,0.877424282,0.845436126
08,Ribeirao_Preto,8,RP08,173,left,18,1.925522776,1.984972071,1.009616963,0.81788127,0.792684304
08,Ribeirao_Preto,8,RP08,174,left,23,2.015708754,2.119852463,1.051444874,0.849946755,0.819624757
08,Ribeirao_Preto,8,RP08,175,left,20,1.91841388,1.981990512,0.961191359,0.838168632,0.799759553
08,Ribeirao_Preto,8,RP08,176,left,21,1.917031488,2.012253413,0.936094013,0.852043543,0.841355885
08,Ribeirao_Preto,8,RP08,177,left,24,1.996751665,2.029169817,0.89054478,0.776307717,0.790591299
08,Ribeirao_Preto,8,RP08,178,left,22,1.94548865,2.072093063,0.953523006,0.867490415,0.809138988
08,Ribeirao_Preto,8,RP08,179,left,22,1.881708297,1.955616741,0.993480784,0.810146476,0.784928544
08,Ribeirao_Preto,8,RP08,180,left,18,1.94475477,2.028968812,0.966902714,0.828533311,0.805318028
08,Ribeirao_Preto,8,RP08,181,left,24,1.878834216,1.954912743,0.951033561,0.825420078,0.786583041
08,Ribeirao_Preto,8,RP08,182,left,20,1.850853491,2.046183066,1.002675147,0.86746103,0.795124524
08,Ribeirao_Preto,8,RP08,183,left,23,1.832027197,1.967636865,0.941768102,0.821891964,0.788169385
08,Ribeirao_Preto,8,RP08,184,left,22,1.918586608,1.966353898,0.923620791,0.802654764,0.77565072
08,Ribeirao_Preto,8,RP08,185,left,22,1.897639429,2.010796089,0.964447805,0.838563902,0.819158115
08,Ribeirao_Preto,8,RP08,186,left,22,1.955851351,2.003748017,1.007038375,0.844168831,0.799600172
08,Ribeirao_Preto,8,RP08,187,left,27,1.825769127,1.912185247,0.939301779,0.781706875,0.778570102
08,Ribeirao_Preto,8,RP08,188,left,22,1.94774098,1.966237223,0.995761735,0.830039485,0.811121287
08,Ribeirao_Preto,8,RP08,189,left,24,2.056682913,2.072093063,0.939464593,0.820153297,0.851385109
08,Ribeirao_Preto,8,RP08,190,left,20,1.903527339,2.005159614,0.949397154,0.816383889,0.795413002
08,Ribeirao_Preto,8,RP08,191,left,23,1.792730046,1.884036877,0.970901675,0.755439077,0.7312634
08,Ribeirao_Preto,8,RP08,192,left,21,1.937624344,1.991741052,0.926569155,0.80882389,0.80074701
08,Ribeirao_Preto,8,RP08,193,left,22,1.8807869,2.007446579,0.978433835,0.858392267,0.818161724
08,Ribeirao_Preto,8,RP08,194,left,22,1.895098909,1.9730188,0.966480808,0.826839439,0.824833107
08,Ribeirao_Preto,8,RP08,195,left,19,1.83636323,1.923933514,0.889628345,0.800205652,0.781021783
08,Ribeirao_Preto,8,RP08,196,left,23,1.916499533,1.991933016,0.971951299,0.809989139,0.790591299
08,Ribeirao_Preto,8,RP08,197,left,23,1.871343673,1.945016902,0.970455242,0.866196531,0.808382547
08,Ribeirao_Preto,8,RP08,198,left,23,1.974310347,2.032182505,0.921327245,0.930001667,0.857916999
08,Ribeirao_Preto,8,RP08,199,left,20,2.005274024,2.042280073,1.003742336,0.835640582,0.851145552
08,Ribeirao_Preto,8,RP08,200,left,24,1.93228894,1.997019735,0.93494961,0.841749658,0.790591299
08,Ribeirao_Preto,8,RP08,201,left,17,1.922183808,2.045871599,0.991965802,0.849946755,0.777193783
08,Ribeirao_Preto,8,RP08,202,left,19,1.732466631,1.828838117,0.89764382,0.770672314,0.748183222
08,Ribeirao_Preto,8,RP08,203,left,23,1.978940056,2.004396712,0.851325226,0.795380954,0.793969565
08,Ribeirao_Preto,8,RP08,204,left,20,1.831178247,1.975562341,0.962039625,0.865401598,0.81074408
08,Ribeirao_Preto,8,RP08,205,left,22,1.793938253,1.971118689,1.047680377,0.815415369,0.80544463
08,Ribeirao_Preto,8,RP08,206,left,21,1.905454718,1.99126746,0.980307832,0.792845076,0.808855405
08,Ribeirao_Preto,8,RP08,207,left,24,1.857603461,1.968517611,0.993737332,0.832982462,0.807214979
08,Ribeirao_Preto,8,RP08,208,left,22,1.940030344,1.968944889,0.882869137,0.806867539,0.814101343
08,Ribeirao_Preto,8,RP08,209,left,18,1.811078179,1.866843113,0.936910588,0.831604238,0.790365567
08,Ribeirao_Preto,8,RP08,210,left,23,1.760374243,1.952015859,1.030804939,0.809989139,0.766526656
08,Ribeirao_Preto,8,RP08,211,left,19,1.974529826,2.104937336,0.977678015,0.821116228,0.793455711
08,Ribeirao_Preto,8,RP08,212,left,19,1.947898022,1.982916303,0.926844223,0.856489615,0.806298677
08,Ribeirao_Preto,8,RP08,213,left,20,1.875085888,1.910598232,0.878034159,0.792137437,0.763227315
08,Ribeirao_Preto,8,RP08,214,left,21,2.059160248,2.04369,0.991246018,0.78405122,0.777783932
08,Ribeirao_Preto,8,RP08,215,left,21,1.83507183,1.982607754,0.998037472,0.854105339,0.820960993
08,Ribeirao_Preto,8,RP08,216,left,19,1.878847783,1.985857965,0.957338234,0.80544463,0.7969178
08,Ribeirao_Preto,8,RP08,217,left,24,1.840231992,1.987192478,1.065054429,0.789235943,0.799759553
08,Ribeirao_Preto,8,RP08,218,left,18,1.973496771,2.062351615,0.971479109,0.838563902,0.798834699
08,Ribeirao_Preto,8,RP08,219,left,22,2.039994672,2.064501147,0.980385837,0.7829776,0.788654363
08,Ribeirao_Preto,8,RP08,220,left,19,1.928340489,1.980794058,0.979865683,0.794611416,0.788040008
08,Ribeirao_Preto,8,RP08,221,left,23,1.904919531,1.9498992,0.999466741,0.772621338,0.781543812
08,Ribeirao_Preto,8,RP08,222,left,23,1.775412994,1.899894816,0.94449791,0.824214791,0.798196244
08,Ribeirao_Preto,8,RP08,223,left,21,1.929054185,2.028327976,0.954378088,0.813913452,0.803828956
08,Ribeirao_Preto,8,RP08,224,left,21,1.852106361,1.953477887,0.90747233,0.850246613,0.798451687
08,Ribeirao_Preto,8,RP08,225,left,19,1.874813978,1.955942581,0.944335963,0.849946755,0.817382448
08,Ribeirao_Preto,8,RP08,226,left,20,1.999354261,2.032182505,1.051178161,0.812628366,0.802273576
08,Ribeirao_Preto,8,RP08,227,left,23,2.039344801,2.0472417,1.007392689,0.857560376,0.822604995
08,Ribeirao_Preto,8,RP08,228,left,20,1.894883683,1.972127139,0.986916287,0.811121287,0.782814802
08,Ribeirao_Preto,8,RP08,229,left,21,1.861551322,1.92986008,0.923620791,0.771663958,0.7829776
08,Ribeirao_Preto,8,RP08,230,left,21,2.001698798,2.055790342,1.002522598,0.830039485,0.824833107
08,Ribeirao_Preto,8,RP08,231,left,23,1.815562532,1.920923564,0.944146991,0.810083545,0.795861537
08,Ribeirao_Preto,8,RP08,232,left,25,1.957232372,1.994452436,0.930960502,0.863455349,0.808382547
08,Ribeirao_Preto,8,RP08,233,left,22,1.892393345,2.02488158,1.032954124,0.831021635,0.825203874
08,Ribeirao_Preto,8,RP08,234,left,20,1.986461173,2.086216787,1.016310741,0.841113472,0.80544463
08,Ribeirao_Preto,8,RP08,235,left,21,1.865777758,1.951023145,1.041016903,0.835427023,0.799313206
08,Ribeirao_Preto,8,RP08,236,left,24,1.976903804,1.966237223,0.962039625,0.801128924,0.788557391
08,Ribeirao_Preto,8,RP08,237,left,20,1.844382896,1.942879499,1.002675147,0.792684304,0.772258333
08,Ribeirao_Preto,8,RP08,238,left,21,2.035741759,2.0472417,0.939681634,0.822604995,0.819375915
08,Ribeirao_Preto,8,RP08,239,left,21,1.959887448,2.004358559,0.93666569,0.80544463,0.806614761
08,Ribeirao_Preto,8,RP08,240,left,21,1.808413528,1.975076543,1.019275606,0.790613942,0.807272982
08,Ribeirao_Preto,8,RP08,161,right,20,1.786629467,1.814376898,0.84509589,0.72093739,0.78276768
08,Ribeirao_Preto,8,RP08,162,right,24,1.907800236,1.929778301,0.854600414,0.741513357,0.759504514
08,Ribeirao_Preto,8,RP08,163,right,25,1.849766466,1.902700121,0.856967109,0.751558052,0.772941431
08,Ribeirao_Preto,8,RP08,164,right,20,1.846570137,1.843381346,0.853584108,0.751558052,0.790125834
08,Ribeirao_Preto,8,RP08,165,right,21,1.90034313,1.92950611,0.913926882,0.785827638,0.824285371
08,Ribeirao_Preto,8,RP08,166,right,21,1.906839471,1.874819475,0.884982827,0.7753086,0.791771994
08,Ribeirao_Preto,8,RP08,167,right,23,1.848488598,1.882635401,0.952281021,0.763399353,0.759218741
08,Ribeirao_Preto,8,RP08,168,right,22,1.884414788,1.904372134,0.813550726,0.722907943,0.770848555
08,Ribeirao_Preto,8,RP08,169,right,21,1.84402216,1.870067824,0.797657954,0.7265344,0.755908641
08,Ribeirao_Preto,8,RP08,170,right,25,1.802443806,1.833623912,0.834039023,0.75312844,0.777823575
08,Ribeirao_Preto,8,RP08,171,right,23,1.868881478,1.88353254,0.91419068,0.714299493,0.753496223
08,Ribeirao_Preto,8,RP08,172,right,21,1.895424965,1.901394422,0.947788805,0.824268199,0.826925864
08,Ribeirao_Preto,8,RP08,173,right,20,1.915242409,1.901292971,0.905665555,0.747923975,0.795539176
08,Ribeirao_Preto,8,RP08,174,right,20,1.999403678,2.046672585,0.955617402,0.77658263,0.785811267
08,Ribeirao_Preto,8,RP08,175,right,18,1.902510026,1.901292971,0.918592016,0.789698491,0.792532948
08,Ribeirao_Preto,8,RP08,176,right,24,1.873172571,1.880674849,0.88195341,0.78196639,0.794963105
08,Ribeirao_Preto,8,RP08,177,right,22,1.968191463,1.951533573,0.834039023,0.7265344,0.751140867
08,Ribeirao_Preto,8,RP08,178,right,22,1.919090883,1.956284554,0.872498139,0.761343587,0.760773316
08,Ribeirao_Preto,8,RP08,179,right,21,1.829622029,1.867332409,0.876331011,0.718525325,0.738189191
08,Ribeirao_Preto,8,RP08,180,right,22,1.888083467,1.918864715,0.88637125,0.772348505,0.825320606
08,Ribeirao_Preto,8,RP08,181,right,23,1.83413668,1.867190368,0.866953484,0.748761696,0.75235968
08,Ribeirao_Preto,8,RP08,182,right,20,1.805571357,1.869655188,0.898716885,0.739918318,0.758583305
08,Ribeirao_Preto,8,RP08,183,right,21,1.820890213,1.852931257,0.868731624,0.743072525,0.750273665
08,Ribeirao_Preto,8,RP08,184,right,21,1.826364042,1.818306252,0.874540752,0.708182401,0.749083647
08,Ribeirao_Preto,8,RP08,185,right,22,1.902700121,1.899554782,0.883319298,0.778164487,0.813165346
08,Ribeirao_Preto,8,RP08,186,right,22,1.923683847,1.912420316,0.92910994,0.75466361,0.760012289
08,Ribeirao_Preto,8,RP08,187,right,25,1.743696941,1.757141133,0.846635176,0.720602864,0.741188118
08,Ribeirao_Preto,8,RP08,188,right,21,1.888555914,1.887023223,0.920637121,0.765323587,0.787772581
08,Ribeirao_Preto,8,RP08,189,right,22,1.984174931,1.953126748,0.907606963,0.787527684,0.809837558
08,Ribeirao_Preto,8,RP08,190,right,19,1.860994602,1.877787966,0.860028468,0.744336944,0.777668565
08,Ribeirao_Preto,8,RP08,191,right,22,1.729256138,1.785873553,0.864446786,0.689691688,0.713676739
08,Ribeirao_Preto,8,RP08,192,right,21,1.917645467,1.877017381,0.806794952,0.76150192,0.783260374
08,Ribeirao_Preto,8,RP08,193,right,22,1.805731599,1.902598739,0.841407308,0.736554219,0.780392239
08,Ribeirao_Preto,8,RP08,194,right,20,1.81407122,1.860916863,0.882035423,0.758169986,0.808884247
08,Ribeirao_Preto,8,RP08,195,right,22,1.778228946,1.807453295,0.797657954,0.721806432,0.746956206
08,Ribeirao_Preto,8,RP08,196,right,23,1.882725051,1.88385171,0.866230072,0.732944442,0.769565032
08,Ribeirao_Preto,8,RP08,197,right,23,1.840711067,1.864515392,0.83980102,0.748858296,0.795054091
08,Ribeirao_Preto,8,RP08,198,right,20,1.912521177,1.904372134,0.84289612,0.801608048,0.801457639
08,Ribeirao_Preto,8,RP08,199,right,24,1.951397661,1.908065625,0.884737585,0.739233676,0.788873677
08,Ribeirao_Preto,8,RP08,200,right,23,1.923621175,1.925713301,0.852679708,0.7753086,0.769815644
08,Ribeirao_Preto,8,RP08,201,right,19,1.902852183,1.940431707,0.908430141,0.739364133,0.756291315
08,Ribeirao_Preto,8,RP08,202,right,19,1.695319627,1.710610944,0.812008111,0.680151535,0.751654292
08,Ribeirao_Preto,8,RP08,203,right,22,1.873172571,1.857142588,0.784214088,0.736095776,0.770942387
08,Ribeirao_Preto,8,RP08,204,right,19,1.827670572,1.868236055,0.856967109,0.787925603,0.804969858
08,Ribeirao_Preto,8,RP08,205,right,21,1.778839012,1.849688255,0.910021274,0.730473002,0.783260374
08,Ribeirao_Preto,8,RP08,206,right,21,1.857051703,1.888555914,0.908828185,0.706307321,0.756450705
08,Ribeirao_Preto,8,RP08,207,right,23,1.827024022,1.889768413,0.916673874,0.749373285,0.770942387
08,Ribeirao_Preto,8,RP08,208,right,20,1.889666338,1.861707064,0.795539176,0.758169986,0.791771994
08,Ribeirao_Preto,8,RP08,209,right,19,1.786629467,1.788949205,0.821807342,0.733930687,0.758583305
08,Ribeirao_Preto,8,RP08,210,right,23,1.744692265,1.828923436,0.915410439,0.739624978,0.739364133
08,Ribeirao_Preto,8,RP08,211,right,21,1.904562043,1.956765179,0.926485147,0.740797642,0.783260374
08,Ribeirao_Preto,8,RP08,212,right,21,1.937658746,1.861305528,0.810581552,0.759821913,0.771411378
08,Ribeirao_Preto,8,RP08,213,right,22,1.855428014,1.815638935,0.761248572,0.687520749,0.702336194
08,Ribeirao_Preto,8,RP08,214,right,20,1.988120401,1.939760592,0.888273395,0.731297743,0.762735788
08,Ribeirao_Preto,8,RP08,215,right,22,1.776234601,1.865071379,0.850187646,0.748858296,0.786210055
08,Ribeirao_Preto,8,RP08,216,right,21,1.83413668,1.882981169,0.854459333,0.760868391,0.773596241
08,Ribeirao_Preto,8,RP08,217,right,23,1.791629341,1.885297456,0.933795319,0.723608032,0.784337064
08,Ribeirao_Preto,8,RP08,218,right,20,1.910301011,1.923082116,0.899253305,0.756291315,0.791771994
08,Ribeirao_Preto,8,RP08,219,right,21,1.945903822,1.923508362,0.869813395,0.719564844,0.768593141
08,Ribeirao_Preto,8,RP08,220,right,20,1.861124161,1.851421167,0.893739744,0.742650573,0.809837558
08,Ribeirao_Preto,8,RP08,221,right,24,1.834174891,1.849492131,0.845113496,0.727842713,0.784230426
08,Ribeirao_Preto,8,RP08,222,right,22,1.722690291,1.808720162,0.817247022,0.717719502,0.743429374
08,Ribeirao_Preto,8,RP08,223,right,23,1.886524831,1.909164701,0.839427692,0.761248572,0.750402203
08,Ribeirao_Preto,8,RP08,224,right,22,1.795984422,1.858090119,0.825320606,0.770410519,0.781503734
08,Ribeirao_Preto,8,RP08,225,right,20,1.845472978,1.824699832,0.877568282,0.755238495,0.789973238
08,Ribeirao_Preto,8,RP08,226,right,21,1.937571638,1.914864692,0.920453772,0.696648609,0.775184193
08,Ribeirao_Preto,8,RP08,227,right,21,1.979174166,1.898856522,0.869480686,0.780392239,0.811889326
08,Ribeirao_Preto,8,RP08,228,right,19,1.839820113,1.847157633,0.903346374,0.720903944,0.743429374
08,Ribeirao_Preto,8,RP08,229,right,21,1.805050475,1.843381346,0.850272723,0.726102838,0.776551581
08,Ribeirao_Preto,8,RP08,230,right,22,1.972474534,1.927915719,0.893038031,0.764661693,0.799409258
08,Ribeirao_Preto,8,RP08,231,right,25,1.735269217,1.804088451,0.874127095,0.719330245,0.740992906
08,Ribeirao_Preto,8,RP08,232,right,24,1.849388414,1.872284186,0.85188757,0.776178896,0.780886432
08,Ribeirao_Preto,8,RP08,233,right,20,1.825809474,1.908166716,0.961127214,0.782243853,0.811978416
08,Ribeirao_Preto,8,RP08,234,right,19,1.949864903,1.975991928,0.906942565,0.753224479,0.757183469
08,Ribeirao_Preto,8,RP08,235,right,20,1.832729513,1.851212782,0.925156927,0.751558052,0.769188962
08,Ribeirao_Preto,8,RP08,236,right,22,1.914071242,1.879597598,0.878392161,0.744434118,0.765890471
08,Ribeirao_Preto,8,RP08,237,right,22,1.785022767,1.838679587,0.89041522,0.72782755,0.771692635
08,Ribeirao_Preto,8,RP08,238,right,21,1.996108741,1.920258988,0.898045911,0.732450821,0.775059765
08,Ribeirao_Preto,8,RP08,239,right,20,1.91094462,1.878263003,0.815652277,0.726766673,0.789973238
08,Ribeirao_Preto,8,RP08,240,right,23,1.840449067,1.892076392,0.939433127,0.743332068,0.769846964
10,Chile,10,CH10,1491,left,21,1.939788573,1.925415319,0.901735509,0.76240386,0.736405863
10,Chile,10,CH10,1492,left,21,1.88491463,1.92441319,0.908767523,0.78336904,0.779295394
10,Chile,10,CH10,1493,left,23,1.878058206,1.968820423,0.95926384,0.7895928,0.80105303
10,Chile,10,CH10,1494,left,25,1.833149191,1.889922613,0.912289634,0.771083543,0.766095298
10,Chile,10,CH10,1495,left,19,1.795753307,1.805608974,0.891759687,0.72318979,0.758090366
10,Chile,10,CH10,1496,left,21,2.052609093,1.951697781,0.919319604,0.736635034,0.708469486
10,Chile,10,CH10,1497,left,20,1.945659343,1.923924463,0.934821276,0.726814991,0.722522641
10,Chile,10,CH10,1498,left,19,1.896736151,1.945237933,0.882053799,0.756275188,0.756976299
10,Chile,10,CH10,1499,left,22,1.906702157,1.902828466,0.979388273,0.780779179,0.729695575
10,Chile,10,CH10,1500,left,23,2.01867248,2.027789669,0.990746149,0.785919686,0.769204987
10,Chile,10,CH10,1501,left,26,1.940472133,1.896036823,0.956545232,0.780902701,0.757453957
10,Chile,10,CH10,1502,left,20,1.953179783,1.937512445,0.888481895,0.805375938,0.764015141
10,Chile,10,CH10,1503,left,22,1.938731687,1.989616662,0.973139448,0.787207226,0.756976299
10,Chile,10,CH10,1504,left,21,1.757287516,1.798664735,0.879096451,0.737158584,0.730356173
10,Chile,10,CH10,1505,left,22,1.926028866,1.861162935,0.959967407,0.841424837,0.773362966
10,Chile,10,CH10,1506,left,22,1.842687102,1.826507706,0.916692971,0.707140881,0.728736646
10,Chile,10,CH10,1507,left,23,2.063341579,2.048611111,0.988187368,0.793157709,0.784752949
10,Chile,10,CH10,1508,left,22,1.967239892,1.932066255,0.909907742,0.771708712,0.752599661
10,Chile,10,CH10,1509,left,21,1.993938538,1.944642847,0.917350334,0.78573558,0.75
10,Chile,10,CH10,1510,left,23,2.042009136,1.965326855,0.972073401,0.766598729,0.757453957
10,Chile,10,CH10,1511,left,22,1.959970258,1.888901654,0.904512223,0.732070936,0.706322036
10,Chile,10,CH10,1512,left,21,1.943563789,1.925728378,0.999252228,0.790721902,0.743088006
10,Chile,10,CH10,1513,left,23,2.025171937,1.979361589,0.972668548,0.70066657,0.723856324
10,Chile,10,CH10,1514,left,21,1.957951598,1.912561021,0.872516316,0.771114813,0.766441442
10,Chile,10,CH10,1515,left,20,1.862820525,1.911539539,0.922383269,0.75208686,0.744643941
10,Chile,10,CH10,1516,left,22,1.923799128,1.937811106,0.900638491,0.78573558,0.763888889
10,Chile,10,CH10,1517,left,20,1.908155923,1.924062322,0.876239202,0.737616385,0.729464225
10,Chile,10,CH10,1518,left,21,1.844688111,1.868055556,0.898440435,0.737158584,0.731840336
10,Chile,10,CH10,1519,left,23,1.918603088,1.916779888,0.953515466,0.766032346,0.757231087
10,Chile,10,CH10,1520,left,23,1.809291008,1.875,0.879562619,0.751445367,0.743055556
10,Chile,10,CH10,1521,left,23,1.842687102,1.909835855,0.84328548,0.76703896,0.764393773
10,Chile,10,CH10,1522,left,23,1.906689511,1.979361589,0.897554333,0.741886411,0.773362966
10,Chile,10,CH10,1523,left,19,1.901573524,1.944890822,0.925671261,0.805316056,0.765024409
10,Chile,10,CH10,1524,left,22,1.905184002,1.835909385,0.907041215,0.729133597,0.722222222
10,Chile,10,CH10,1525,left,23,1.965964741,1.923811662,0.934821276,0.805854829,0.798611111
10,Chile,10,CH10,1526,left,23,1.953179783,1.958345646,1.003297995,0.815373598,0.785827638
10,Chile,10,CH10,1527,left,22,1.877056485,1.854803782,0.941631841,0.703585669,0.723056409
10,Chile,10,CH10,1528,left,23,1.951685426,1.951586585,0.920027509,0.733650237,0.736405863
10,Chile,10,CH10,1529,left,21,1.99403528,1.963755791,0.936341877,0.711220966,0.747842834
10,Chile,10,CH10,1530,left,22,1.854582766,1.895846052,0.926113986,0.849864958,0.784845123
10,Chile,10,CH10,1531,left,20,1.954697669,1.911249389,0.875358172,0.700012401,0.762751679
10,Chile,10,CH10,1532,left,20,1.927367972,1.909924232,0.926816701,0.772208483,0.757071855
10,Chile,10,CH10,1533,left,23,1.882187869,1.910176714,0.951059351,0.775853274,0.743088006
10,Chile,10,CH10,1534,left,22,1.917773432,1.861111111,0.872958377,0.718003168,0.702625423
10,Chile,10,CH10,1535,left,24,2.01575584,1.986414604,1.021801317,0.770958448,0.758503746
10,Chile,10,CH10,1536,left,21,1.947542175,1.916716988,0.960494745,0.736569564,0.737289413
10,Chile,10,CH10,1537,left,22,1.902017285,1.987094259,0.954021095,0.745129504,0.74386638
10,Chile,10,CH10,1538,left,21,1.992619968,1.944642847,0.897876653,0.739770777,0.754615428
10,Chile,10,CH10,1539,left,25,1.88071403,1.920738429,0.895860249,0.762561979,0.755413845
10,Chile,10,CH10,1540,left,21,1.934298929,1.881957257,0.931824384,0.751445367,0.722756213
10,Chile,10,CH10,1541,left,21,2.01867248,2.020940719,0.975490538,0.805854829,0.792427753
10,Chile,10,CH10,1542,left,24,1.906689511,1.889093126,0.947350513,0.741496287,0.729199735
10,Chile,10,CH10,1543,left,21,1.955450005,1.95893657,0.972470206,0.825483865,0.786226434
10,Chile,10,CH10,1544,left,22,1.961433716,1.888888889,0.944444444,0.737616385,0.75012859
10,Chile,10,CH10,1545,left,21,1.90273976,1.881944444,0.876871895,0.72734561,0.72929893
10,Chile,10,CH10,1546,left,22,2.017441789,1.930605515,0.932212455,0.780779179,0.736111111
10,Chile,10,CH10,1547,left,21,1.922557875,1.945051988,0.955258756,0.810360431,0.784845123
10,Chile,10,CH10,1548,left,23,1.951104665,1.931167469,0.932858882,0.780779179,0.722255608
10,Chile,10,CH10,1549,left,19,1.996573067,1.980384615,0.978772576,0.788676125,0.771333671
10,Chile,10,CH10,1550,left,23,1.951685426,1.916779888,0.932858882,0.732992608,0.722355757
10,Chile,10,CH10,1551,left,23,1.888135573,1.86507145,0.896075549,0.762909726,0.754615428
10,Chile,10,CH10,1552,left,22,2.034437788,2.023170661,1.03199211,0.802947166,0.771114813
10,Chile,10,CH10,1553,left,22,1.970864654,1.903588635,0.943269285,0.767604599,0.764015141
10,Chile,10,CH10,1554,left,23,1.966761807,1.923811662,0.937294216,0.8102414,0.771114813
10,Chile,10,CH10,1555,left,22,1.87269663,1.923611111,0.953844155,0.756211419,0.758090366
10,Chile,10,CH10,1556,left,23,1.816898133,1.87505144,0.926816701,0.761264431,0.782229324
10,Chile,10,CH10,1557,left,21,1.846242953,1.861318396,0.953515466,0.742276331,0.756944444
10,Chile,10,CH10,1558,left,21,1.935806707,1.986159673,0.922461691,0.820062149,0.784845123
10,Chile,10,CH10,1559,left,24,1.83450352,1.902828466,0.911311165,0.742276331,
10,Chile,10,CH10,1560,left,21,1.993914352,1.923723924,0.941196417,0.709557765,0.715816949
10,Chile,10,CH10,1561,left,23,1.948915989,1.930568046,0.90528498,0.75208686,0.764677623
10,Chile,10,CH10,1562,left,21,1.888748463,1.906436567,0.870136395,0.825892708,0.782229324
10,Chile,10,CH10,1563,left,22,1.836933544,1.864424911,0.934924446,0.719345231,0.714974315
10,Chile,10,CH10,1564,left,21,1.907182655,1.868107186,0.84328548,0.75208686,0.750289296
10,Chile,10,CH10,1565,left,21,1.916389875,1.906879197,0.907041215,0.771333671,0.740064072
10,Chile,10,CH10,1566,left,23,1.918603088,1.945237933,0.906934873,0.731807388,0.736635034
10,Chile,10,CH10,1567,left,21,1.862004864,1.903233927,0.91952941,0.684688415,0.718003168
10,Chile,10,CH10,1568,left,21,1.885132089,1.909924232,0.867416431,0.72265612,
10,Chile,10,CH10,1569,left,22,1.952093092,1.878289296,0.910040233,0.766284124,0.737289413
10,Chile,10,CH10,1570,left,22,1.894917361,1.861940114,0.903792165,0.7464551,0.75003215
10,Chile,10,CH10,1571,left,23,1.816061847,1.80556891,0.86136309,0.741496287,0.737289413
10,Chile,10,CH10,1572,left,21,2.019926295,1.965719424,0.980249598,0.766598729,0.758980442
10,Chile,10,CH10,1573,left,22,1.790387679,1.805088081,0.899513329,0.749549762,0.737714449
10,Chile,10,CH10,1574,left,21,1.817614644,1.84029088,0.891759687,0.699012752,0.716120054
10,Chile,10,CH10,1575,left,22,1.9822223,1.948458159,0.95118611,0.812737382,0.759234558
10,Chile,10,CH10,1576,left,22,2.012787055,1.955388349,0.963877882,0.776101865,0.759520337
10,Chile,10,CH10,1577,left,22,1.834871514,1.923623646,0.951059351,0.776847162,0.81059844
10,Chile,10,CH10,1578,left,23,1.96065908,1.862406266,0.938091377,0.741626351,0.722756213
10,Chile,10,CH10,1579,left,23,1.894828285,1.895846052,0.894432583,0.748004031,0.795343557
10,Chile,10,CH10,1580,left,20,1.739274895,1.832767695,0.882026462,0.810152116,0.786686333
10,Chile,10,CH10,1581,left,23,1.936952332,1.945237933,0.956545232,0.815136984,0.787207226
10,Chile,10,CH10,1582,left,20,1.876285568,1.855219738,0.978772576,0.772832742,0.74386638
10,Chile,10,CH10,1583,left,20,1.886436316,1.924225233,0.820267948,0.746971767,0.765024409
10,Chile,10,CH10,1584,left,23,1.839229261,1.861940114,0.863376277,0.746390491,0.757231087
10,Chile,10,CH10,1585,left,22,1.9049182,1.862406266,0.860354731,0.697355012,0.730356173
10,Chile,10,CH10,1586,left,19,1.883020398,1.869616758,0.888237609,0.766284124,0.763920454
10,Chile,10,CH10,1587,left,21,1.894828285,1.862678134,0.919608075,0.738922827,
10,Chile,10,CH10,1588,left,23,2.025171937,2.020845265,0.969365844,0.800541146,0.777777778
10,Chile,10,CH10,1589,left,22,1.945349492,1.931804153,0.941426961,0.766598729,0.75003215
10,Chile,10,CH10,1590,left,19,1.955450005,1.931354751,0.854053741,0.751317002,0.730356173
10,Chile,10,CH10,1491,right,20,1.902131378,1.8930204,0.919608075,0.782629954,0.751156516
10,Chile,10,CH10,1492,right,19,1.842530068,1.909633836,0.889973297,0.83200125,0.786686333
10,Chile,10,CH10,1493,right,22,1.863144101,1.945944362,0.950374561,0.832319986,0.767698832
10,Chile,10,CH10,1494,right,25,1.865834078,1.850560893,0.929336889,0.746971767,
10,Chile,10,CH10,1495,right,19,1.78196393,1.806970599,0.877201815,0.732070936,0.75012859
10,Chile,10,CH10,1496,right,23,2.014798645,1.942471718,0.957527842,0.751445367,0.750514227
10,Chile,10,CH10,1497,right,25,1.87998309,1.898172143,0.896371501,0.72734561,0.739379536
10,Chile,10,CH10,1498,right,19,1.851824363,1.923899397,0.911866641,0.769110939,0.749388897
10,Chile,10,CH10,1499,right,22,1.888710163,1.908016915,1.005890253,0.830783135,0.784722222
10,Chile,10,CH10,1500,right,22,2.016628883,1.996548913,0.994899221,0.79096582,0.760123294
10,Chile,10,CH10,1501,right,22,1.888748463,1.892154041,0.96670059,0.806273626,0.771333671
10,Chile,10,CH10,1502,right,22,1.912750125,1.923423075,0.887286968,0.840392554,0.787207226
10,Chile,10,CH10,1503,right,22,1.955733597,1.960745166,0.947732227,0.805375938,0.777777778
10,Chile,10,CH10,1504,right,22,1.768107925,1.773826447,0.911866641,0.771708712,0.729695575
10,Chile,10,CH10,1505,right,20,1.842844123,1.85893322,0.906562579,0.804177461,0.777684766
10,Chile,10,CH10,1506,right,24,1.840919699,1.834648098,0.897554333,0.726814991,0.764078259
10,Chile,10,CH10,1507,right,23,1.999577984,2.01083341,0.993929297,0.805316056,0.806303532
10,Chile,10,CH10,1508,right,19,1.912561021,1.893491635,0.882272467,0.792427753,0.74851963
10,Chile,10,CH10,1509,right,22,1.908711854,1.914111118,0.901441318,0.804177461,0.750417836
10,Chile,10,CH10,1510,right,22,1.970619948,1.945944362,0.981429615,0.785919686,0.770958448
10,Chile,10,CH10,1511,right,23,1.965621289,1.869345899,0.888563308,0.756785151,0.736635034
10,Chile,10,CH10,1512,right,22,1.933002047,1.90091403,0.979388273,0.803787571,0.76703896
10,Chile,10,CH10,1513,right,23,2.012140045,1.974201862,0.91300299,0.702350826,0.726117965
10,Chile,10,CH10,1514,right,23,1.892166784,1.873520507,0.870828903,0.814515544,0.768295371
10,Chile,10,CH10,1515,right,20,1.832517706,1.888710163,0.917350334,0.818914612,0.781520015
10,Chile,10,CH10,1516,right,22,1.936989678,1.952883473,0.909960741,0.815196144,0.798611111
10,Chile,10,CH10,1517,right,20,1.914954952,1.890585941,0.932367639,0.776567759,0.73246608
10,Chile,10,CH10,1518,right,22,1.862561624,1.833977686,0.899084325,0.768295371,0.747713851
10,Chile,10,CH10,1519,right,24,1.921554255,1.883020398,0.93922167,0.794008476,0.770864614
10,Chile,10,CH10,1520,right,22,1.791962723,1.824222416,0.889132996,0.748004031,0.737583695
10,Chile,10,CH10,1521,right,21,1.861124067,1.89451012,0.904645504,0.77889305,0.771333671
10,Chile,10,CH10,1522,right,23,1.928155983,1.932727595,0.936470628,0.758503746,0.764393773
10,Chile,10,CH10,1523,right,21,1.91104752,1.916981154,0.923715533,0.766598729,0.758980442
10,Chile,10,CH10,1524,right,24,1.917371046,1.829357009,0.961097062,0.720216231,0.697251272
10,Chile,10,CH10,1525,right,24,1.978374598,1.940298159,0.969564821,0.795737584,0.78521371
10,Chile,10,CH10,1526,right,23,1.970619948,1.95893657,0.965902076,0.8102414,0.778552442
10,Chile,10,CH10,1527,right,22,1.849100966,1.824433892,0.942860191,0.745129504,0.713691607
10,Chile,10,CH10,1528,right,24,1.917685418,1.918238586,0.970236066,0.756466465,0.736929576
10,Chile,10,CH10,1529,right,20,1.968232467,1.944655247,0.972321424,0.73246608,0.737714449
10,Chile,10,CH10,1530,right,22,1.80515487,1.86795229,0.938528243,0.840536003,0.796040549
10,Chile,10,CH10,1531,right,20,1.910542753,1.898172143,0.899084325,0.736635034,0.777777778
10,Chile,10,CH10,1532,right,23,1.886602476,1.862937019,0.901842464,0.771708712,0.771114813
10,Chile,10,CH10,1533,right,22,1.842844123,1.905778757,0.931099551,0.805675278,0.776940273
10,Chile,10,CH10,1534,right,23,1.855674585,1.862937019,0.897527468,0.73820457,0.737289413
10,Chile,10,CH10,1535,right,22,1.943762281,1.952179555,0.945592644,0.798460131,0.764393773
10,Chile,10,CH10,1536,right,22,1.902131378,1.843629024,0.96287671,0.737158584,0.764172927
10,Chile,10,CH10,1537,right,21,1.887062536,1.950437194,0.963877882,0.753240172,0.772832742
10,Chile,10,CH10,1538,right,21,1.946278897,1.874292562,0.892705565,0.782044349,0.730356173
10,Chile,10,CH10,1539,right,24,1.856454061,1.903765964,0.93752572,0.766284124,0.745129504
10,Chile,10,CH10,1540,right,21,1.874768504,1.849100966,0.919319604,0.780902701,0.726250784
10,Chile,10,CH10,1541,right,21,1.992874072,2.002361646,0.944367848,0.790721902,0.77975938
10,Chile,10,CH10,1542,right,21,1.846869745,1.843615945,0.972321424,0.784230426,0.742503689
10,Chile,10,CH10,1543,right,24,1.829396552,1.825239922,0.928480273,0.799365586,0.773362966
10,Chile,10,CH10,1544,right,21,1.941180296,1.886091167,0.982215506,0.75170203,0.765024409
10,Chile,10,CH10,1545,right,22,1.872503482,1.864424911,0.863460058,0.73820457,0.74386638
10,Chile,10,CH10,1546,right,21,1.95090692,1.944072385,0.904645504,0.7895928,0.731807388
10,Chile,10,CH10,1547,right,22,1.883263683,1.870957577,0.96287671,0.82334875,0.786226434
10,Chile,10,CH10,1548,right,23,1.918603088,1.919495196,0.963252271,0.786655681,0.770958448
10,Chile,10,CH10,1549,right,19,1.980287207,1.933750354,0.920158543,0.770958448,0.752054798
10,Chile,10,CH10,1550,right,21,1.919733858,1.903765964,0.955662542,0.732070936,0.736143867
10,Chile,10,CH10,1551,right,23,1.91335513,1.876041377,0.879096451,0.825016367,0.771114813
10,Chile,10,CH10,1552,right,21,2.004287457,1.987858594,1.006465403,0.820179755,0.784722222
10,Chile,10,CH10,1553,right,23,1.967374716,1.924864213,0.92556706,0.78573558,0.751156516
10,Chile,10,CH10,1554,right,23,1.977460278,1.889348392,0.966101767,0.790721902,0.771614969
10,Chile,10,CH10,1555,right,21,1.851459739,1.910037853,0.925671261,0.770958448,0.787207226
10,Chile,10,CH10,1556,right,24,1.79248743,1.844060578,0.891516299,0.786655681,0.754615428
10,Chile,10,CH10,1557,right,20,1.814109013,1.862276791,0.951971638,0.769110939,0.750321433
10,Chile,10,CH10,1558,right,22,1.932615308,1.940683367,0.960369214,0.81566927,0.771958638
10,Chile,10,CH10,1559,right,24,1.812553213,1.854114648,0.873041238,0.72265612,0.722355757
10,Chile,10,CH10,1560,right,20,1.924325479,1.918238586,0.93752572,0.758503746,0.743185347
10,Chile,10,CH10,1561,right,22,1.907005644,1.908901339,0.885654924,0.778087736,0.76703896
10,Chile,10,CH10,1562,right,20,1.825755065,1.862975849,0.860270647,0.787207226,0.752599661
10,Chile,10,CH10,1563,right,24,1.776149428,1.836290229,0.891975976,0.737158584,0.729695575
10,Chile,10,CH10,1564,right,22,1.924701356,1.862250895,0.894971592,0.771114813,0.751317002
10,Chile,10,CH10,1565,right,21,1.972075503,1.905082748,0.895483351,0.767604599,0.765906427
10,Chile,10,CH10,1566,right,23,1.942074449,1.959822621,0.97541638,0.766095298,0.743185347
10,Chile,10,CH10,1567,right,23,1.901573524,1.904601721,0.894513455,0.697908029,0.745129504
10,Chile,10,CH10,1568,right,21,1.888748463,1.899086545,0.891975976,0.746648892,
10,Chile,10,CH10,1569,right,22,1.893224192,1.871975441,0.902777778,0.791818942,0.756275188
10,Chile,10,CH10,1570,right,23,1.869552271,1.855219738,0.906855109,0.731807388,0.736143867
10,Chile,10,CH10,1571,right,23,1.802307442,1.799468907,0.866498604,0.721854875,0.750514227
10,Chile,10,CH10,1572,right,22,1.999831204,1.930568046,0.953515466,0.761517785,0.743088006
10,Chile,10,CH10,1573,right,22,1.746151522,1.789094299,0.878986729,0.769110939,0.757231087
10,Chile,10,CH10,1574,right,23,1.798557485,1.829080189,0.886335308,0.708809753,0.703585669
10,Chile,10,CH10,1575,right,20,1.999469451,1.937151502,0.879973739,0.80681176,0.765055927
10,Chile,10,CH10,1576,right,21,1.999336792,1.937811106,0.913108625,0.761137723,0.756944444
10,Chile,10,CH10,1577,right,23,1.824222416,1.918188305,0.944163561,0.82519171,0.791940742
10,Chile,10,CH10,1578,right,23,1.963645278,1.891261786,0.946586623,0.742795905,0.724355823
10,Chile,10,CH10,1579,right,23,1.862276791,1.89749876,0.874476254,0.802947166,0.784845123
10,Chile,10,CH10,1580,right,22,1.75335877,1.773500171,0.882053799,0.81059844,0.8126187
10,Chile,10,CH10,1581,right,22,1.910113596,1.945448649,0.944163561,0.829882903,0.787788993
10,Chile,10,CH10,1582,right,22,1.884722734,1.892154041,0.992108134,0.748712887,0.711729332
10,Chile,10,CH10,1583,right,22,1.838547405,1.867371312,0.844942287,0.757231087,0.74851963
10,Chile,10,CH10,1584,right,19,1.805902744,1.832201881,0.870828903,0.76303614,0.740064072
10,Chile,10,CH10,1585,right,22,1.898184846,1.848279251,0.891326952,0.688095982,0.723856324
10,Chile,10,CH10,1586,right,21,1.872503482,1.859361221,0.860466829,0.766032346,0.766441442
10,Chile,10,CH10,1587,right,20,1.866286337,1.870957577,0.888563308,0.737158584,0.722355757
10,Chile,10,CH10,1588,right,23,2.011205108,1.967681098,0.953439598,0.780902701,0.771114813
10,Chile,10,CH10,1589,right,25,1.944146803,1.941987535,0.95943978,0.748004031,0.743347554
10,Chile,10,CH10,1590,right,20,1.933625656,1.865304149,0.882791588,0.782629954,0.736929576
10,Ribeirao_Preto,10,RP10,861,left,24,1.893173246,1.931354751,0.959665941,0.770958448,0.757231087
10,Ribeirao_Preto,10,RP10,862,left,20,1.915181591,1.896850561,0.911866641,0.748712887,0.74386638
10,Ribeirao_Preto,10,RP10,863,left,23,1.865368782,1.891593244,0.91043759,0.810152116,0.772832742
10,Ribeirao_Preto,10,RP10,864,left,20,1.926967589,1.970681127,0.889132996,0.812737382,0.744449627
10,Ribeirao_Preto,10,RP10,865,left,23,1.897308136,1.857921188,0.885654924,0.776847162,0.761517785
10,Ribeirao_Preto,10,RP10,866,left,22,1.840526713,1.846752238,0.906562579,0.764677623,0.720918963
10,Ribeirao_Preto,10,RP10,867,left,24,1.822701707,1.893440696,0.924680876,0.760281888,0.744449627
10,Ribeirao_Preto,10,RP10,868,left,22,1.816592867,1.880662745,0.925905671,0.819915119,0.761517785
10,Ribeirao_Preto,10,RP10,869,left,24,1.88020112,1.906019137,0.916166741,0.782013516,0.753880138
10,Ribeirao_Preto,10,RP10,870,left,22,1.859568702,1.897371679,0.894432583,0.766095298,0.763920454
10,Ribeirao_Preto,10,RP10,871,left,24,1.911678291,1.9341618,0.907493028,0.800541146,0.78521371
10,Ribeirao_Preto,10,RP10,872,left,23,1.9396394,1.947232624,0.889973297,0.758503746,0.740813075
10,Ribeirao_Preto,10,RP10,873,left,23,1.879174879,1.866970978,0.972842064,0.793066501,0.757231087
10,Ribeirao_Preto,10,RP10,874,left,22,1.816114956,1.86507145,0.861698948,0.761359449,0.723856324
10,Ribeirao_Preto,10,RP10,875,left,21,1.921805209,1.925728378,0.903792165,0.796040549,0.761517785
10,Ribeirao_Preto,10,RP10,876,left,22,1.927117742,1.898476993,0.931487924,0.78754409,0.7464551
10,Ribeirao_Preto,10,RP10,877,left,21,1.852345131,1.873842235,0.855069532,0.838899237,0.764046701
10,Ribeirao_Preto,10,RP10,878,left,23,1.89624029,1.899403943,0.916061458,0.796070839,0.765402541
10,Ribeirao_Preto,10,RP10,879,left,19,1.824817131,1.870106784,0.905444779,0.775449143,0.732959711
10,Ribeirao_Preto,10,RP10,880,left,22,1.865368782,1.840710117,0.899084325,0.763888889,0.749388897
10,Ribeirao_Preto,10,RP10,881,left,24,1.88209819,1.85816776,0.945312101,0.751605791,0.722822934
10,Ribeirao_Preto,10,RP10,882,left,22,1.863402921,1.864347311,0.909165436,0.795464817,0.747971795
10,Ribeirao_Preto,10,RP10,883,left,21,1.932627785,1.945894796,0.968494839,0.787880811,0.753880138
10,Ribeirao_Preto,10,RP10,884,left,20,1.864851651,1.846086221,0.920158543,0.724655357,0.735455683
10,Ribeirao_Preto,10,RP10,885,left,20,1.831227747,1.868997594,0.915745539,0.754902955,0.740813075
10,Ribeirao_Preto,10,RP10,886,left,22,1.849935351,1.895019158,0.920891987,0.826651452,0.760028122
10,Ribeirao_Preto,10,RP10,887,left,23,1.814414697,1.883826959,0.951084704,0.809765103,0.739672986
10,Ribeirao_Preto,10,RP10,888,left,22,1.888442043,1.923097103,0.946612096,0.866721197,0.810836379
10,Ribeirao_Preto,10,RP10,889,left,22,1.845838036,1.887586356,0.885981574,0.805824907,0.791605748
10,Ribeirao_Preto,10,RP10,890,left,25,1.900660318,1.923460684,0.981945427,0.785827638,0.754647381
10,Ribeirao_Preto,10,RP10,891,left,22,1.813125158,1.903195919,0.915956164,0.793643973,0.753624217
10,Ribeirao_Preto,10,RP10,892,left,19,1.776597373,1.812007702,0.869720625,0.822528331,0.795737584
10,Ribeirao_Preto,10,RP10,893,left,26,1.797256568,1.859361221,0.897796084,0.781520015,0.749388897
10,Ribeirao_Preto,10,RP10,894,left,21,1.798611111,1.869848891,0.886335308,0.82967949,0.776412492
10,Ribeirao_Preto,10,RP10,895,left,23,1.772793033,1.939788573,0.962350678,0.782044349,0.760028122
10,Ribeirao_Preto,10,RP10,896,left,22,1.941987535,1.9604131,0.98466737,0.800782073,0.764172927
10,Ribeirao_Preto,10,RP10,897,left,20,1.847926975,1.873469025,0.882900838,0.763888889,0.742276331
10,Ribeirao_Preto,10,RP10,898,left,23,1.831491078,1.893440696,0.909191957,0.812529677,0.765402541
10,Ribeirao_Preto,10,RP10,899,left,21,1.832491389,1.841338793,0.891408105,0.780902701,0.770833333
10,Ribeirao_Preto,10,RP10,900,left,23,1.857233211,1.850156921,0.900772345,0.782629954,0.752054798
10,Ribeirao_Preto,10,RP10,901,left,19,1.854634772,1.883788559,0.885246443,0.81059844,0.77975938
10,Ribeirao_Preto,10,RP10,902,left,21,1.869191105,1.918904692,0.879973739,0.78336904,0.759234558
10,Ribeirao_Preto,10,RP10,903,left,22,1.822833993,1.86507145,0.918269852,0.801534504,0.757199244
10,Ribeirao_Preto,10,RP10,904,left,23,1.809610831,1.917597399,0.920158543,0.822264451,0.789134596
10,Ribeirao_Preto,10,RP10,905,left,20,1.942558609,1.928831164,0.95308547,0.796070839,0.761517785
10,Ribeirao_Preto,10,RP10,906,left,20,1.93930372,1.892574529,0.857181896,0.797674572,0.741626351
10,Ribeirao_Preto,10,RP10,907,left,22,1.873674943,1.883801359,0.929855665,0.772832742,0.742503689
10,Ribeirao_Preto,10,RP10,908,left,20,1.923899397,1.842202871,0.953009569,0.778087736,0.757231087
10,Ribeirao_Preto,10,RP10,909,left,20,1.881111439,1.926817424,0.931824384,0.809139537,0.766441442
10,Ribeirao_Preto,10,RP10,910,left,22,1.853633402,1.883801359,0.881069119,0.732103873,0.742503689
10,Ribeirao_Preto,10,RP10,911,left,22,1.841024482,1.857181278,0.89000039,0.79178849,0.772957534
10,Ribeirao_Preto,10,RP10,912,left,22,1.860502077,1.874292562,0.889132996,0.771083543,0.753880138
10,Ribeirao_Preto,10,RP10,913,left,20,1.822423875,1.876041377,0.820267948,0.78573558,0.756976299
10,Ribeirao_Preto,10,RP10,914,left,20,1.822318023,1.952278366,0.922592379,0.838899237,0.791331557
10,Ribeirao_Preto,10,RP10,915,left,22,1.994809043,1.922745995,0.904645504,0.802226118,0.756275188
10,Ribeirao_Preto,10,RP10,916,left,20,1.919507757,1.950202288,0.966501023,0.808334527,0.749549762
10,Ribeirao_Preto,10,RP10,917,left,21,1.866932231,1.936715791,0.900638491,0.834085309,0.783276692
10,Ribeirao_Preto,10,RP10,918,left,27,1.800259326,1.869036298,0.946917717,0.803307447,0.766441442
10,Ribeirao_Preto,10,RP10,919,left,22,1.908711854,1.882917952,1.02168332,0.760281888,0.731411887
10,Ribeirao_Preto,10,RP10,920,left,23,1.853438267,1.858375373,0.93922167,0.752599661,0.73246608
10,Ribeirao_Preto,10,RP10,921,left,24,1.827114875,1.89749876,0.986648914,0.80681176,0.755413845
10,Ribeirao_Preto,10,RP10,922,left,20,1.884901838,1.8473397,0.917350334,0.727014018,0.740813075
10,Ribeirao_Preto,10,RP10,923,left,22,1.80316348,1.822900132,0.877201815,0.770050904,0.750417836
10,Ribeirao_Preto,10,RP10,924,left,21,1.842804869,1.88491463,0.865635515,0.797614112,0.737714449
10,Ribeirao_Preto,10,RP10,925,left,21,1.831491078,1.889935372,0.924680876,0.832319986,0.784722222
10,Ribeirao_Preto,10,RP10,926,left,23,1.817389106,1.84937479,0.929855665,0.786318436,0.746648892
10,Ribeirao_Preto,10,RP10,927,left,20,1.977655368,1.9604131,0.963252271,0.751317002,0.744222863
10,Ribeirao_Preto,10,RP10,928,left,23,1.828618728,1.936055814,0.910993598,0.7895928,0.742276331
10,Ribeirao_Preto,10,RP10,929,left,21,1.862276791,1.849805003,0.978772576,0.799365586,0.768295371
10,Ribeirao_Preto,10,RP10,930,left,20,1.867280922,1.899733981,0.975391659,0.779171618,0.764078259
10,Ribeirao_Preto,10,RP10,931,left,20,1.762138239,1.796840613,0.878218288,0.832319986,0.763162533
10,Ribeirao_Preto,10,RP10,932,left,22,1.885669233,1.869036298,0.983907946,0.787942018,0.741203559
10,Ribeirao_Preto,10,RP10,933,left,21,1.809357642,1.832622968,0.913715789,0.75563725,0.720918963
10,Ribeirao_Preto,10,RP10,934,left,23,1.819073329,1.87002942,0.888509033,0.776567759,0.760345316
10,Ribeirao_Preto,10,RP10,935,left,22,1.900799864,1.876966561,0.893785342,0.783338258,0.757231087
10,Ribeirao_Preto,10,RP10,936,left,22,1.761563428,1.823746504,0.864046297,0.730983187,0.709081849
10,Ribeirao_Preto,10,RP10,937,left,22,1.836342753,1.886564133,0.894513455,0.75170203,0.745679428
10,Ribeirao_Preto,10,RP10,938,left,22,1.890994027,1.930318231,0.936341877,0.773612358,0.735455683
10,Ribeirao_Preto,10,RP10,939,left,21,1.781693279,1.836539705,0.938836496,0.765339532,0.766095298
10,Ribeirao_Preto,10,RP10,940,left,23,1.875167174,1.879726553,0.91300299,0.805675278,0.764677623
10,Ribeirao_Preto,10,RP10,861,right,24,1.895171842,1.905259938,0.911311165,0.782629954,0.769204987
10,Ribeirao_Preto,10,RP10,862,right,25,1.952463623,1.864851651,0.874558972,0.723623107,0.753496223
10,Ribeirao_Preto,10,RP10,863,right,24,1.838639208,1.87520575,0.893272611,0.769110939,0.798158084
10,Ribeirao_Preto,10,RP10,864,right,20,1.953179783,1.895846052,0.870136395,0.776412492,0.765434043
10,Ribeirao_Preto,10,RP10,865,right,23,1.887164756,1.815902511,0.892165186,0.761359449,0.757740407
10,Ribeirao_Preto,10,RP10,866,right,21,1.848122692,1.833333333,0.895806416,0.761264431,0.737714449
10,Ribeirao_Preto,10,RP10,867,right,24,1.882187869,1.882572159,0.900370723,0.763794186,0.753208159
10,Ribeirao_Preto,10,RP10,868,right,22,1.793388492,1.853529333,0.911020067,0.801624749,0.759520337
10,Ribeirao_Preto,10,RP10,869,right,24,1.870222824,1.882981981,0.903365194,0.732992608,0.751573709
10,Ribeirao_Preto,10,RP10,870,right,22,1.874858534,1.836697251,0.864827331,0.755924389,0.760345316
10,Ribeirao_Preto,10,RP10,871,right,21,1.915710309,1.896227574,0.872709745,0.783338258,0.771927402
10,Ribeirao_Preto,10,RP10,872,right,23,1.95933042,1.877172096,0.843685697,0.739770777,0.74851963
10,Ribeirao_Preto,10,RP10,873,right,23,1.854491753,1.79816865,0.920656301,0.760281888,0.752599661
10,Ribeirao_Preto,10,RP10,874,right,21,1.836710379,1.844361297,0.8694988,0.757071855,0.752375354
10,Ribeirao_Preto,10,RP10,875,right,22,1.926016346,1.906879197,0.878328106,0.771114813,0.744643941
10,Ribeirao_Preto,10,RP10,876,right,19,1.940695791,1.860450235,0.851678852,0.75834478,0.770864614
10,Ribeirao_Preto,10,RP10,877,right,18,1.89749876,1.836710379,0.848615657,0.78628777,0.769204987
10,Ribeirao_Preto,10,RP10,878,right,22,1.888952715,1.861033373,0.84168271,0.790630413,0.769204987
10,Ribeirao_Preto,10,RP10,879,right,21,1.802146889,1.825847512,0.85735066,0.722522641,0.740064072
10,Ribeirao_Preto,10,RP10,880,right,21,1.922608042,1.843615945,0.865412643,0.723623107,0.757231087
10,Ribeirao_Preto,10,RP10,881,right,22,1.888122802,1.806316613,0.930296398,0.739770777,0.718640961
10,Ribeirao_Preto,10,RP10,882,right,22,1.86362289,1.808357868,0.884810522,0.75834478,0.755413845
10,Ribeirao_Preto,10,RP10,883,right,23,1.899403943,1.90091403,0.920656301,0.79178849,0.774609121
10,Ribeirao_Preto,10,RP10,884,right,21,1.914111118,1.846047036,0.863041072,0.713894293,0.737583695
10,Ribeirao_Preto,10,RP10,885,right,20,1.845354632,1.829765573,0.847677473,0.716860439,0.726117965
10,Ribeirao_Preto,10,RP10,886,right,24,1.831227747,1.876850938,0.884156238,0.796040549,0.764393773
10,Ribeirao_Preto,10,RP10,887,right,22,1.825755065,1.891389276,0.887938946,0.7895928,0.758503746
10,Ribeirao_Preto,10,RP10,888,right,20,1.866970978,1.919495196,0.916798181,0.860466829,0.79178849
10,Ribeirao_Preto,10,RP10,889,right,22,1.882674623,1.910530132,0.870828903,0.787880811,0.80105303
10,Ribeirao_Preto,10,RP10,890,right,23,1.977691946,1.923924463,0.918269852,0.776847162,0.753208159
10,Ribeirao_Preto,10,RP10,891,right,24,1.839032598,1.873211596,0.853291105,0.765339532,0.746293568
10,Ribeirao_Preto,10,RP10,892,right,20,1.804553675,1.785586691,0.862901365,0.755924389,0.756976299
10,Ribeirao_Preto,10,RP10,893,right,24,1.789727633,1.854374728,0.896801802,0.76303614,0.75003215
10,Ribeirao_Preto,10,RP10,894,right,20,1.799375106,1.815265026,0.862510064,0.824285371,0.77975938
10,Ribeirao_Preto,10,RP10,895,right,20,1.845929477,1.903765964,0.911020067,0.768075648,0.772208483
10,Ribeirao_Preto,10,RP10,896,right,20,1.921202865,1.879726553,0.925176201,0.782260149,0.747713851
10,Ribeirao_Preto,10,RP10,897,right,19,1.876761004,1.828381359,0.8694988,0.718540294,0.751798256
10,Ribeirao_Preto,10,RP10,898,right,22,1.806209817,1.864023944,0.895617976,0.787880811,0.767698832
10,Ribeirao_Preto,10,RP10,899,right,22,1.815477546,1.84029088,0.893272611,0.757804048,0.758090366
10,Ribeirao_Preto,10,RP10,900,right,23,1.877056485,1.847235276,0.870828903,0.752599661,0.757453957
10,Ribeirao_Preto,10,RP10,901,right,19,1.87672246,1.847431066,0.902777778,0.820414915,0.763920454
10,Ribeirao_Preto,10,RP10,902,right,20,1.860540957,1.893988215,0.860943084,0.745129504,0.759520337
10,Ribeirao_Preto,10,RP10,903,right,21,1.797256568,1.858375373,0.851310718,0.781520015,0.751317002
10,Ribeirao_Preto,10,RP10,904,right,22,1.756299289,1.876105641,0.87920616,0.794008476,0.746971767
10,Ribeirao_Preto,10,RP10,905,right,21,1.926930049,1.879162047,0.932212455,0.740324681,0.755924389
10,Ribeirao_Preto,10,RP10,906,right,18,1.907182655,1.833385942,0.796797457,0.742795905,0.74386638
10,Ribeirao_Preto,10,RP10,907,right,23,1.889973647,1.868881478,0.885654924,0.790599915,0.777808779
10,Ribeirao_Preto,10,RP10,908,right,22,1.903398621,1.821682783,0.878986729,0.766284124,0.733913123
10,Ribeirao_Preto,10,RP10,909,right,23,1.840068122,1.863648767,0.922383269,0.821824463,0.779295394
10,Ribeirao_Preto,10,RP10,910,right,22,1.857817359,1.856363139,0.857181896,0.731807388,0.757453957
10,Ribeirao_Preto,10,RP10,911,right,22,1.865924538,1.84754853,0.917350334,0.79096582,0.746293568
10,Ribeirao_Preto,10,RP10,912,right,24,1.885068133,1.891758951,0.878904428,0.776101865,0.744449627
10,Ribeirao_Preto,10,RP10,913,right,22,1.774641874,1.861162935,0.842112322,0.801143328,0.75
10,Ribeirao_Preto,10,RP10,914,right,21,1.832399278,1.896036823,0.894432583,0.812025027,0.784845123
10,Ribeirao_Preto,10,RP10,915,right,20,1.965179621,1.865304149,0.882135806,0.779821224,0.74851963
10,Ribeirao_Preto,10,RP10,916,right,22,1.937412881,1.945684129,0.955258756,0.81059844,0.760123294
10,Ribeirao_Preto,10,RP10,917,right,20,1.851251349,1.852969859,0.865412643,0.779171618,0.775324753
10,Ribeirao_Preto,10,RP10,918,right,24,1.830621943,1.853529333,0.907413313,0.814515544,0.770833333
10,Ribeirao_Preto,10,RP10,919,right,20,1.923962062,1.856713814,0.92840236,0.729166667,0.765055927
10,Ribeirao_Preto,10,RP10,920,right,22,1.887062536,1.84341975,0.838899237,0.745388342,0.750417836
10,Ribeirao_Preto,10,RP10,921,right,25,1.841587584,1.884454046,0.949663886,0.796070839,0.774609121
10,Ribeirao_Preto,10,RP10,922,right,21,1.863389981,1.785586691,0.900370723,0.724655357,0.724355823
10,Ribeirao_Preto,10,RP10,923,right,21,1.847600734,1.847196115,0.874476254,0.72820704,0.750321433
10,Ribeirao_Preto,10,RP10,924,right,20,1.894459209,1.85099083,0.799365586,0.788676125,0.736405863
10,Ribeirao_Preto,10,RP10,925,right,25,1.835607281,1.867371312,0.860943084,0.791940742,0.776101865
10,Ribeirao_Preto,10,RP10,926,right,24,1.777696396,1.811435405,0.876706889,0.754167946,0.76703896
10,Ribeirao_Preto,10,RP10,927,right,19,1.990961443,1.88470994,0.94306476,0.747326769,0.771427449
10,Ribeirao_Preto,10,RP10,928,right,21,1.819523959,1.908016915,0.901441318,0.79178849,
10,Ribeirao_Preto,10,RP10,929,right,22,1.904411809,1.815265026,0.907413313,0.745938075,0.758185781
10,Ribeirao_Preto,10,RP10,930,right,21,1.892523566,1.879636757,0.930296398,0.729166667,0.758185781
10,Ribeirao_Preto,10,RP10,931,right,20,1.765064132,1.771935931,0.845541365,0.835009888,0.793157709
10,Ribeirao_Preto,10,RP10,932,right,22,1.863247634,1.828289041,0.923088825,0.75932983,0.765024409
10,Ribeirao_Preto,10,RP10,933,right,19,1.800741445,1.808357868,0.854194896,0.720350138,0.730719247
10,Ribeirao_Preto,10,RP10,934,right,23,1.808971128,1.860100264,0.849212144,0.755254229,0.803427505
10,Ribeirao_Preto,10,RP10,935,right,21,1.910479648,1.835291988,0.855182323,0.797281502,0.778800171
10,Ribeirao_Preto,10,RP10,936,right,20,1.782505108,1.780826921,0.838007723,0.701526389,0.727014018
10,Ribeirao_Preto,10,RP10,937,right,24,1.833596362,1.882405643,0.89806462,0.772208483,0.770958448
10,Ribeirao_Preto,10,RP10,938,right,21,1.889629144,1.884454046,0.915034321,0.758503746,0.731840336
10,Ribeirao_Preto,10,RP10,939,right,21,1.852826711,1.808357868,0.875110222,0.763888889,0.762751679
10,Ribeirao_Preto,10,RP10,940,right,21,1.881636916,1.8407494149999999,0.85743503,0.780779179,0.757231087
11,Chile,11,CH11,1591,left,26,1.913443344,1.966504329,0.926816701,0.771708712,0.750803325
11,Chile,11,CH11,1592,left,25,1.84972679,1.910176714,0.875358172,0.820414915,0.77889305
11,Chile,11,CH11,1593,left,24,1.790926311,1.861227712,0.892381377,0.757231087,0.730356173
11,Chile,11,CH11,1594,left,19,1.895019158,1.945262725,0.945924086,0.757231087,0.777839779
11,Chile,11,CH11,1595,left,22,1.911274622,1.996548913,0.923088825,0.78336904,0.764677623
11,Chile,11,CH11,1596,left,22,1.840435004,1.937811106,0.869415601,0.776412492,0.743185347
11,Chile,11,CH11,1597,left,22,1.937412881,1.98064029,0.903978902,0.748712887,0.757740407
11,Chile,11,CH11,1598,left,21,1.926028866,1.895947799,0.969937792,0.746971767,0.743088006
11,Chile,11,CH11,1599,left,21,1.958505706,2.014319877,0.994899221,0.757804048,0.772832742
11,Chile,11,CH11,1600,left,24,1.863105275,1.889003775,0.937294216,0.781520015,0.772832742
11,Chile,11,CH11,1601,left,23,1.916276631,1.986548126,0.921807973,0.782013516,0.757071855
11,Chile,11,CH11,1602,left,22,1.890687971,1.933363765,0.887938946,0.758503746,0.743055556
11,Chile,11,CH11,1603,left,24,1.911236773,2.000012056,0.948368075,0.767604599,0.751156516
11,Chile,11,CH11,1604,left,22,1.882367214,1.916716988,0.938913543,0.756466465,0.750289296
11,Chile,11,CH11,1605,left,22,1.890343598,1.944494047,0.897876653,0.732070936,0.701698227
11,Chile,11,CH11,1606,left,22,1.903588635,1.970681127,0.932212455,0.758948672,0.765024409
11,Chile,11,CH11,1607,left,22,1.939801003,1.980384615,0.915034321,0.807468992,0.784752949
11,Chile,11,CH11,1608,left,19,1.903195919,1.980920276,0.912289634,0.791331557,0.78521371
11,Chile,11,CH11,1609,left,23,1.875578614,1.895846052,0.886335308,0.790721902,0.758980442
11,Chile,11,CH11,1610,left,22,1.927868334,1.957914652,0.936341877,0.779171618,0.789898122
11,Chile,11,CH11,1611,left,20,1.851459739,1.986414604,0.944444444,0.761897657,0.729992918
11,Chile,11,CH11,1612,left,19,1.844923382,1.903803961,0.864799449,0.729992918,0.73820457
11,Chile,11,CH11,1613,left,25,1.897562297,1.965878883,0.90528498,0.777405665,0.743055556
11,Chile,11,CH11,1614,left,23,1.891567749,2.014655027,0.937911432,0.815196144,0.785827638
11,Chile,11,CH11,1615,left,23,1.822463568,1.869616758,0.87588139,0.770958448,0.738759648
11,Chile,11,CH11,1616,left,20,1.867229268,1.945051988,0.964753055,0.75208686,0.765906427
11,Chile,11,CH11,1617,left,20,1.917597399,1.909772727,0.935543225,0.748712887,0.744643941
11,Chile,11,CH11,1618,left,21,1.89451012,1.916716988,0.931694991,0.728405688,0.736143867
11,Chile,11,CH11,1619,left,22,1.903968605,1.95864113,0.926816701,0.8102414,0.785827638
11,Chile,11,CH11,1620,left,21,1.886436316,1.979605215,0.944138022,0.785674201,0.778273651
11,Chile,11,CH11,1621,left,21,1.915483733,1.951500096,0.867416431,0.757231087,0.763888889
11,Chile,11,CH11,1622,left,23,1.910113596,1.975349633,0.910040233,0.781149685,0.767698832
11,Chile,11,CH11,1623,left,20,1.934298929,1.944556048,0.916166741,0.772208483,0.757071855
11,Chile,11,CH11,1624,left,21,1.812593122,1.905626922,0.934847069,0.756275188,0.739379536
11,Chile,11,CH11,1625,left,19,1.869848891,1.948024977,0.875991502,0.731807388,0.731840336
11,Chile,11,CH11,1626,left,26,1.894917361,1.9049182,0.863376277,0.76703896,0.73246608
11,Chile,11,CH11,1627,left,23,1.894917361,1.96924903,0.919608075,0.697908029,0.72929893
11,Chile,11,CH11,1628,left,21,1.844688111,1.930867781,0.882354454,0.766598729,0.743444862
11,Chile,11,CH11,1629,left,22,1.9508822,2.020940719,0.941017065,0.776847162,0.777901776
11,Chile,11,CH11,1630,left,26,1.878058206,1.931005143,0.931824384,0.790721902,0.760123294
11,Chile,11,CH11,1631,left,23,1.860540957,1.958333333,0.895079355,0.771083543,0.764393773
11,Chile,11,CH11,1632,left,22,1.953006941,1.986414604,0.941631841,0.767604599,0.800541146
11,Chile,11,CH11,1633,left,19,1.912460159,2.013996645,1.006273723,0.748712887,0.750803325
11,Chile,11,CH11,1634,left,18,1.962343215,1.959121197,0.978402972,0.751317002,0.764677623
11,Chile,11,CH11,1635,left,22,1.882059755,1.948458159,0.944367848,0.821824463,0.782999584
11,Chile,11,CH11,1636,left,20,1.849739826,1.883494134,0.87588139,0.790721902,0.76703896
11,Chile,11,CH11,1637,left,21,1.919294193,1.986548126,0.940863309,0.738890194,0.722355757
11,Chile,11,CH11,1638,left,22,1.932964624,1.98688796,0.930270479,0.757231087,0.747713851
11,Chile,11,CH11,1639,left,23,1.901941219,1.944642847,0.919293375,0.781520015,0.770864614
11,Chile,11,CH11,1640,left,22,1.852852739,1.960745166,0.938091377,0.761137723,0.750514227
11,Chile,11,CH11,1641,left,20,1.880419124,1.978130821,0.993055556,0.756275188,0.761517785
11,Chile,11,CH11,1642,left,20,1.864554236,1.917119512,0.969042419,0.780902701,0.765024409
11,Chile,11,CH11,1643,left,20,1.849935351,1.889348392,0.975218597,0.756466465,0.736635034
11,Chile,11,CH11,1644,left,22,1.883020398,1.966761807,0.959665941,0.800541146,0.807468992
11,Chile,11,CH11,1645,left,23,1.851095042,1.939602105,0.919319604,0.830231496,0.795343557
11,Chile,11,CH11,1646,left,19,1.904196551,1.931354751,0.910040233,0.719345231,0.722222222
11,Chile,11,CH11,1647,left,20,1.936740692,1.958345646,0.950577513,0.738922827,0.750289296
11,Chile,11,CH11,1648,left,24,1.874871395,1.937811106,0.882928148,0.748004031,0.75012859
11,Chile,11,CH11,1649,left,20,1.905082748,1.958776546,0.866832472,0.78573558,0.778273651
11,Chile,11,CH11,1650,left,22,1.861124067,1.938507802,0.897876653,0.771333671,0.753880138
11,Chile,11,CH11,1651,left,20,1.950449556,1.987324804,0.910040233,0.753240172,0.763920454
11,Chile,11,CH11,1652,left,22,1.910984431,1.916716988,0.911311165,0.830579942,0.821325525
11,Chile,11,CH11,1653,left,21,1.949113937,1.952179555,0.921807973,0.772208483,0.757071855
11,Chile,11,CH11,1654,left,20,1.926028866,1.986123252,0.960494745,0.757804048,0.763920454
11,Chile,11,CH11,1655,left,21,1.835909385,1.911539539,0.857181896,0.731675578,0.723423147
11,Chile,11,CH11,1656,left,22,1.893185982,1.95933042,0.882053799,0.776412492,0.747713851
11,Chile,11,CH11,1657,left,21,1.895820615,1.944456845,0.879562619,0.775853274,0.753208159
11,Chile,11,CH11,1658,left,20,1.843785964,1.897371679,0.91719261,0.748004031,0.738759648
11,Chile,11,CH11,1659,left,20,1.827814188,1.883494134,0.891326952,0.721854875,0.726250784
11,Chile,11,CH11,1660,left,23,1.857233211,1.871782218,0.913319858,0.776101865,0.764172927
11,Chile,11,CH11,1661,left,22,1.847822584,1.917119512,0.835789205,0.756211419,0.727842713
11,Chile,11,CH11,1662,left,21,1.959970258,2.006956459,0.956545232,0.796464506,0.80603434
11,Chile,11,CH11,1663,left,20,1.905323216,1.930555556,0.895079355,0.766284124,0.729695575
11,Chile,11,CH11,1664,left,23,1.83430635,1.938109721,0.925488901,0.825483865,0.806303532
11,Chile,11,CH11,1665,left,22,1.890624203,1.926066423,0.900772345,0.811430921,0.775324753
11,Chile,11,CH11,1666,left,22,1.859776159,1.972271126,0.957150034,0.776101865,0.753208159
11,Chile,11,CH11,1667,left,22,1.914904585,1.986123252,0.931824384,0.763794186,0.74386638
11,Chile,11,CH11,1668,left,22,1.801022622,1.883788559,0.847848129,0.731675578,0.724921505
11,Chile,11,CH11,1669,left,20,1.896736151,1.972662314,0.975193871,0.776101865,0.777901776
11,Chile,11,CH11,1670,left,22,1.831925491,1.923623646,0.885654924,0.780902701,0.763888889
11,Chile,11,CH11,1671,left,21,1.930568046,1.97994624,0.950374561,0.72734561,0.722522641
11,Chile,11,CH11,1672,left,22,1.826600115,1.951500096,0.957150034,0.747423558,0.736405863
11,Chile,11,CH11,1673,left,20,1.883839759,1.938507802,0.96287671,0.742795905,0.757453957
11,Chile,11,CH11,1674,left,22,1.836342753,1.898692898,0.913082217,0.751445367,0.720952409
11,Chile,11,CH11,1675,left,21,1.893096824,1.930867781,0.870828903,0.78573558,0.758090366
11,Chile,11,CH11,1676,left,21,1.893096824,1.910176714,0.896801802,0.79555575,0.74386638
11,Chile,11,CH11,1677,left,20,1.81084961,1.882264733,0.85743503,0.741496287,0.708095003
11,Chile,11,CH11,1678,left,24,1.910984431,2.007136669,0.938322684,0.741886411,0.722222222
11,Chile,11,CH11,1679,left,21,1.83049022,1.931005143,0.896801802,0.739770777,0.756976299
11,Chile,11,CH11,1680,left,22,1.877994009,1.876850938,0.92556706,0.741626351,0.722756213
11,Chile,11,CH11,1681,left,25,1.922256844,1.944456845,0.944980444,0.747423558,0.756944444
11,Chile,11,CH11,1682,left,21,1.872941257,1.889514296,0.894621273,0.746971767,0.780871822
11,Chile,11,CH11,1683,left,25,1.914904585,1.993067654,0.922801441,0.752599661,0.743347554
11,Chile,11,CH11,1684,left,21,1.869552271,1.953167438,0.907041215,0.786226434,0.731840336
11,Chile,11,CH11,1685,left,21,1.88808449,1.897104783,0.944852853,0.726814991,0.718640961
11,Chile,11,CH11,1686,left,19,1.856713814,1.951994271,0.953515466,0.751445367,0.737714449
11,Chile,11,CH11,1687,left,24,1.872941257,1.931354751,0.888481895,0.766095298,0.765906427
11,Chile,11,CH11,1688,left,24,1.877056485,1.896036823,0.901173789,0.78573558,0.737289413
11,Chile,11,CH11,1689,left,19,1.854582766,1.931005143,0.934821276,0.761897657,0.765434043
11,Chile,11,CH11,1690,left,24,1.865898693,1.923623646,0.930270479,0.766598729,0.75003215
11,Chile,11,CH11,1591,right,24,1.874601295,1.925728378,0.950653609,0.810955322,0.752054798
11,Chile,11,CH11,1592,right,23,1.779092938,1.877518884,0.891326952,0.846652814,0.778800171
11,Chile,11,CH11,1593,right,22,1.790603151,1.867371312,0.898306234,0.778087736,0.749388897
11,Chile,11,CH11,1594,right,20,1.92114011,1.990961443,0.964753055,0.790721902,0.771614969
11,Chile,11,CH11,1595,right,24,1.861344305,1.99542542,0.929336889,0.790721902,0.753208159
11,Chile,11,CH11,1596,right,22,1.863907518,1.914766067,0.894863816,0.796464506,0.753208159
11,Chile,11,CH11,1597,right,21,1.903955941,1.915710309,0.92736289,0.798460131,0.780284898
11,Chile,11,CH11,1598,right,21,1.87836632,1.877518884,0.919293375,0.796464506,0.765024409
11,Chile,11,CH11,1599,right,22,1.937450218,1.948915989,0.929336889,0.751317002,0.73820457
11,Chile,11,CH11,1600,right,24,1.852709581,1.897104783,0.891408105,0.81059844,0.765906427
11,Chile,11,CH11,1601,right,23,1.893631709,1.944642847,0.858783817,0.829999117,0.785827638
11,Chile,11,CH11,1602,right,21,1.881483133,1.94653905,0.875798798,0.796040549,0.7684209
11,Chile,11,CH11,1603,right,22,1.878058206,1.966062859,0.956721672,0.775915429,0.765024409
11,Chile,11,CH11,1604,right,20,1.842634759,1.884454046,0.916166741,0.771333671,0.743185347
11,Chile,11,CH11,1605,right,20,1.896685299,1.926429444,0.891516299,0.741496287,0.729695575
11,Chile,11,CH11,1606,right,23,1.898515096,1.923611111,0.901842464,0.748004031,0.736242127
11,Chile,11,CH11,1607,right,22,1.92531513,1.939291287,0.913108625,0.829882903,0.787788993
11,Chile,11,CH11,1608,right,23,1.889756745,1.945237933,0.941017065,0.79096582,0.785827638
11,Chile,11,CH11,1609,right,23,1.827114875,1.893440696,0.901842464,0.80039053,0.785674201
11,Chile,11,CH11,1610,right,21,1.891453019,1.939005289,0.935130751,0.78573558,0.791697124
11,Chile,11,CH11,1611,right,19,1.851055963,1.938507802,0.950349189,0.743444862,0.771614969
11,Chile,11,CH11,1612,right,19,1.859451997,1.869345899,0.903792165,0.72318979,0.74386638
11,Chile,11,CH11,1613,right,25,1.849426942,1.938507802,0.916298327,0.78573558,0.752599661
11,Chile,11,CH11,1614,right,25,1.908825547,1.974617091,0.885110241,0.81566927,0.773362966
11,Chile,11,CH11,1615,right,21,1.814560876,1.874292562,0.910993598,0.741886411,0.734734037
11,Chile,11,CH11,1616,right,20,1.861124067,1.903588635,0.916166741,0.722255608,0.736242127
11,Chile,11,CH11,1617,right,19,1.856181282,1.89016501,0.92556706,0.776412492,0.737289413
11,Chile,11,CH11,1618,right,21,1.859451997,1.897981587,0.904645504,0.718003168,0.74386638
11,Chile,11,CH11,1619,right,22,1.824817131,1.935059195,0.907493028,0.828690772,0.769581065
11,Chile,11,CH11,1620,right,19,1.873507637,1.95416716,0.978772576,0.781149685,0.785490037
11,Chile,11,CH11,1621,right,23,1.908320192,1.924864213,0.869720625,0.771083543,0.770958448
11,Chile,11,CH11,1622,right,21,1.901573524,1.938507802,0.981405046,0.780779179,0.791697124
11,Chile,11,CH11,1623,right,21,1.90176372,1.932902251,0.877009377,0.777405665,0.744449627
11,Chile,11,CH11,1624,right,24,1.782166891,1.883788559,0.900772345,0.746390491,0.73820457
11,Chile,11,CH11,1625,right,20,1.860502077,1.89505733,0.885654924,0.76703896,0.771333671
11,Chile,11,CH11,1626,right,25,1.81056996,1.874871395,0.851225741,0.764677623,0.721854875
11,Chile,11,CH11,1627,right,21,1.825755065,1.883225271,0.94722324,0.712440435,0.736143867
11,Chile,11,CH11,1628,right,21,1.844374371,1.886091167,0.913821342,0.769110939,0.716389374
11,Chile,11,CH11,1629,right,23,1.88020112,1.97617952,0.932212455,0.775915429,0.771614969
11,Chile,11,CH11,1630,right,24,1.866751403,1.899594356,0.933763129,0.812737382,0.783830614
11,Chile,11,CH11,1631,right,23,1.861344305,1.919130864,0.885110241,0.792427753,0.754615428
11,Chile,11,CH11,1632,right,21,1.876414076,1.9660138,0.942015873,0.798460131,0.80603434
11,Chile,11,CH11,1633,right,19,1.827853764,1.945262725,0.967473522,0.756785151,0.74851963
11,Chile,11,CH11,1634,right,20,1.901116976,1.89451012,0.964753055,0.736635034,0.744643941
11,Chile,11,CH11,1635,right,23,1.87840483,1.948915989,0.920158543,0.822528331,0.764078259
11,Chile,11,CH11,1636,right,20,1.862276791,1.889310104,0.855323291,0.808245031,0.765055927
11,Chile,11,CH11,1637,right,22,1.862820525,1.940298159,0.938091377,0.73246608,0.722756213
11,Chile,11,CH11,1638,right,20,1.968893905,1.936591284,0.956948476,0.776412492,0.753208159
11,Chile,11,CH11,1639,right,23,1.850560893,1.922206667,0.878986729,0.776412492,0.755413845
11,Chile,11,CH11,1640,right,23,1.888199425,1.940683367,0.953616613,0.76703896,0.751156516
11,Chile,11,CH11,1641,right,20,1.884812288,1.959121197,0.997150647,0.75208686,0.757231087
11,Chile,11,CH11,1642,right,21,1.835291988,1.913367733,0.956948476,0.801624749,0.780284898
11,Chile,11,CH11,1643,right,20,1.831504243,1.824737847,0.929336889,0.751317002,0.727842713
11,Chile,11,CH11,1644,right,23,1.864489575,1.943303237,0.95943978,0.807020937,0.795737584
11,Chile,11,CH11,1645,right,23,1.830556082,1.934598086,0.897554333,0.840851503,0.797614112
11,Chile,11,CH11,1646,right,21,1.900406572,1.92441319,0.922383269,0.736635034,0.723056409
11,Chile,11,CH11,1647,right,22,1.915483733,1.916981154,0.956545232,0.741886411,0.758980442
11,Chile,11,CH11,1648,right,23,1.847809535,1.907839982,0.85097076,0.75170203,0.764677623
11,Chile,11,CH11,1649,right,21,1.838193264,1.92723035,0.878986729,0.756785151,0.751573709
11,Chile,11,CH11,1650,right,20,1.815278309,1.878712888,0.872737374,0.807468992,0.763162533
11,Chile,11,CH11,1651,right,20,1.910113596,1.918791596,0.919293375,0.737158584,0.743088006
11,Chile,11,CH11,1652,right,24,1.889756745,1.953167438,0.944163561,0.811430921,0.81947387
11,Chile,11,CH11,1653,right,21,1.886449098,1.94622934,0.897581198,0.790599915,0.779295394
11,Chile,11,CH11,1654,right,22,1.89451012,1.923623646,0.957829981,0.766284124,0.757231087
11,Chile,11,CH11,1655,right,22,1.766961999,1.897371679,0.863571753,0.756275188,0.730356173
11,Chile,11,CH11,1656,right,23,1.870583791,1.936591284,0.860466829,0.818914612,0.762308972
11,Chile,11,CH11,1657,right,22,1.852852739,1.877518884,0.897554333,0.791331557,0.753880138
11,Chile,11,CH11,1658,right,21,1.818131948,1.899086545,0.919608075,0.737158584,0.737714449
11,Chile,11,CH11,1659,right,20,1.851576947,1.857090392,0.888237609,0.712169622,0.743347554
11,Chile,11,CH11,1660,right,24,1.831148741,1.861111111,0.867416431,0.775915429,0.763920454
11,Chile,11,CH11,1661,right,20,1.795592168,1.890726231,0.826388889,0.79096582,0.753208159
11,Chile,11,CH11,1662,right,21,1.901941219,1.965277778,0.981405046,0.793157709,0.805824907
11,Chile,11,CH11,1663,right,21,1.861124067,1.89645645,0.894432583,0.756466465,0.729992918
11,Chile,11,CH11,1664,right,24,1.861344305,1.910176714,0.91952941,0.796040549,0.80854331
11,Chile,11,CH11,1665,right,23,1.849426942,1.875321474,0.885654924,0.810955322,0.765055927
11,Chile,11,CH11,1666,right,19,1.849361752,1.987858594,0.981429615,0.771333671,0.746971767
11,Chile,11,CH11,1667,right,20,1.854634772,1.974287358,0.953616613,0.741886411,0.736405863
11,Chile,11,CH11,1668,right,22,1.805555556,1.841338793,0.851310718,0.727014018,0.736635034
11,Chile,11,CH11,1669,right,22,1.884812288,1.931354751,0.919608075,0.76703896,0.786226434
11,Chile,11,CH11,1670,right,21,1.845968664,1.883494134,0.860354731,0.781520015,0.757740407
11,Chile,11,CH11,1671,right,21,1.905184002,1.940298159,0.925905671,0.746648892,0.733157071
11,Chile,11,CH11,1672,right,22,1.817508512,1.892154041,0.891516299,0.771333671,0.745129504
11,Chile,11,CH11,1673,right,21,1.866195894,1.856038381,0.931694991,0.770958448,0.737714449
11,Chile,11,CH11,1674,right,20,1.814042553,1.90309456,0.931694991,0.731675578,0.716927709
11,Chile,11,CH11,1675,right,22,1.857687564,1.861227712,0.863487983,0.772208483,0.777808779
11,Chile,11,CH11,1676,right,24,1.866195894,1.868881478,0.836394839,0.79096582,0.747713851
11,Chile,11,CH11,1677,right,23,1.7971224,1.848801017,0.882053799,0.770958448,0.738759648
11,Chile,11,CH11,1678,right,22,1.906626278,1.974617091,0.909960741,0.736635034,0.750803325
11,Chile,11,CH11,1679,right,22,1.79333471,1.913808759,0.906934873,0.776101865,0.758185781
11,Chile,11,CH11,1680,right,21,1.847652936,1.868687935,0.900772345,0.732070936,0.723056409
11,Chile,11,CH11,1681,right,22,1.873005627,1.910530132,0.919293375,0.780779179,0.777808779
11,Chile,11,CH11,1682,right,21,1.847235276,1.895629822,0.873041238,0.756275188,0.756976299
11,Chile,11,CH11,1683,right,23,1.915659961,1.97984881,0.910993598,0.771083543,0.764677623
11,Chile,11,CH11,1684,right,20,1.830556082,1.913367733,0.910040233,0.751445367,0.740064072
11,Chile,11,CH11,1685,right,20,1.896392876,1.90946968,0.936470628,0.736831409,0.723856324
11,Chile,11,CH11,1686,right,21,1.799187488,1.905626922,0.900638491,0.727014018,0.719345231
11,Chile,11,CH11,1687,right,22,1.856090346,1.889514296,0.851310718,0.775915429,0.751156516
11,Chile,11,CH11,1688,right,23,1.815743161,1.864424911,0.900638491,0.781149685,0.749388897
11,Chile,11,CH11,1689,right,19,1.783951952,1.868558895,0.899084325,0.737158584,0.71500804
11,Chile,11,CH11,1690,right,23,1.81056996,1.887062536,0.931824384,0.778087736,0.746971767
11,Ribeirao_Preto,11,RP11,301,left,20,1.877685834,1.947727883,1.001734607,0.824402374,0.78185933
11,Ribeirao_Preto,11,RP11,302,left,21,1.805795924,1.906702157,0.885328155,0.784015168,0.768922808
11,Ribeirao_Preto,11,RP11,303,left,21,1.787408808,1.880316537,0.909165436,0.805316056,0.733945977
11,Ribeirao_Preto,11,RP11,304,left,20,1.745709578,1.831148741,0.870025542,0.826388889,0.749002681
11,Ribeirao_Preto,11,RP11,305,left,23,1.807811091,1.910479648,0.852584352,0.797614112,0.736045595
11,Ribeirao_Preto,11,RP11,306,left,20,1.842804869,1.944568448,0.986722228,0.78628777,0.743088006
11,Ribeirao_Preto,11,RP11,307,left,21,1.761262261,1.829805107,0.902777778,0.793643973,0.735455683
11,Ribeirao_Preto,11,RP11,308,left,24,1.821206208,1.89451012,0.923715533,0.768295371,0.728736646
11,Ribeirao_Preto,11,RP11,309,left,20,1.84754853,1.946675308,0.948774795,0.791940742,0.745000052
11,Ribeirao_Preto,11,RP11,310,left,20,1.831293583,1.906588338,0.959665941,0.763888889,0.727842713
11,Ribeirao_Preto,11,RP11,311,left,21,1.818357394,1.85602539,0.851763784,0.770050904,0.737583695
11,Ribeirao_Preto,11,RP11,312,left,19,1.812553213,1.8934789,0.857575627,0.754902955,0.732729391
11,Ribeirao_Preto,11,RP11,313,left,21,1.897447929,1.947938329,0.947833991,0.775449143,0.758090366
11,Ribeirao_Preto,11,RP11,314,left,22,1.845629012,1.932964624,0.904805415,0.780068551,0.746971767
11,Ribeirao_Preto,11,RP11,315,left,20,1.845629012,1.955943183,0.931125447,0.768609154,0.742308815
11,Ribeirao_Preto,11,RP11,316,left,20,1.871885273,1.915080866,0.918453645,0.747326769,0.736569564
11,Ribeirao_Preto,11,RP11,317,left,19,1.786032269,1.904411809,0.918453645,0.794463869,0.761359449
11,Ribeirao_Preto,11,RP11,318,left,24,1.723118047,1.851251349,0.824168352,0.729166667,0.707413619
11,Ribeirao_Preto,11,RP11,319,left,20,1.89624029,1.906284785,0.894109021,0.760281888,0.752375354
11,Ribeirao_Preto,11,RP11,320,left,21,1.789794996,1.877441826,0.870828903,0.784230426,0.732959711
11,Ribeirao_Preto,11,RP11,321,left,20,1.813125158,1.862160256,0.920158543,0.6986332,0.706322036
11,Ribeirao_Preto,11,RP11,322,left,19,1.830503392,1.928506106,0.92152019,0.772957534,0.736405863
11,Ribeirao_Preto,11,RP11,323,left,21,1.782166891,1.902017285,0.876239202,0.769455726,0.727842713
11,Ribeirao_Preto,11,RP11,324,left,22,1.811967781,1.880316537,0.894109021,0.795464817,0.754647381
11,Ribeirao_Preto,11,RP11,325,left,21,1.775456927,1.932565401,0.927232874,0.758948672,0.733485885
11,Ribeirao_Preto,11,RP11,326,left,18,1.902752433,1.945597376,0.931125447,0.761359449,0.723856324
11,Ribeirao_Preto,11,RP11,327,left,22,1.786032269,1.920298994,0.898306234,0.769455726,0.761359449
11,Ribeirao_Preto,11,RP11,328,left,22,1.721690106,1.86662223,0.922592379,0.801624749,0.753240172
11,Ribeirao_Preto,11,RP11,329,left,20,1.800125381,1.903968605,0.880740648,0.774328911,0.738335214
11,Ribeirao_Preto,11,RP11,330,left,22,1.828341795,1.92441319,0.882846214,0.805106436,0.75834478
11,Ribeirao_Preto,11,RP11,331,left,23,1.86778447,1.950993436,0.909191957,0.731675578,0.739379536
11,Ribeirao_Preto,11,RP11,332,left,24,1.818330872,1.893440696,0.877201815,0.812974695,0.741203559
11,Ribeirao_Preto,11,RP11,333,left,18,1.831491078,1.885784315,0.904645504,0.752599661,0.745129504
11,Ribeirao_Preto,11,RP11,334,left,23,1.80749095,1.89505733,0.882791588,0.801534504,0.74123609
11,Ribeirao_Preto,11,RP11,335,left,22,1.913065256,1.955943183,0.900638491,0.793643973,0.760281888
11,Ribeirao_Preto,11,RP11,336,left,22,1.76001598,1.824737847,0.829417885,0.769110939,0.719278188
11,Ribeirao_Preto,11,RP11,337,left,24,1.824817131,1.914274876,0.860270647,0.794979666,0.749099253
11,Ribeirao_Preto,11,RP11,338,left,21,1.858466197,1.908901339,0.860466829,0.78521371,0.760789165
11,Ribeirao_Preto,11,RP11,339,left,23,1.847652936,1.89016501,0.897554333,0.797674572,0.753880138
11,Ribeirao_Preto,11,RP11,340,left,25,1.809957241,1.89505733,0.84199778,0.782629954,0.734734037
11,Ribeirao_Preto,11,RP11,341,left,21,1.919934814,1.975117691,0.953439598,0.797281502,0.768358138
11,Ribeirao_Preto,11,RP11,342,left,19,1.836066986,1.89749876,0.934924446,0.776567759,0.77395514
11,Ribeirao_Preto,11,RP11,343,left,19,1.840919699,1.897981587,0.885110241,0.771708712,0.75012859
11,Ribeirao_Preto,11,RP11,344,left,20,1.828618728,1.892574529,0.923715533,0.779821224,0.771333671
11,Ribeirao_Preto,11,RP11,345,left,22,1.930318231,1.983936747,0.954299077,0.794979666,0.770050904
11,Ribeirao_Preto,11,RP11,346,left,23,1.784087111,1.898476993,0.834778839,0.75834478,0.719345231
11,Ribeirao_Preto,11,RP11,347,left,24,1.840277778,1.895464453,0.89000039,0.75834478,0.728637374
11,Ribeirao_Preto,11,RP11,348,left,23,1.811754849,1.919595689,0.900129663,0.766818876,0.723056409
11,Ribeirao_Preto,11,RP11,349,left,19,1.819298658,1.869616758,0.847848129,0.781520015,0.753208159
11,Ribeirao_Preto,11,RP11,350,left,22,1.680297271,1.84341975,0.863264556,0.762909726,0.735750698
11,Ribeirao_Preto,11,RP11,351,left,22,1.941366612,1.952809388,0.934924446,0.761359449,0.727842713
11,Ribeirao_Preto,11,RP11,352,left,22,1.778916736,1.857427948,0.879507789,0.805675278,0.739672986
11,Ribeirao_Preto,11,RP11,353,left,20,1.86662223,1.934124399,0.874476254,0.779821224,0.734438614
11,Ribeirao_Preto,11,RP11,354,left,24,1.783519374,1.846752238,0.853686631,0.761359449,0.738661724
11,Ribeirao_Preto,11,RP11,355,left,24,1.805181585,1.86507145,0.884646997,0.795979965,0.714164452
11,Ribeirao_Preto,11,RP11,356,left,20,1.905171345,1.932902251,0.940401887,0.783338258,0.772957534
11,Ribeirao_Preto,11,RP11,357,left,22,1.79248743,1.882764274,0.924550483,0.766913205,0.731675578
11,Ribeirao_Preto,11,RP11,358,left,21,1.82600598,1.94086973,0.872156977,0.803217392,0.736405863
11,Ribeirao_Preto,11,RP11,359,left,21,1.913657561,2.01083341,0.964753055,0.776847162,0.786226434
11,Ribeirao_Preto,11,RP11,360,left,19,1.769471154,1.856389117,0.860943084,0.780655638,0.744449627
11,Ribeirao_Preto,11,RP11,361,left,21,1.864761081,1.901876241,0.84346804,0.812512749,0.75235968
11,Ribeirao_Preto,11,RP11,362,left,22,1.803125914,1.863105286,0.844639266,0.765670066,0.729680374
11,Ribeirao_Preto,11,RP11,363,left,21,1.877222901,1.915242409,0.926485147,0.757215312,0.72782755
11,Ribeirao_Preto,11,RP11,364,left,23,1.809533157,1.878250166,0.875973252,0.781503734,0.757724621
11,Ribeirao_Preto,11,RP11,365,left,23,1.83819432,1.931114751,0.900110911,0.796054255,0.744434118
11,Ribeirao_Preto,11,RP11,366,left,20,1.814523073,1.847157633,0.860925148,0.790613942,0.730704024
11,Ribeirao_Preto,11,RP11,367,left,21,1.799217013,1.845472978,0.910365653,0.773565072,0.763146635
11,Ribeirao_Preto,11,RP11,368,left,20,1.841117094,1.905979429,0.936451119,0.763020244,0.756259433
11,Ribeirao_Preto,11,RP11,369,left,19,1.835253754,1.865937354,0.900351965,0.750498592,0.732878645
11,Ribeirao_Preto,11,RP11,370,left,21,1.818094071,1.850118377,0.869702506,0.78335272,0.750305802
11,Ribeirao_Preto,11,RP11,371,left,23,1.838509102,1.9094299,0.845409675,0.814498575,0.762293091
11,Ribeirao_Preto,11,RP11,372,left,24,1.805865122,1.881751483,0.863805019,0.752583982,0.731792142
11,Ribeirao_Preto,11,RP11,373,left,21,1.872902238,1.972963436,0.940997461,0.790949342,0.76702298
11,Ribeirao_Preto,11,RP11,374,left,19,1.887278758,2.03387385,0.986115019,0.791771994,0.790064799
11,Ribeirao_Preto,11,RP11,375,left,20,1.869461733,1.907193493,0.916884277,0.766802901,0.730704024
11,Ribeirao_Preto,11,RP11,376,left,21,1.767798323,1.831294932,0.887268483,0.77658263,0.729283736
11,Ribeirao_Preto,11,RP11,377,left,22,1.876516331,1.89171954,0.885228001,0.727330457,0.707160246
11,Ribeirao_Preto,11,RP11,378,left,18,1.923019425,1.950952791,0.994223913,0.737143227,0.750787684
11,Ribeirao_Preto,11,RP11,379,left,20,1.689464076,1.740569032,0.811562581,0.662916983,0.689551834
11,Ribeirao_Preto,11,RP11,380,left,20,1.918299181,1.936550939,0.91456718,0.777389469,0.752583982
11,Ribeirao_Preto,11,RP11,301,right,20,1.835817446,1.90091403,0.944469975,0.788676125,0.77889305
11,Ribeirao_Preto,11,RP11,302,right,25,1.87002942,1.887586356,0.868749722,0.762561979,0.753208159
11,Ribeirao_Preto,11,RP11,303,right,23,1.821047322,1.85293082,0.846652814,0.737714449,0.727842713
11,Ribeirao_Preto,11,RP11,304,right,21,1.790764739,1.840277778,0.807020937,0.749549762,0.731280006
11,Ribeirao_Preto,11,RP11,305,right,21,1.8374979,1.823270468,0.791940742,0.76303614,0.736635034
11,Ribeirao_Preto,11,RP11,306,right,20,1.84847493,1.865782384,0.934202018,0.754008066,0.737714449
11,Ribeirao_Preto,11,RP11,307,right,23,1.798771979,1.839032598,0.8430567,0.738890194,0.731807388
11,Ribeirao_Preto,11,RP11,308,right,24,1.835817446,1.862975849,0.895860249,0.757804048,0.743347554
11,Ribeirao_Preto,11,RP11,309,right,21,1.808677856,1.910037853,0.932212455,0.766095298,0.770833333
11,Ribeirao_Preto,11,RP11,310,right,22,1.865472191,1.897663951,0.921807973,0.743088006,0.750321433
11,Ribeirao_Preto,11,RP11,311,right,21,1.807651028,1.852032688,0.807020937,0.736242127,0.727842713
11,Ribeirao_Preto,11,RP11,312,right,18,1.879636757,1.865976228,0.864381112,0.715816949,0.733913123
11,Ribeirao_Preto,11,RP11,313,right,22,1.888122802,1.930817828,0.916798181,0.725021285,0.742276331
11,Ribeirao_Preto,11,RP11,314,right,20,1.871885273,1.922745995,0.887938946,0.743088006,0.750321433
11,Ribeirao_Preto,11,RP11,315,right,19,1.891261786,1.905082748,0.895940993,0.724255951,0.752054798
11,Ribeirao_Preto,11,RP11,316,right,20,1.876105641,1.871241088,0.871050389,0.703174295,0.712440435
11,Ribeirao_Preto,11,RP11,317,right,22,1.81993473,1.870957577,0.859092616,0.750514227,0.760123294
11,Ribeirao_Preto,11,RP11,318,right,23,1.789094299,1.82278108,0.763794186,0.71108534,0.713691607
11,Ribeirao_Preto,11,RP11,319,right,20,1.923924463,1.891962879,0.837604794,0.724422397,0.765024409
11,Ribeirao_Preto,11,RP11,320,right,21,1.827814188,1.819523959,0.840392554,0.752823902,0.744222863
11,Ribeirao_Preto,11,RP11,321,right,19,1.821047322,1.843785964,0.86780552,0.66789528,0.709727658
11,Ribeirao_Preto,11,RP11,322,right,24,1.878302133,1.917471651,0.883774348,0.771708712,0.75012859
11,Ribeirao_Preto,11,RP11,323,right,21,1.790387679,1.864851651,0.882135806,0.750514227,0.742503689
11,Ribeirao_Preto,11,RP11,324,right,21,1.846778351,1.868520182,0.860943084,0.786655681,0.764015141
11,Ribeirao_Preto,11,RP11,325,right,21,1.818344133,1.923310245,0.874476254,0.716894075,0.724921505
11,Ribeirao_Preto,11,RP11,326,right,19,1.926129018,1.931566981,0.914770767,0.741853909,0.738759648
11,Ribeirao_Preto,11,RP11,327,right,22,1.827695456,1.889093126,0.87179749,0.75932983,0.756976299
11,Ribeirao_Preto,11,RP11,328,right,22,1.7895929,1.875462906,0.881315392,0.761264431,0.757231087
11,Ribeirao_Preto,11,RP11,329,right,21,1.824381026,1.876285568,0.862901365,0.725586449,0.752054798
11,Ribeirao_Preto,11,RP11,330,right,24,1.872748133,1.917685418,0.842112322,0.778087736,0.770958448
11,Ribeirao_Preto,11,RP11,331,right,21,1.894459209,1.913367733,0.870828903,0.708877786,0.750321433
11,Ribeirao_Preto,11,RP11,332,right,22,1.798771979,1.847600734,0.875247981,0.741886411,0.752375354
11,Ribeirao_Preto,11,RP11,333,right,19,1.860955632,1.861940114,0.901735509,0.741853909,0.752054798
11,Ribeirao_Preto,11,RP11,334,right,22,1.789727633,1.847235276,0.877778877,0.805375938,0.746971767
11,Ribeirao_Preto,11,RP11,335,right,20,1.890687971,1.915823587,0.849439267,0.75003215,0.765055927
11,Ribeirao_Preto,11,RP11,336,right,23,1.754651006,1.835988187,0.809765103,0.748616265,0.733157071
11,Ribeirao_Preto,11,RP11,337,right,23,1.830556082,1.862937019,0.83625068,0.777405665,0.763920454
11,Ribeirao_Preto,11,RP11,338,right,19,1.884901838,1.902828466,0.862286384,0.781520015,0.756976299
11,Ribeirao_Preto,11,RP11,339,right,21,1.808757844,1.84754853,0.862286384,0.790721902,0.763920454
11,Ribeirao_Preto,11,RP11,340,right,24,1.80331057,1.868068463,0.817087004,0.766598729,0.750289296
11,Ribeirao_Preto,11,RP11,341,right,22,1.932902251,1.942471718,0.868721966,0.749549762,0.770864614
11,Ribeirao_Preto,11,RP11,342,right,18,1.824737847,1.838586749,0.889864916,0.754902955,0.771927402
11,Ribeirao_Preto,11,RP11,343,right,18,1.829080189,1.876761004,0.83200125,0.718540294,0.753496223
11,Ribeirao_Preto,11,RP11,344,right,21,1.815251743,1.876285568,0.869415601,0.757804048,0.736635034
11,Ribeirao_Preto,11,RP11,345,right,24,1.913166087,1.923310245,0.859092616,0.744449627,0.760789165
11,Ribeirao_Preto,11,RP11,346,right,23,1.794544416,1.835291988,0.830144361,0.740324681,0.719345231
11,Ribeirao_Preto,11,RP11,347,right,23,1.835817446,1.870583791,0.868721966,0.735357318,0.729992918
11,Ribeirao_Preto,11,RP11,348,right,22,1.805395292,1.895629822,0.889864916,0.733354377,0.747713851
11,Ribeirao_Preto,11,RP11,349,right,21,1.831227747,1.864023944,0.832059211,0.778087736,0.758503746
11,Ribeirao_Preto,11,RP11,350,right,23,1.689327999,1.820093714,0.872709745,0.757231087,0.720517486
11,Ribeirao_Preto,11,RP11,351,right,21,1.910479648,1.910063101,0.884128966,0.752823902,0.755413845
11,Ribeirao_Preto,11,RP11,352,right,22,1.793351131,1.823695289,0.828324274,0.739755365,0.736619687
11,Ribeirao_Preto,11,RP11,353,right,22,1.868958657,1.91094462,0.834067932,0.763020244,0.765418097
11,Ribeirao_Preto,11,RP11,354,right,23,1.762758212,1.806852889,0.824472939,0.75168637,0.723408076
11,Ribeirao_Preto,11,RP11,355,right,22,1.846739877,1.854596135,0.853923011,0.766016388,0.743332068
11,Ribeirao_Preto,11,RP11,356,right,21,1.913403482,1.886524831,0.891741109,0.760266049,0.76702298
11,Ribeirao_Preto,11,RP11,357,right,20,1.836672115,1.850483251,0.850074197,0.73471873,0.733897834
11,Ribeirao_Preto,11,RP11,358,right,23,1.87400907,1.882532939,0.837846387,0.746956206,0.744628428
11,Ribeirao_Preto,11,RP11,359,right,22,1.962498923,1.961442026,0.909888786,0.772286065,0.803680827
11,Ribeirao_Preto,11,RP11,360,right,22,1.789690348,1.840449067,0.848001085,0.732055685,0.736095776
11,Ribeirao_Preto,11,RP11,361,right,20,1.893440696,1.893440696,0.833333333,0.759742535,0.740064072
11,Ribeirao_Preto,11,RP11,362,right,23,1.835554736,1.835554736,0.82334875,0.722288993,0.724622081
11,Ribeirao_Preto,11,RP11,363,right,20,1.912245807,1.912245807,0.887938946,0.732103873,0.721854875
11,Ribeirao_Preto,11,RP11,364,right,24,1.809024446,1.809024446,0.887938946,0.737583695,0.745129504
11,Ribeirao_Preto,11,RP11,365,right,24,1.85816776,1.85816776,0.834778839,0.761359449,0.731280006
11,Ribeirao_Preto,11,RP11,366,right,23,1.833819906,1.833819906,0.836337179,0.761359449,0.756275188
11,Ribeirao_Preto,11,RP11,367,right,21,1.826441698,1.826441698,0.887504347,0.740324681,0.776598809
11,Ribeirao_Preto,11,RP11,368,right,20,1.858375373,1.858375373,0.873621047,0.745388342,0.78336904
11,Ribeirao_Preto,11,RP11,369,right,20,1.844361297,1.844361297,0.870579664,0.744449627,0.746648892
11,Ribeirao_Preto,11,RP11,370,right,21,1.830200395,1.830200395,0.875247981,0.739640386,0.759615572
11,Ribeirao_Preto,11,RP11,371,right,21,1.849100966,1.849100966,0.8166147,0.762751679,0.775075912
11,Ribeirao_Preto,11,RP11,372,right,25,1.805689098,1.805689098,0.83944518,0.747552591,0.73246608
11,Ribeirao_Preto,11,RP11,373,right,22,1.882392833,1.882392833,0.891705607,0.748616265,0.730785241
11,Ribeirao_Preto,11,RP11,374,right,21,1.872735258,1.872735258,0.959238703,0.761264431,0.776940273
11,Ribeirao_Preto,11,RP11,375,right,20,1.820795724,1.820795724,0.877778877,0.733913123,0.736798683
11,Ribeirao_Preto,11,RP11,376,right,22,1.784722222,1.784722222,0.844485562,0.743088006,0.742503689
11,Ribeirao_Preto,11,RP11,377,right,22,1.853594377,1.853594377,0.930270479,0.729992918,0.730356173
11,Ribeirao_Preto,11,RP11,378,right,21,1.920298994,1.920298994,0.915850858,0.749549762,0.757740407
11,Ribeirao_Preto,11,RP11,379,right,21,1.705140422,1.705140422,0.807528714,0.683983713,0.676504382
11,Ribeirao_Preto,11,RP11,380,right,22,1.887164756,1.887164756,0.888509033,0.737583695,0.744643941
12,Chile,12,CH12,1691,left,21,1.988586259,2.041678477,0.941196417,0.761517785,0.778273651
12,Chile,12,CH12,1692,left,21,1.801022622,1.952883473,0.919608075,0.781520015,0.778273651
12,Chile,12,CH12,1693,left,20,1.945349492,1.937947977,0.981699836,0.791331557,0.81947387
12,Chile,12,CH12,1694,left,22,1.837917774,1.854374728,0.870136395,0.791331557,0.807020937
12,Chile,12,CH12,1695,left,22,1.968918399,1.979763555,0.909960741,0.78573558,0.791940742
12,Chile,12,CH12,1696,left,23,1.953179783,1.986159673,0.957150034,0.743444862,0.792549459
12,Chile,12,CH12,1697,left,24,2.019448743,2.069863865,0.98466737,0.78573558,0.791940742
12,Chile,12,CH12,1698,left,22,1.928531113,1.967043769,0.98508358,0.761137723,0.784752949
12,Chile,12,CH12,1699,left,20,2.033121763,2.015911341,0.942015873,0.771083543,0.771114813
12,Chile,12,CH12,1700,left,20,1.908711854,1.959121197,0.978772576,0.75170203,0.771114813
12,Chile,12,CH12,1701,left,21,2.043531839,2.007376924,0.916166741,0.761517785,0.798882804
12,Chile,12,CH12,1702,left,21,1.890343598,1.930667962,1.012460943,0.751317002,0.750289296
12,Chile,12,CH12,1703,left,21,1.871305517,1.910037853,0.897876653,0.771333671,0.799365586
12,Chile,12,CH12,1704,left,22,2.026362234,2.021131612,1.009455681,0.805854829,0.79361359
12,Chile,12,CH12,1705,left,22,1.871782218,1.895846052,0.924263554,0.776412492,0.778552442
12,Chile,12,CH12,1706,left,22,1.932814925,1.993055556,0.984569413,0.756785151,0.81059844
12,Chile,12,CH12,1707,left,22,2.072983551,2.069491051,0.950577513,0.757804048,0.800089212
12,Chile,12,CH12,1708,left,19,1.911653064,1.95933042,1.000192883,0.737158584,0.789134596
12,Chile,12,CH12,1709,left,22,2.01776447,2.037043613,0.97304033,0.785674201,0.798641304
12,Chile,12,CH12,1710,left,23,1.968918399,2.000976324,0.882026462,0.756785151,0.820885033
12,Chile,12,CH12,1711,left,23,1.935320857,2.014080451,1.003201857,0.790599915,0.78521371
12,Chile,12,CH12,1712,left,19,1.883020398,2.028966547,0.969141946,0.782013516,0.77889305
12,Chile,12,CH12,1713,left,19,1.952426573,2.013936781,0.987772466,0.781520015,0.799365586
12,Chile,12,CH12,1714,left,20,2.042965384,2.076493401,0.972073401,0.742795905,0.758980442
12,Chile,12,CH12,1715,left,21,1.947022101,2.000108504,1.037328931,0.77889305,0.851310718
12,Chile,12,CH12,1716,left,21,1.90273976,1.972271126,0.997150647,0.78573558,0.777901776
12,Chile,12,CH12,1717,left,24,1.932814925,1.951438315,1.006273723,0.8102414,0.784845123
12,Chile,12,CH12,1718,left,20,1.895171842,1.986159673,0.96275149,0.775853274,0.791940742
12,Chile,12,CH12,1719,left,22,1.923799128,1.944456845,0.874283216,0.79096582,0.792153846
12,Chile,12,CH12,1720,left,19,2.029596312,2.022026185,0.931694991,0.775853274,0.771958638
12,Chile,12,CH12,1721,left,22,2.045784302,2.040449845,0.89806462,0.736242127,0.803757572
12,Chile,12,CH12,1722,left,21,1.836382145,1.923661251,0.873483032,0.790721902,0.792427753
12,Chile,12,CH12,1723,left,23,1.955721268,1.931005143,0.918269852,0.792427753,0.815462311
12,Chile,12,CH12,1724,left,24,2.053771749,2.041855622,0.910596484,0.76240386,0.764677623
12,Chile,12,CH12,1725,left,22,1.989968089,2.036723987,0.896801802,0.745129504,0.783245907
12,Chile,12,CH12,1726,left,20,1.889514296,1.91185487,0.911311165,0.748616265,0.796040549
12,Chile,12,CH12,1727,left,21,1.894459209,1.948024977,0.995747129,0.780902701,0.778273651
12,Chile,12,CH12,1728,left,24,1.86662223,1.938507802,0.961272666,0.727014018,0.759520337
12,Chile,12,CH12,1729,left,20,1.833149191,1.944494047,0.97827974,0.746390491,0.743088006
12,Chile,12,CH12,1730,left,22,1.979507768,1.972271126,1.046977204,0.768295371,0.778056746
12,Chile,12,CH12,1731,left,22,2.03224394,1.993055556,0.926113986,0.767604599,0.785827638
12,Chile,12,CH12,1732,left,23,2.026754879,1.98688796,0.92946661,0.772208483,0.780284898
12,Chile,12,CH12,1733,left,24,2.021131612,2.013888889,0.922801441,0.748712887,0.784845123
12,Chile,12,CH12,1734,left,20,2.014331848,2.006956459,1.034745525,0.79096582,0.80450722
12,Chile,12,CH12,1735,left,21,2.025457672,2.048658192,0.937988556,0.748004031,0.778552442
12,Chile,12,CH12,1736,left,24,2.065315605,2.050599318,0.944980444,0.772832742,0.771614969
12,Chile,12,CH12,1737,left,20,1.945436255,1.967043769,0.963577639,0.764677623,0.801474336
12,Chile,12,CH12,1738,left,25,2.011253064,2.035302818,0.987601573,0.766598729,0.791940742
12,Chile,12,CH12,1739,left,20,2.01575584,2.000108504,1.056035162,0.802226118,0.816762324
12,Chile,12,CH12,1740,left,16,1.945659343,1.965388199,1.015718479,0.791818942,0.750803325
12,Chile,12,CH12,1741,left,22,2.048787657,2.11806694,0.969042419,0.796464506,0.812974695
12,Chile,12,CH12,1742,left,23,2.019735288,1.986159673,1.018823608,0.76703896,0.778552442
12,Chile,12,CH12,1743,left,22,2.043602635,2.03010711,1.005242815,0.770050904,0.79412994
12,Chile,12,CH12,1744,left,20,1.877056485,1.875115737,0.91952941,0.736831409,0.758090366
12,Chile,12,CH12,1745,left,22,2.023218333,2.014080451,0.966101767,0.776101865,0.792153846
12,Chile,12,CH12,1746,left,18,1.895171842,1.972332254,0.987601573,0.73246608,0.766441442
12,Chile,12,CH12,1747,left,19,1.848435796,1.9375,1.034256047,0.766032346,0.78521371
12,Chile,12,CH12,1748,left,22,1.927518094,1.993103948,0.96287671,0.775915429,0.771614969
12,Chile,12,CH12,1749,left,20,1.917773432,2.020940719,1.009455681,0.815373598,0.792427753
12,Chile,12,CH12,1750,left,21,1.960499196,2.008145546,1.05347474,0.802226118,0.760345316
12,Chile,12,CH12,1751,left,21,1.92710523,1.951833678,0.993929297,0.76703896,0.791940742
12,Chile,12,CH12,1752,left,19,1.977691946,2.014655027,0.982092752,0.782629954,0.785827638
12,Chile,12,CH12,1753,left,20,1.955721268,1.966504329,0.982804511,0.738922827,0.794615609
12,Chile,12,CH12,1754,left,22,1.980348088,1.958333333,0.916298327,0.73246608,0.750803325
12,Chile,12,CH12,1755,left,23,2.00935793,2.014858483,0.994293129,0.751445367,0.784752949
12,Chile,12,CH12,1756,left,21,1.854634772,1.896647159,0.956545232,0.801624749,0.786686333
12,Chile,12,CH12,1757,left,21,1.938893366,1.993164438,0.972073401,0.78573558,0.778056746
12,Chile,12,CH12,1758,left,21,1.906626278,1.911249389,0.950374561,0.785674201,0.770864614
12,Chile,12,CH12,1759,left,21,1.933550834,2.049564279,1.015718479,0.790721902,0.798641304
12,Chile,12,CH12,1760,left,21,1.920085518,1.993164438,1.003514272,0.770958448,0.791697124
12,Chile,12,CH12,1761,left,20,1.993055556,2.041678477,0.92556706,0.733650237,0.750803325
12,Chile,12,CH12,1762,left,19,1.903195919,1.952883473,0.976775054,0.730983187,0.764677623
12,Chile,12,CH12,1763,left,23,1.968367222,1.980920276,0.984961184,0.774453461,0.794706639
12,Chile,12,CH12,1764,left,22,1.894917361,1.95933042,0.98466737,0.800782073,0.791697124
12,Chile,12,CH12,1765,left,22,1.88353254,1.896036823,0.895806416,0.786226434,0.787207226
12,Chile,12,CH12,1766,left,20,1.905323216,1.938744125,0.987772466,0.81059844,0.771114813
12,Chile,12,CH12,1767,left,21,1.893096824,1.902828466,0.994293129,0.810360431,0.78521371
12,Chile,12,CH12,1768,left,24,1.953994405,1.937811106,1.024982121,0.757231087,0.794706639
12,Chile,12,CH12,1769,left,20,2.027968028,2.036155638,0.978402972,0.746648892,0.777808779
12,Chile,12,CH12,1770,left,20,1.905677535,1.965290047,0.968967767,0.761264431,0.781520015
12,Chile,12,CH12,1771,left,20,2.05654068,2.027884796,0.904005575,0.756785151,0.757071855
12,Chile,12,CH12,1772,left,21,1.984216268,1.965474077,0.941017065,0.766284124,0.772832742
12,Chile,12,CH12,1773,left,22,2.038794749,2.034828875,0.944444444,0.782013516,0.770864614
12,Chile,12,CH12,1774,left,20,1.856713814,1.889093126,0.986257814,0.710440765,0.771927402
12,Chile,12,CH12,1775,left,21,1.948915989,1.993829699,0.991524655,0.752599661,0.771114813
12,Chile,12,CH12,1776,left,22,1.926817424,1.951697781,1.065310372,0.791331557,0.79361359
12,Chile,12,CH12,1777,left,23,1.930568046,1.967350203,0.964753055,0.741886411,0.854731069
12,Chile,12,CH12,1778,left,22,2.012930807,2.013900862,0.882928148,0.732103873,0.758503746
12,Chile,12,CH12,1779,left,18,1.944258424,1.953809294,0.962300565,0.75932983,0.811817139
12,Chile,12,CH12,1780,left,22,1.946192171,1.937699114,0.951059351,0.805375938,0.792153846
12,Chile,12,CH12,1781,left,21,1.953179783,1.972662314,0.944980444,0.758503746,0.799697329
12,Chile,12,CH12,1782,left,22,1.891771697,1.932066255,0.970757826,0.756785151,0.765024409
12,Chile,12,CH12,1783,left,22,1.961532061,1.995099127,0.97541638,0.738890194,0.801474336
12,Chile,12,CH12,1784,left,23,2.001361901,2.020845265,0.913399058,0.757804048,0.788431499
12,Chile,12,CH12,1785,left,19,1.888199425,1.952179555,1.02827034,0.761137723,0.807020937
12,Chile,12,CH12,1786,left,22,1.894828285,1.930667962,0.92946661,0.785674201,0.772364595
12,Chile,12,CH12,1787,left,22,1.898794492,1.910340809,0.877778877,0.80474696,0.80369757
12,Chile,12,CH12,1788,left,21,2.048340378,2.007376924,0.916692971,0.748712887,0.792549459
12,Chile,12,CH12,1789,left,24,2.049740743,2.048658192,0.937988556,0.761517785,0.777808779
12,Chile,12,CH12,1790,left,21,1.843158123,1.847235276,0.869415601,0.79555575,0.794706639
12,Chile,12,CH12,1691,right,22,1.99107044,2.042623075,0.922383269,0.781149685,0.81439712
12,Chile,12,CH12,1692,right,20,1.768489735,1.917471651,0.904005575,0.790721902,0.785490037
12,Chile,12,CH12,1693,right,20,1.915521498,1.912951815,0.95989205,0.790599915,0.799365586
12,Chile,12,CH12,1694,right,22,1.814560876,1.851446715,0.891516299,0.781520015,0.786226434
12,Chile,12,CH12,1695,right,22,1.935607399,1.929131169,0.920158543,0.751317002,0.812974695
12,Chile,12,CH12,1696,right,22,1.956436236,1.968416222,0.988553314,0.775915429,0.820885033
12,Chile,12,CH12,1697,right,21,2.034911823,2.042422385,0.972470206,0.79096582,0.812529677
12,Chile,12,CH12,1698,right,22,1.943514162,1.937151502,0.982976238,0.780902701,0.8126187
12,Chile,12,CH12,1699,right,21,1.990840329,2.021358275,0.968494839,0.776412492,0.772832742
12,Chile,12,CH12,1700,right,20,1.928831164,1.935707056,1.003586355,0.75932983,0.761517785
12,Chile,12,CH12,1701,right,22,2.045076989,2.027884796,0.885246443,0.757804048,0.794706639
12,Chile,12,CH12,1702,right,19,1.843040379,1.884825081,1.011245603,0.758503746,0.771114813
12,Chile,12,CH12,1703,right,20,1.809957241,1.882392833,0.919608075,0.805854829,0.79412994
12,Chile,12,CH12,1704,right,22,1.95084512,1.94761646,1.034559085,0.786226434,0.784845123
12,Chile,12,CH12,1705,right,23,1.847235276,1.883020398,0.876459321,0.802226118,0.80603434
12,Chile,12,CH12,1706,right,21,1.915659961,1.955388349,0.957527842,0.756275188,0.822381741
12,Chile,12,CH12,1707,right,22,2.093977438,2.043980171,0.941426961,0.766095298,0.805585488
12,Chile,12,CH12,1708,right,21,1.905019462,1.915823587,0.975885954,0.741496287,0.778273651
12,Chile,12,CH12,1709,right,21,2.029608192,2.008145546,0.947732227,0.776412492,0.784752949
12,Chile,12,CH12,1710,right,24,1.968232467,1.970681127,0.895483351,0.780779179,0.833593709
12,Chile,12,CH12,1711,right,21,1.923460684,1.944444444,0.972073401,0.78573558,0.777777778
12,Chile,12,CH12,1712,right,22,1.863907518,1.996150327,0.991403054,0.782013516,0.792427753
12,Chile,12,CH12,1713,right,21,1.960757463,1.972332254,0.975490538,0.79096582,0.802256174
12,Chile,12,CH12,1714,right,22,1.999577984,2.022848842,0.967473522,0.746971767,0.751573709
12,Chile,12,CH12,1715,right,20,1.869758621,1.99004079,0.992108134,0.790599915,0.798882804
12,Chile,12,CH12,1716,right,22,1.862820525,1.890726231,1.01676248,0.80474696,0.764015141
12,Chile,12,CH12,1717,right,22,1.864968018,1.912195368,1.02243827,0.787880811,0.805585488
12,Chile,12,CH12,1718,right,20,1.885068133,1.963252293,0.947732227,0.787207226,0.785827638
12,Chile,12,CH12,1719,right,21,1.868881478,1.895629822,0.923010456,0.817264048,0.779295394
12,Chile,12,CH12,1720,right,21,2.008901871,2.032528681,0.980249598,0.771083543,0.784998722
12,Chile,12,CH12,1721,right,22,1.999252368,1.99542542,0.978402972,0.775915429,0.798731875
12,Chile,12,CH12,1722,right,21,1.809570856,1.884825081,0.878986729,0.781149685,0.785490037
12,Chile,12,CH12,1723,right,22,1.935619856,1.911539539,0.941196417,0.830231496,0.840392554
12,Chile,12,CH12,1724,right,23,1.994252931,2.015911341,0.963252271,0.761517785,0.770864614
12,Chile,12,CH12,1725,right,19,1.996150327,2.007917392,0.894432583,0.756785151,0.794706639
12,Chile,12,CH12,1726,right,21,1.851095042,1.855219738,0.900772345,0.781149685,0.79178849
12,Chile,12,CH12,1727,right,21,1.841967254,1.948915989,0.993055556,0.766598729,0.780871822
12,Chile,12,CH12,1728,right,20,1.832715068,1.940683367,0.929336889,0.732992608,0.757071855
12,Chile,12,CH12,1729,right,21,1.829646967,1.898324574,0.971155168,0.76240386,0.770833333
12,Chile,12,CH12,1730,right,20,1.957200224,1.937612004,0.981405046,0.797674572,0.792427753
12,Chile,12,CH12,1731,right,23,1.974617091,1.940683367,0.901173789,0.79096582,0.785827638
12,Chile,12,CH12,1732,right,22,2.008901871,2.005309792,0.99040536,0.8166147,0.798731875
12,Chile,12,CH12,1733,right,22,2.014762741,1.997889029,0.98508358,0.810360431,0.8126187
12,Chile,12,CH12,1734,right,21,2.022252747,1.96924903,0.904645504,0.79096582,0.775324753
12,Chile,12,CH12,1735,right,20,2.01776447,2.029489384,0.919608075,0.766095298,0.791697124
12,Chile,12,CH12,1736,right,21,2.031864223,2.064474831,0.979388273,0.785674201,0.798641304
12,Chile,12,CH12,1737,right,22,1.930967682,1.963755791,0.974921847,0.766095298,0.799697329
12,Chile,12,CH12,1738,right,23,1.972772322,2.002361646,0.997223189,0.849864958,0.819915119
12,Chile,12,CH12,1739,right,19,1.99107044,1.965878883,1.009455681,0.825483865,0.833593709
12,Chile,12,CH12,1740,right,22,1.920198537,1.966271343,0.969564821,0.797674572,0.751156516
12,Chile,12,CH12,1741,right,23,2.007701222,2.049787798,0.953616613,0.801624749,0.834056399
12,Chile,12,CH12,1742,right,22,1.96979996,1.949398451,0.982976238,0.775853274,0.792153846
12,Chile,12,CH12,1743,right,21,1.993636191,1.968820423,0.960369214,0.775853274,0.799697329
12,Chile,12,CH12,1744,right,23,1.799254497,1.874871395,0.957527842,0.726748636,0.772832742
12,Chile,12,CH12,1745,right,20,2.016760405,2.013290141,0.948368075,0.795737584,0.786226434
12,Chile,12,CH12,1746,right,21,1.881483133,1.925728378,0.956620853,0.7464551,0.750514227
12,Chile,12,CH12,1747,right,20,1.813351226,1.919495196,1.002143728,0.797674572,0.805585488
12,Chile,12,CH12,1748,right,22,1.842477721,1.92031155,0.962075022,0.7895928,0.784722222
12,Chile,12,CH12,1749,right,19,1.936404509,2.012235912,1.008547574,0.83104431,0.788431499
12,Chile,12,CH12,1750,right,23,1.928431085,1.99368457,1.079431185,0.82103189,0.804986629
12,Chile,12,CH12,1751,right,22,1.874601295,1.9375,0.941196417,0.776847162,0.81439712
12,Chile,12,CH12,1752,right,19,1.936404509,1.988489252,0.997730836,0.780902701,0.799697329
12,Chile,12,CH12,1753,right,22,1.896494594,1.923661251,0.944163561,0.776101865,0.779295394
12,Chile,12,CH12,1754,right,21,1.947876436,1.964799215,0.893704404,0.757804048,0.77395514
12,Chile,12,CH12,1755,right,21,1.979507768,1.991457935,0.962075022,0.776101865,0.792153846
12,Chile,12,CH12,1756,right,21,1.872503482,1.886564133,0.895483351,0.820414915,0.81395288
12,Chile,12,CH12,1757,right,21,1.922219212,1.927668205,0.95404637,0.819915119,0.776940273
12,Chile,12,CH12,1758,right,22,1.887777962,1.907839982,0.929336889,0.805854829,0.770833333
12,Chile,12,CH12,1759,right,21,1.911678291,1.995775825,1.029489003,0.825892708,0.789898122
12,Chile,12,CH12,1760,right,20,1.924325479,1.950437194,0.991694872,0.7895928,0.821824463
12,Chile,12,CH12,1761,right,20,2.033121763,2.021417919,0.941426961,0.756785151,0.785827638
12,Chile,12,CH12,1762,right,20,1.879726553,1.966504329,0.975193871,0.742795905,0.792153846
12,Chile,12,CH12,1763,right,22,1.942583435,1.958382584,0.994293129,0.786655681,0.77889305
12,Chile,12,CH12,1764,right,20,1.928631135,1.938744125,0.982804511,0.77889305,0.795343557
12,Chile,12,CH12,1765,right,21,1.854387731,1.82703569,0.910146212,0.785919686,0.802256174
12,Chile,12,CH12,1766,right,19,1.857817359,1.897663951,0.989357918,0.769110939,0.744643941
12,Chile,12,CH12,1767,right,20,1.864541304,1.910744676,0.956620853,0.790721902,0.80450722
12,Chile,12,CH12,1768,right,24,1.920085518,1.917119512,0.975193871,0.785919686,0.807976487
12,Chile,12,CH12,1769,right,21,2.016449522,2.028205815,0.925488901,0.795737584,0.771333671
12,Chile,12,CH12,1770,right,19,1.852709581,1.917119512,0.96287671,0.767604599,0.805375938
12,Chile,12,CH12,1771,right,20,1.99107044,1.973982,0.904085591,0.756211419,0.771333671
12,Chile,12,CH12,1772,right,20,1.989131833,1.945448649,0.941017065,0.776101865,0.784845123
12,Chile,12,CH12,1773,right,23,2.008097516,2.010017831,0.913319858,0.776412492,0.771614969
12,Chile,12,CH12,1774,right,21,1.851355547,1.921052249,0.987796877,0.767604599,0.778273651
12,Chile,12,CH12,1775,right,19,1.910681577,1.954549635,0.947350513,0.78573558,0.770864614
12,Chile,12,CH12,1776,right,20,1.935619856,1.932066255,0.987601573,0.815196144,0.805675278
12,Chile,12,CH12,1777,right,24,1.92031155,1.963755791,0.907493028,0.771083543,0.81439712
12,Chile,12,CH12,1778,right,22,2.007713232,2.000590673,0.888237609,0.776412492,0.778552442
12,Chile,12,CH12,1779,right,21,1.944146803,1.891389276,0.96287671,0.761264431,0.798611111
12,Chile,12,CH12,1780,right,21,1.882059755,1.947232624,0.965902076,0.82334875,0.81947387
12,Chile,12,CH12,1781,right,22,1.917031467,1.909924232,0.944163561,0.775915429,0.784845123
12,Chile,12,CH12,1782,right,19,1.859451997,1.938507802,1.01903659,0.742276331,0.757071855
12,Chile,12,CH12,1783,right,20,1.967521785,1.986123252,0.960494745,0.76240386,0.822616272
12,Chile,12,CH12,1784,right,23,2.038073179,2.022276594,0.928843782,0.800420655,0.79178849
12,Chile,12,CH12,1785,right,21,1.901573524,1.951833678,1.021777719,0.776101865,0.787788993
12,Chile,12,CH12,1786,right,21,1.829646967,1.89016501,0.922461691,0.815373598,0.798611111
12,Chile,12,CH12,1787,right,22,1.861344305,1.884454046,0.96617664,0.820414915,0.798882804
12,Chile,12,CH12,1788,right,21,1.968232467,1.96428371,0.911866641,0.771333671,0.785490037
12,Chile,12,CH12,1789,right,24,2.041288703,1.98816182,0.979388273,0.770050904,0.807468992
12,Chile,12,CH12,1790,right,20,1.7971224,1.848057455,0.870136395,0.805375938,0.821325525
12,Ribeirao_Preto,12,RP12,241,left,21,1.959129613,1.980209423,0.944526885,0.772192396,0.785811267
12,Ribeirao_Preto,12,RP12,242,left,22,1.845982455,1.88486257,0.951977134,0.790796905,0.758328982
12,Ribeirao_Preto,12,RP12,243,left,21,2.024736803,1.957861548,0.936322371,0.781503734,0.777823575
12,Ribeirao_Preto,12,RP12,244,left,22,1.981597037,1.941586974,0.909146496,0.738189191,0.760773316
12,Ribeirao_Preto,12,RP12,245,left,24,1.987635227,2.033482596,0.92095135,0.796447914,0.792745884
12,Ribeirao_Preto,12,RP12,246,left,21,1.845146317,1.929465912,0.937994721,0.775028655,0.769565032
12,Ribeirao_Preto,12,RP12,247,left,21,1.781426081,1.910136919,1.009792882,0.741610901,0.729283736
12,Ribeirao_Preto,12,RP12,248,left,21,1.873700253,1.906548618,0.959645949,0.771098749,0.789118156
12,Ribeirao_Preto,12,RP12,249,left,20,1.927978251,1.966156801,0.946490481,0.786302054,0.761343587
12,Ribeirao_Preto,12,RP12,250,left,22,1.918839584,1.93171398,0.913538405,0.72997771,0.75235968
12,Ribeirao_Preto,12,RP12,251,left,22,1.93322657,1.959121197,0.918033493,0.775044802,0.758599109
12,Ribeirao_Preto,12,RP12,252,left,21,1.881111439,1.941987535,0.909191957,0.737158584,0.757071855
12,Ribeirao_Preto,12,RP12,253,left,21,1.857843317,1.953463705,0.986722228,0.79178849,0.769581065
12,Ribeirao_Preto,12,RP12,254,left,22,1.889731226,1.976972468,1.001542021,0.799365586,0.802256174
12,Ribeirao_Preto,12,RP12,255,left,20,1.867280922,1.935707056,0.914401663,0.835096514,0.799456075
12,Ribeirao_Preto,12,RP12,256,left,22,1.966357183,2.028455461,0.921337008,0.780068551,0.751092312
12,Ribeirao_Preto,12,RP12,257,left,22,1.950115737,1.99368457,0.907918058,0.767604599,0.779821224
12,Ribeirao_Preto,12,RP12,258,left,19,1.854114648,1.931804153,0.944980444,0.756785151,0.750514227
12,Ribeirao_Preto,12,RP12,259,left,22,1.877056485,1.95933042,0.957150034,0.757804048,0.782999584
12,Ribeirao_Preto,12,RP12,260,left,21,1.791962723,1.862937019,0.918611153,0.832551717,0.782783988
12,Ribeirao_Preto,12,RP12,261,left,21,1.831675387,1.94252137,0.98429998,0.818914612,0.806303532
12,Ribeirao_Preto,12,RP12,262,left,20,1.805181585,1.927955884,0.91300299,0.838467978,0.806273626
12,Ribeirao_Preto,12,RP12,263,left,23,2.005321816,2.064404751,0.970732986,0.840392554,0.794979666
12,Ribeirao_Preto,12,RP12,264,left,20,1.968710195,1.951685426,0.928220536,0.762909726,0.752887958
12,Ribeirao_Preto,12,RP12,265,left,21,1.790064421,1.968367222,1.026392648,0.79361359,0.771708712
12,Ribeirao_Preto,12,RP12,266,left,22,2.014906352,2.018254368,0.961899564,0.79178849,0.768295371
12,Ribeirao_Preto,12,RP12,267,left,22,1.938196808,1.978496475,0.929233098,0.79178849,0.790081259
12,Ribeirao_Preto,12,RP12,268,left,21,1.845184758,1.932016334,0.999252228,0.795979965,0.768358138
12,Ribeirao_Preto,12,RP12,269,left,23,1.951500096,2.014283965,0.913715789,0.782044349,0.772957534
12,Ribeirao_Preto,12,RP12,270,left,20,1.916389875,1.982684495,1.007614719,0.746648892,0.751156516
12,Ribeirao_Preto,12,RP12,271,left,21,1.825121022,1.906499807,0.887286968,0.768295371,0.746648892
12,Ribeirao_Preto,12,RP12,272,left,21,1.833977686,1.931154983,0.994996161,0.804177461,0.757231087
12,Ribeirao_Preto,12,RP12,273,left,21,1.928155983,1.962478375,0.888509033,0.73246608,0.757453957
12,Ribeirao_Preto,12,RP12,274,left,20,1.948718022,1.975203146,0.935878227,0.769455726,0.762751679
12,Ribeirao_Preto,12,RP12,275,left,19,1.854777781,1.926016346,0.93752572,0.852782302,0.80369757
12,Ribeirao_Preto,12,RP12,276,left,21,1.874292562,1.970093726,1.010410701,0.847677473,0.799456075
12,Ribeirao_Preto,12,RP12,277,left,22,1.870583791,1.831662222,0.944367848,0.828690772,0.790081259
12,Ribeirao_Preto,12,RP12,278,left,21,1.780948778,1.923962062,0.938014262,0.862510064,0.8072898
12,Ribeirao_Preto,12,RP12,279,left,20,1.854075632,1.960449999,0.986037752,0.776598809,0.749774915
12,Ribeirao_Preto,12,RP12,280,left,20,1.782166891,1.869036298,0.95308547,0.798611111,0.808453838
12,Ribeirao_Preto,12,RP12,281,left,21,1.804834258,1.948915989,1.020809713,0.831305403,0.79555575
12,Ribeirao_Preto,12,RP12,282,left,23,1.781206004,1.948668527,0.947833991,0.802797001,0.798490329
12,Ribeirao_Preto,12,RP12,283,left,21,1.9049182,1.975203146,0.990527084,0.753240172,0.783830614
12,Ribeirao_Preto,12,RP12,284,left,21,1.86662223,1.962183469,1.011913029,0.78130401,0.777405665
12,Ribeirao_Preto,12,RP12,285,left,19,1.939129641,1.996573067,0.94722324,0.791605748,0.778397571
12,Ribeirao_Preto,12,RP12,286,left,22,1.770002528,1.877441826,0.968868223,0.747326769,0.74851963
12,Ribeirao_Preto,12,RP12,287,left,21,1.836290229,1.878096723,0.909324553,0.820767529,0.788890112
12,Ribeirao_Preto,12,RP12,288,left,19,1.975117691,1.969151071,0.911945967,0.778087736,0.789134596
12,Ribeirao_Preto,12,RP12,289,left,21,2.005069289,1.976289331,0.954299077,0.793157709,0.806303532
12,Ribeirao_Preto,12,RP12,290,left,23,1.880342184,1.915710309,0.913557437,0.777808779,0.766818876
12,Ribeirao_Preto,12,RP12,291,left,21,1.970375211,2.026076627,0.911416996,0.75932983,0.752375354
12,Ribeirao_Preto,12,RP12,292,left,19,1.842477721,1.840893503,0.876459321,0.809139537,0.786226434
12,Ribeirao_Preto,12,RP12,293,left,21,1.871034902,1.910681577,0.906562579,0.727014018,0.764015141
12,Ribeirao_Preto,12,RP12,294,left,23,1.920198537,1.94475444,0.916298327,0.707174979,0.729199735
12,Ribeirao_Preto,12,RP12,295,left,22,1.87998309,1.911325085,0.965877112,0.78336904,0.771927402
12,Ribeirao_Preto,12,RP12,296,left,23,1.849492131,1.921704832,0.997126466,0.766567274,0.751092312
12,Ribeirao_Preto,12,RP12,297,left,21,1.940981539,2.014283965,0.95308547,0.728405688,0.750321433
12,Ribeirao_Preto,12,RP12,298,left,21,1.993829699,2.038309788,0.970236066,0.837863842,0.803937551
12,Ribeirao_Preto,12,RP12,299,left,20,1.897575004,1.959195043,0.94834265,0.785827638,0.768922808
12,Ribeirao_Preto,12,RP12,300,left,21,1.941093342,2.011253064,0.958358494,0.774328911,0.776567759
12,Ribeirao_Preto,12,RP12,241,right,22,1.909998061,1.898475544,0.876743629,0.752071192,0.769815644
12,Ribeirao_Preto,12,RP12,242,right,23,1.826826053,1.842648714,0.886534451,0.731890982,0.765008471
12,Ribeirao_Preto,12,RP12,243,right,23,2.030064817,1.957910808,0.873133517,0.733240454,0.801608048
12,Ribeirao_Preto,12,RP12,244,right,23,2.014146235,1.954656947,0.913195223,0.704974697,0.762008364
12,Ribeirao_Preto,12,RP12,245,right,22,1.972291165,1.913617694,0.875422568,0.735046832,0.801728356
12,Ribeirao_Preto,12,RP12,246,right,23,1.829727454,1.884875362,0.886180811,0.760773316,0.777668565
12,Ribeirao_Preto,12,RP12,247,right,21,1.780031427,1.840396662,0.980598077,0.726102838,0.761343587
12,Ribeirao_Preto,12,RP12,248,right,22,1.873700253,1.899364373,0.954228661,0.73769908,0.779804978
12,Ribeirao_Preto,12,RP12,249,right,21,1.958735739,1.923420613,0.854910711,0.75466361,0.773097388
12,Ribeirao_Preto,12,RP12,250,right,21,1.939897319,1.896315224,0.883892342,0.711240051,0.773035009
12,Ribeirao_Preto,12,RP12,251,right,22,1.990489056,1.895464453,0.876459321,0.71338747,0.768075648
12,Ribeirao_Preto,12,RP12,252,right,20,1.882353617,1.915670399,0.833315973,0.728092528,0.756450705
12,Ribeirao_Preto,12,RP12,253,right,19,1.857882482,1.881687415,0.909809284,0.722507588,0.76150192
12,Ribeirao_Preto,12,RP12,254,right,23,1.895844711,1.937297845,0.957633794,0.731297743,0.815208739
12,Ribeirao_Preto,12,RP12,255,right,19,1.861124161,1.871266532,0.839686167,0.785719211,0.810343549
12,Ribeirao_Preto,12,RP12,256,right,25,1.972291165,1.945618809,0.87025681,0.72997771,0.775184193
12,Ribeirao_Preto,12,RP12,257,right,21,1.927628046,1.92392198,0.887485858,0.726102838,0.755908641
12,Ribeirao_Preto,12,RP12,258,right,19,1.875166684,1.910225278,0.920453772,0.72782755,0.78196639
12,Ribeirao_Preto,12,RP12,259,right,22,1.857882482,1.892840846,0.947203507,0.73769908,0.785074511
12,Ribeirao_Preto,12,RP12,260,right,21,1.844884946,1.850118377,0.885963116,0.768059646,0.773939016
12,Ribeirao_Preto,12,RP12,261,right,20,1.835871138,1.839204054,0.922965104,0.778164487,0.819456798
12,Ribeirao_Preto,12,RP12,262,right,21,1.867913375,1.890648582,0.872221744,0.809003472,0.799409258
12,Ribeirao_Preto,12,RP12,263,right,21,2.026415211,2.044279663,0.925365401,0.800373855,0.816066029
12,Ribeirao_Preto,12,RP12,264,right,19,1.983068793,1.931826315,0.830765827,0.730208888,0.773596241
12,Ribeirao_Preto,12,RP12,265,right,21,1.833347747,1.895908301,0.940048914,0.737306757,0.752872273
12,Ribeirao_Preto,12,RP12,266,right,22,1.993316464,1.943473673,0.881269672,0.730473002,0.769846964
12,Ribeirao_Preto,12,RP12,267,right,21,1.911209573,1.920497546,0.882909754,0.743332068,0.788873677
12,Ribeirao_Preto,12,RP12,268,right,22,1.816767382,1.883787714,0.945878889,0.739624978,0.767180141
12,Ribeirao_Preto,12,RP12,269,right,22,1.965543538,1.959781792,0.836204425,0.733240454,0.780268642
12,Ribeirao_Preto,12,RP12,270,right,20,1.892114622,1.941934662,0.965357581,0.712324052,0.775184193
12,Ribeirao_Preto,12,RP12,271,right,22,1.834700669,1.889935372,0.894513455,0.729992918,0.765055927
12,Ribeirao_Preto,12,RP12,272,right,22,1.86362289,1.895019158,0.947630451,0.751573709,0.776598809
12,Ribeirao_Preto,12,RP12,273,right,21,1.910984431,1.904399147,0.846026023,0.686692848,0.76227734
12,Ribeirao_Preto,12,RP12,274,right,21,1.966467543,1.95157423,0.924628721,0.734734037,0.751573709
12,Ribeirao_Preto,12,RP12,275,right,20,1.866286337,1.895464453,0.858025385,0.810866116,0.843828586
12,Ribeirao_Preto,12,RP12,276,right,22,1.921202865,1.90548773,0.927388891,0.785827638,0.80519628
12,Ribeirao_Preto,12,RP12,277,right,23,1.861577471,1.812712844,0.869831517,0.794372811,0.795434504
12,Ribeirao_Preto,12,RP12,278,right,20,1.840487409,1.846778351,0.894567366,0.770207454,0.820179755
12,Ribeirao_Preto,12,RP12,279,right,21,1.857427948,1.921052249,0.940068498,0.720918963,0.78336904
12,Ribeirao_Preto,12,RP12,280,right,20,1.773676911,1.826441698,0.916798181,0.802797001,0.827904772
12,Ribeirao_Preto,12,RP12,281,right,21,1.833977686,1.850886612,0.905444779,0.740813075,0.779821224
12,Ribeirao_Preto,12,RP12,282,right,20,1.793294373,1.868997594,0.912263203,0.722923004,0.790569415
12,Ribeirao_Preto,12,RP12,283,right,20,1.865834078,1.940323013,0.948647714,0.705194571,0.762751679
12,Ribeirao_Preto,12,RP12,284,right,20,1.882149435,1.907182655,0.954450669,0.698771243,0.768922808
12,Ribeirao_Preto,12,RP12,285,right,21,1.993829699,1.965326855,0.866248118,0.743347554,0.781797648
12,Ribeirao_Preto,12,RP12,286,right,22,1.788177589,1.840526713,0.875247981,0.726117965,0.774795871
12,Ribeirao_Preto,12,RP12,287,right,21,1.820292423,1.831820188,0.825892708,0.765811973,0.807020937
12,Ribeirao_Preto,12,RP12,288,right,23,1.988695386,1.909633836,0.848615657,0.741528805,0.780408497
12,Ribeirao_Preto,12,RP12,289,right,22,1.972222222,1.933712946,0.889458368,0.757835867,0.788523243
12,Ribeirao_Preto,12,RP12,290,right,23,1.924062322,1.864489575,0.826418067,0.742666045,0.766347055
12,Ribeirao_Preto,12,RP12,291,right,20,1.961482889,1.95568428,0.88071327,0.72182147,0.776598809
12,Ribeirao_Preto,12,RP12,292,right,20,1.792151097,1.793832132,0.805854829,0.74851963,0.781982681
12,Ribeirao_Preto,12,RP12,293,right,20,1.861577471,1.882187869,0.842112322,0.69572798,0.768922808
12,Ribeirao_Preto,12,RP12,294,right,22,1.917371046,1.889310104,0.860943084,0.711220966,0.758599109
12,Ribeirao_Preto,12,RP12,295,right,22,1.945237933,1.923097103,0.937165578,0.76703896,0.78336904
12,Ribeirao_Preto,12,RP12,296,right,23,1.869191105,1.915710309,0.943857048,0.744449627,0.752375354
12,Ribeirao_Preto,12,RP12,297,right,24,1.961753318,1.986305352,0.922775311,0.731906229,0.757199244
12,Ribeirao_Preto,12,RP12,298,right,24,2.013290141,2.00741296,0.952781827,0.752823902,0.791697124
12,Ribeirao_Preto,12,RP12,299,right,21,1.932964624,1.988489252,0.938553934,0.733913123,0.772832742
12,Ribeirao_Preto,12,RP12,300,right,20,2.008973887,1.978496475,0.89806462,0.747939557,0.777405665
